proposed_canonical_org_id,proposed_canonical_name,cohort,member_candidate_ids,member_names,has_legacy,has_lovable,legacy_count,lovable_count,match_status,match_reason,confidence,requires_human_review,blocking_issue
ORG-A01-01,جمعية المشي والجري,4,ORG-A01-01 | LEG-ORG-B4-027,جمعية المشي والجري | جمعية المشي والجري,true,true,1,1,EXACT_SAME_ORGANIZATION,"score=1.0, jaccard=1.0",1.0,False,
ORG-A01-02,مؤسسة الاميرة العنود,4,ORG-A01-02 | LEG-ORG-B4-023,مؤسسة الاميرة العنود | مؤسسة الاميرة العنود,true,true,1,1,EXACT_SAME_ORGANIZATION,"score=1.0, jaccard=1.0",1.0,False,
ORG-A01-03,جمعية ابتسم لخدمات طب الأسنان التطوعية,4,ORG-A01-03 | LEG-ORG-B4-024,جمعية ابتسم لخدمات طب الأسنان التطوعية | جمعية ابتسم لخدمات طب الأسنان التطوعية,true,true,1,1,EXACT_SAME_ORGANIZATION,"score=1.0, jaccard=1.0",1.0,False,
ORG-A01-04,جمعية أطفال طيبة,4,ORG-A01-04 | LEG-ORG-B4-022,جمعية أطفال طيبة | جمعية أطفال طيبة,true,true,1,1,EXACT_SAME_ORGANIZATION,"score=1.0, jaccard=1.0",1.0,False,
ORG-A01-05,جمعية ساعد القانونية لخدمة الأرامل والايتام,4,ORG-A01-05 | LEG-ORG-B4-026,جمعية ساعد القانونية لخدمة الأرامل والايتام | جمعية ساعد القانونية لخدمة الأرامل والايتام,true,true,1,1,EXACT_SAME_ORGANIZATION,"score=1.0, jaccard=1.0",1.0,False,
ORG-A02-01,جمعية عمارة للعناية بالمساجد بجازان,3,ORG-A02-01 | LEG-ORG-B3-019,جمعية عمارة للعناية بالمساجد بجازان | جمعية عمارة للعناية بالمساجد بجازان,true,true,1,1,EXACT_SAME_ORGANIZATION,"score=1.0, jaccard=1.0",1.0,False,
ORG-A02-02,جمعية التنمية الأهلية بتبوك شيم,3,ORG-A02-02 | LEG-ORG-B3-020,جمعية التنمية الأهلية بتبوك شيم | جمعية التنمية الأهلية بتبوك شيم,true,true,1,1,EXACT_SAME_ORGANIZATION,"score=1.0, jaccard=1.0",1.0,False,
ORG-A02-03,جمعية مواساة لإكرام الموتى بعسير,3,ORG-A02-03 | LEG-ORG-B3-016,جمعية مواساة لإكرام الموتى بعسير | جمعية مواساة لإكرام الموتى بعسير,true,true,1,1,EXACT_SAME_ORGANIZATION,"score=1.0, jaccard=1.0",1.0,False,
ORG-A02-04,جمعية الإسكان التنموي بعسير,3,ORG-A02-04 | LEG-ORG-B3-018,جمعية الإسكان التنموي بعسير | جمعية الإسكان التنموي بعسير,true,true,1,1,EXACT_SAME_ORGANIZATION,"score=1.0, jaccard=1.0",1.0,False,
ORG-A02-05,جمعية نُبل الشبابية,3,ORG-A02-05 | LEG-ORG-B3-023,جمعية نُبل الشبابية | جمعية نُبل الشبابية,true,true,1,1,EXACT_SAME_ORGANIZATION,"score=1.0, jaccard=1.0",1.0,False,
ORG-A02-06,جمعية التنمية الأهلية برفحاء,3,ORG-A02-06 | LEG-ORG-B3-021,جمعية التنمية الأهلية برفحاء | جمعية التنمية الأهلية برفحاء,true,true,1,1,EXACT_SAME_ORGANIZATION,"score=1.0, jaccard=1.0",1.0,False,
ORG-A03-01,جمعية البر لقرى جنوب مكة,3,ORG-A03-01 | LEG-ORG-B3-028,جمعية البر لقرى جنوب مكة | جمعية البر لقرى جنوب مكة,true,true,1,1,EXACT_SAME_ORGANIZATION,"score=1.0, jaccard=1.0",1.0,False,
ORG-A03-02,جمعية التنمية الإيجابية,3,ORG-A03-02 | LEG-ORG-B3-027,جمعية التنمية الإيجابية | جمعية التنمية الإيجابية,true,true,1,1,EXACT_SAME_ORGANIZATION,"score=1.0, jaccard=1.0",1.0,False,
ORG-A03-03,جمعية نماء المكية للسقاية والرفادة,3,ORG-A03-03 | LEG-ORG-B3-025,جمعية نماء المكية للسقاية والرفادة | جمعية نماء المكية للسقاية والرفادة,true,true,1,1,EXACT_SAME_ORGANIZATION,"score=1.0, jaccard=1.0",1.0,False,
ORG-A03-04,جمعية عطاء الاهلية بجدة,3,ORG-A03-04 | LEG-ORG-B3-024,جمعية عطاء الاهلية بجدة | جمعية عطاء الاهلية بجدة,true,true,1,1,EXACT_SAME_ORGANIZATION,"score=1.0, jaccard=1.0",1.0,False,
ORG-A03-05,جمعية خبير للمختبرات الطبية,3,ORG-A03-05 | LEG-ORG-B3-029,جمعية خبير للمختبرات الطبية | جمعية خبير للمختبرات الطبية,true,true,1,1,EXACT_SAME_ORGANIZATION,"score=1.0, jaccard=1.0",1.0,False,
ORG-A04-01,جمعية أفق لتطوير العمل الخيري والتطوعي,3,ORG-A04-01 | LEG-ORG-B3-013,جمعية أفق لتطوير العمل الخيري والتطوعي | جمعية أفق لتطوير العمل الخيري والتطوعي,true,true,1,1,EXACT_SAME_ORGANIZATION,"score=1.0, jaccard=1.0",1.0,False,
ORG-A04-02,جمعية افاق الشبابية,3,ORG-A04-02 | LEG-ORG-B3-014,جمعية افاق الشبابية | جمعية افاق الشبابية,true,true,1,1,EXACT_SAME_ORGANIZATION,"score=1.0, jaccard=1.0",1.0,False,
ORG-A04-03,جمعية تحفيظ القرآن الكريم بمحايل عسير ( تَعَاهَد),3,ORG-A04-03 | LEG-ORG-B3-012,جمعية تحفيظ القرآن الكريم بمحايل عسير ( تَعَاهَد) | جمعية تحفيظ القرآن الكريم بمحايل عسير ( تَعَاهَد),true,true,1,1,EXACT_SAME_ORGANIZATION,"score=1.0, jaccard=1.0",1.0,False,
ORG-A04-04,جمعية عبق الشبابية,3,ORG-A04-04 | LEG-ORG-B3-011,جمعية عبق الشبابية | جمعية عبق الشبابية,true,true,1,1,EXACT_SAME_ORGANIZATION,"score=1.0, jaccard=1.0",1.0,False,
ORG-A04-05,اللجنة الوطنية لرعاية السجناء والمفرج عنهم وأسرهم ( بعسير ),3,ORG-A04-05 | LEG-ORG-B3-010,اللجنة الوطنية لرعاية السجناء والمفرج عنهم وأسرهم ( بعسير ) | اللجنة الوطنية لرعاية السجناء والمفرج عنهم وأسرهم ( بعسير ),true,true,1,1,EXACT_SAME_ORGANIZATION,"score=1.0, jaccard=1.0",1.0,False,
ORG-A05-01,جمعية التنمية الأهلية بالباحر,3,ORG-A05-01 | LEG-ORG-B3-007,جمعية التنمية الأهلية بالباحر | جمعية التنمية الأهلية بالباحر,true,true,1,1,EXACT_SAME_ORGANIZATION,"score=1.0, jaccard=1.0",1.0,False,
ORG-A05-02,جمعية الدعوة والارشاد وتوعوية الجاليات بصناعية نجران إشراقة,3,ORG-A05-02 | LEG-ORG-B3-008,جمعية الدعوة والارشاد وتوعوية الجاليات بصناعية نجران إشراقة | جمعية الدعوة والارشاد وتوعوية الجاليات بصناعية نجران إشراقة,true,true,1,1,EXACT_SAME_ORGANIZATION,"score=1.0, jaccard=1.0",1.0,False,
ORG-A05-03,جمعية التنمية الأهلية بالشقيق,3,ORG-A05-03 | LEG-ORG-B3-002,جمعية التنمية الأهلية بالشقيق | جمعية التنمية الأهلية بالشقيق,true,true,1,1,EXACT_SAME_ORGANIZATION,"score=1.0, jaccard=1.0",1.0,False,
ORG-A05-04,الجمعية الخيرية لتحفيظ القران الكريم بنجران رتل,3,ORG-A05-04 | LEG-ORG-B3-006,الجمعية الخيرية لتحفيظ القران الكريم بنجران رتل | الجمعية الخيرية لتحفيظ القران الكريم بنجران رتل,true,true,1,1,EXACT_SAME_ORGANIZATION,"score=1.0, jaccard=1.0",1.0,False,
ORG-A05-05,جمعية البر ايتاء ببيشة,3,ORG-A05-05 | LEG-ORG-B3-003,جمعية البر ايتاء ببيشة | جمعية البر ايتاء ببيشة,true,true,1,1,EXACT_SAME_ORGANIZATION,"score=1.0, jaccard=1.0",1.0,False,
ORG-A05-06,جمعية البر الخيرية بمحافظة بني حسن,3,ORG-A05-06 | LEG-ORG-B3-005,جمعية البر الخيرية بمحافظة بني حسن | جمعية البر الخيرية بمحافظة بني حسن,true,true,1,1,EXACT_SAME_ORGANIZATION,"score=1.0, jaccard=1.0",1.0,False,
ORG-A05-07,جمعية التنمية الأهلية بوادي جازان,3,ORG-A05-07 | LEG-ORG-B3-004,جمعية التنمية الأهلية بوادي جازان | جمعية التنمية الأهلية بوادي جازان,true,true,1,1,EXACT_SAME_ORGANIZATION,"score=1.0, jaccard=1.0",1.0,False,
ORG-A06-01,جمعية الخدمات الاجتماعية بنمران,4,ORG-A06-01 | LEG-ORG-B4-002,جمعية الخدمات الاجتماعية بنمران | جمعية الخدمات الاجتماعية بنمران,true,true,1,1,EXACT_SAME_ORGANIZATION,"score=1.0, jaccard=1.0",1.0,False,
ORG-A06-02,جمعية التنمية الأهلية بأحد المسارحة,4,ORG-A06-02 | LEG-ORG-B4-004,جمعية التنمية الأهلية بأحد المسارحة | جمعية التنمية الأهلية بأحد المسارحة,true,true,1,1,EXACT_SAME_ORGANIZATION,"score=1.0, jaccard=1.0",1.0,False,
ORG-A06-03,ديوان وزارة الداخلية,4,ORG-A06-03 | LEG-ORG-B4-001,ديوان وزارة الداخلية | ديوان وزارة الداخلية,true,true,1,1,EXACT_SAME_ORGANIZATION,"score=1.0, jaccard=1.0",1.0,False,
ORG-A06-04,جمعيه جمان التعليمية,4,ORG-A06-04 | LEG-ORG-B4-006,جمعيه جمان التعليمية | جمعية جمان التعليمية,true,true,1,1,EXACT_SAME_ORGANIZATION,"score=1.0, jaccard=1.0",1.0,False,
ORG-A06-05,جمعية ترميم للتنمية,4,ORG-A06-05 | LEG-ORG-B4-005,جمعية ترميم للتنمية | جمعية ترميم للتنمية,true,true,1,1,EXACT_SAME_ORGANIZATION,"score=1.0, jaccard=1.0",1.0,False,
ORG-A06-06,جمعية وسم للتصلب المتعدد,4,ORG-A06-06 | LEG-ORG-B4-003,جمعية وسم للتصلب المتعدد | جمعية وسم للتصلب المتعدد,true,true,1,1,EXACT_SAME_ORGANIZATION,"score=1.0, jaccard=1.0",1.0,False,
ORG-A06-07,جمعية أصول للمحتوى الدعوي,4,ORG-A06-07 | LEG-ORG-B4-007,جمعية أصول للمحتوى الدعوي | جمعية أصول للمحتوى الدعوي,true,true,1,1,EXACT_SAME_ORGANIZATION,"score=1.0, jaccard=1.0",1.0,False,
ORG-A07-01,جمعية سقيا الخيرية,4,ORG-A07-01 | LEG-ORG-B4-010,جمعية سقيا الخيرية | جمعية سقيا الخيرية,true,true,1,1,EXACT_SAME_ORGANIZATION,"score=1.0, jaccard=1.0",1.0,False,
ORG-A07-02,هيئة تطوير محمية الإمام عبدالعزيز بن محمد الملكية,4,ORG-A07-02 | LEG-ORG-B4-014,هيئة تطوير محمية الإمام عبدالعزيز بن محمد الملكية | هيئة تطوير محمية الإمام عبدالعزيز بن محمد الملكية,true,true,1,1,EXACT_SAME_ORGANIZATION,"score=1.0, jaccard=1.0",1.0,False,
ORG-A07-03,جمعية التنمية الأهلية ببداء,4,ORG-A07-03 | LEG-ORG-B4-011,جمعية التنمية الأهلية ببداء | جمعية التنمية الأهلية ببداء,true,true,1,1,EXACT_SAME_ORGANIZATION,"score=1.0, jaccard=1.0",1.0,False,
ORG-A07-04,جمعية البر الخيرية بمركز حقال,4,ORG-A07-04 | LEG-ORG-B4-012,جمعية البر الخيرية بمركز حقال | جمعية البر الخيرية بمركز حقال,true,true,1,1,EXACT_SAME_ORGANIZATION,"score=1.0, jaccard=1.0",1.0,False,
ORG-A07-05,جمعية حرف التعليمية,4,ORG-A07-05 | LEG-ORG-B4-013,جمعية حرف التعليمية | جمعية حرف التعليمية,true,true,1,1,EXACT_SAME_ORGANIZATION,"score=1.0, jaccard=1.0",1.0,False,
ORG-A07-06,هيئة تطويرمنطقة المدينة المنورة,4,ORG-A07-06 | LEG-ORG-B4-008,هيئة تطويرمنطقة المدينة المنورة | هيئة تطويرمنطقة المدينة المنورة,true,true,1,1,EXACT_SAME_ORGANIZATION,"score=1.0, jaccard=1.0",1.0,False,
ORG-A07-07,جمعية مجلس حي اجيال الاجتماعي,4,ORG-A07-07 | LEG-ORG-B4-009,جمعية مجلس حي اجيال الاجتماعي | جمعية مجلس حي اجيال الاجتماعي,true,true,1,1,EXACT_SAME_ORGANIZATION,"score=1.0, jaccard=1.0",1.0,False,
ORG-A08-01,جمعية البر الخيرية بالقنفذة,4,ORG-A08-01 | LEG-ORG-B4-018,جمعية البر الخيرية بالقنفذة | جمعية البر الخيرية بالقنفذة,true,true,1,1,EXACT_SAME_ORGANIZATION,"score=1.0, jaccard=1.0",1.0,False,
ORG-A08-02,صندوق الشهداء والمصابين والأسرى والمفقودين,4,ORG-A08-02 | LEG-ORG-B4-035,صندوق الشهداء والمصابين والأسرى والمفقودين | صندوق الشهداء,true,true,1,1,PROBABLE_NAME_VARIANT,"score=0.9064, jaccard=0.4",0.9064,True,
ORG-A08-03,جمعية مسارات الشبابية,4,ORG-A08-03 | LEG-ORG-B4-020,جمعية مسارات الشبابية | جمعية مسارات الشبابية,true,true,1,1,EXACT_SAME_ORGANIZATION,"score=1.0, jaccard=1.0",1.0,False,
ORG-A08-04,جمعية كفاءات الأهلية لبناء قدرات الشباب,4,ORG-A08-04 | LEG-ORG-B4-030,جمعية كفاءات الأهلية لبناء قدرات الشباب | جمعية كفاءات الأهلية لبناء قدرات الشباب,true,true,1,1,EXACT_SAME_ORGANIZATION,"score=1.0, jaccard=1.0",1.0,False,
ORG-A08-05,جمعية مُعان الاهلية بمكة,4,ORG-A08-05 | LEG-ORG-B4-032,جمعية مُعان الاهلية بمكة | جمعية مُعان الاهلية بمكة,true,true,1,1,EXACT_SAME_ORGANIZATION,"score=1.0, jaccard=1.0",1.0,False,
ORG-A08-06,أمانة المنطقة الشرقية,4,ORG-A08-06 | LEG-ORG-B4-021,أمانة المنطقة الشرقية | أمانة المنطقة الشرقية,true,true,1,1,EXACT_SAME_ORGANIZATION,"score=1.0, jaccard=1.0",1.0,False,
ORG-A08-07,جمعية بلسم الاهلية لمساندة مرضى السرطان,4,ORG-A08-07 | LEG-ORG-B4-031,جمعية بلسم الاهلية لمساندة مرضى السرطان | جمعية بلسم الاهلية لمساندة مرضى السرطان,true,true,1,1,EXACT_SAME_ORGANIZATION,"score=1.0, jaccard=1.0",1.0,False,
ORG-A08-08,وزارة النقل والخدمات اللوجستية,4,ORG-A08-08 | LEG-ORG-B4-028,وزارة النقل والخدمات اللوجستية | وزارة النقل والخدمات اللوجستية,true,true,1,1,EXACT_SAME_ORGANIZATION,"score=1.0, jaccard=1.0",1.0,False,
ORG-A08-09,جمعية ميراث العلمية,4,ORG-A08-09 | LEG-ORG-B4-017,جمعية ميراث العلمية | جمعية ميراث العلمية,true,true,1,1,EXACT_SAME_ORGANIZATION,"score=1.0, jaccard=1.0",1.0,False,
ORG-A08-10,التأمينات الاجتماعية,4,ORG-A08-10 | LEG-ORG-B4-015,التأمينات الاجتماعية | التأمينات الاجتماعية,true,true,1,1,EXACT_SAME_ORGANIZATION,"score=1.0, jaccard=1.0",1.0,False,
ORG-A08-11,جمعية صدارة,4,ORG-A08-11 | LEG-ORG-B4-029,جمعية صدارة | جمعية صدارة,true,true,1,1,EXACT_SAME_ORGANIZATION,"score=1.0, jaccard=1.0",1.0,False,
ORG-A08-12,إمارة الجوف,4,ORG-A08-12 | LEG-ORG-B4-034,إمارة الجوف | إمارة الجوف,true,true,1,1,EXACT_SAME_ORGANIZATION,"score=1.0, jaccard=1.0",1.0,False,
ORG-A08-13,جمعية مسكن للإسكان التنموي,4,ORG-A08-13 | LEG-ORG-B4-016,جمعية مسكن للإسكان التنموي | جمعية مسكن للإسكان التنموي,true,true,1,1,EXACT_SAME_ORGANIZATION,"score=1.0, jaccard=1.0",1.0,False,
ORG-A08-14,وزارة الخارجية,4,ORG-A08-14 | LEG-ORG-B4-033,وزارة الخارجية | وزارة الخارجية,true,true,1,1,EXACT_SAME_ORGANIZATION,"score=1.0, jaccard=1.0",1.0,False,
ORG-A08-15,جمعية رواء للتنمية الأسرية,4,ORG-A08-15 | LEG-ORG-B4-019,جمعية رواء للتنمية الأسرية | جمعية رواء للتنمية الأسرية,true,true,1,1,EXACT_SAME_ORGANIZATION,"score=1.0, jaccard=1.0",1.0,False,
LEG-ORG-B1-001,جمعية بنيان للخدمات الاجتماعية,1,LEG-ORG-B1-001,جمعية بنيان للخدمات الاجتماعية,true,false,1,0,LEGACY_ONLY,no_lovable_crosswalk_peer,,false,
LEG-ORG-B1-002,جمعية البرهان لخدمة السنة والقرآن,1,LEG-ORG-B1-002,جمعية البرهان لخدمة السنة والقرآن,true,false,1,0,LEGACY_ONLY,no_lovable_crosswalk_peer,,false,
LEG-ORG-B1-003,جمعية الصم وضعاف السمع وذويهم,1,LEG-ORG-B1-003,جمعية الصم وضعاف السمع وذويهم,true,false,1,0,LEGACY_ONLY,no_lovable_crosswalk_peer,,false,
LEG-ORG-B1-004,جمعية أفق للاسكان التنموي,1,LEG-ORG-B1-004,جمعية أفق للاسكان التنموي,true,false,1,0,LEGACY_ONLY,no_lovable_crosswalk_peer,,false,
LEG-ORG-B1-005,الجمعية الخيرية لتيسير الزواج ورعاية الأسرة,1,LEG-ORG-B1-005,الجمعية الخيرية لتيسير الزواج ورعاية الأسرة,true,false,1,0,LEGACY_ONLY,no_lovable_crosswalk_peer,,false,
LEG-ORG-B1-006,جمعية التنمية الأهلية بالحزام الذهبي,1,LEG-ORG-B1-006,جمعية التنمية الأهلية بالحزام الذهبي,true,false,1,0,LEGACY_ONLY,no_lovable_crosswalk_peer,,false,
LEG-ORG-B1-007,جمعية الجبيل الأهلية,1,LEG-ORG-B1-007,جمعية الجبيل الأهلية,true,false,1,0,LEGACY_ONLY,no_lovable_crosswalk_peer,,false,
LEG-ORG-B1-008,جمعية تواصل للتنمية الأهلية بأحياء الجامعيين والنزهة وهجر والفردوس,1,LEG-ORG-B1-008,جمعية تواصل للتنمية الأهلية بأحياء الجامعيين والنزهة وهجر والفردوس,true,false,1,0,LEGACY_ONLY,no_lovable_crosswalk_peer,,false,
LEG-ORG-B1-009,جمعية المعمار,1,LEG-ORG-B1-009,جمعية المعمار,true,false,1,0,LEGACY_ONLY,no_lovable_crosswalk_peer,,false,
LEG-ORG-B1-010,الجمعية التكاملية لذوي الإعاقة,1,LEG-ORG-B1-010,الجمعية التكاملية لذوي الإعاقة,true,false,1,0,LEGACY_ONLY,no_lovable_crosswalk_peer,,false,
LEG-ORG-B1-011,الجمعية السعودية لاضطراب فرط الحركة (إشراق ),1,LEG-ORG-B1-011,الجمعية السعودية لاضطراب فرط الحركة (إشراق ),true,false,1,0,LEGACY_ONLY,no_lovable_crosswalk_peer,,false,
LEG-ORG-B1-012,جمعية دار السلام لإكرام الموتى,1,LEG-ORG-B1-012,جمعية دار السلام لإكرام الموتى,true,false,1,0,LEGACY_ONLY,no_lovable_crosswalk_peer,,false,
LEG-ORG-B1-013,المؤسسة الخيرية لرعاية الأيتام - إخاء,1,LEG-ORG-B1-013,المؤسسة الخيرية لرعاية الأيتام - إخاء,true,false,1,0,LEGACY_ONLY,no_lovable_crosswalk_peer,,false,
LEG-ORG-B1-014,جمعية المحترفون للبحث والإنقاذ,1,LEG-ORG-B1-014,جمعية المحترفون للبحث والإنقاذ,true,false,1,0,LEGACY_ONLY,no_lovable_crosswalk_peer,,false,
LEG-ORG-B1-015,جمعية مكث النسائية للريادة الشبابية,1,LEG-ORG-B1-015,جمعية مكث النسائية للريادة الشبابية,true,false,1,0,LEGACY_ONLY,no_lovable_crosswalk_peer,,false,
LEG-ORG-B1-016,جمعية وفاء للخدمات القانونية للمرأة,1,LEG-ORG-B1-016,جمعية وفاء للخدمات القانونية للمرأة,true,false,1,0,LEGACY_ONLY,no_lovable_crosswalk_peer,,false,
LEG-ORG-B1-017,مؤسسة عبدالمنعم الراشد الإنسانية,1,LEG-ORG-B1-017,مؤسسة عبدالمنعم الراشد الإنسانية,true,false,1,0,LEGACY_ONLY,no_lovable_crosswalk_peer,,false,
LEG-ORG-B1-018,جمعية واعد الشبابية,1,LEG-ORG-B1-018,جمعية واعد الشبابية,true,false,1,0,LEGACY_ONLY,no_lovable_crosswalk_peer,,false,
LEG-ORG-B1-019,جمعية التنمية الأهلية بالصالحية,1,LEG-ORG-B1-019,جمعية التنمية الأهلية بالصالحية,true,false,1,0,LEGACY_ONLY,no_lovable_crosswalk_peer,,false,
LEG-ORG-B1-020,جمعية العناية بشؤون الموتى إحسان,1,LEG-ORG-B1-020,جمعية العناية بشؤون الموتى إحسان,true,false,1,0,LEGACY_ONLY,no_lovable_crosswalk_peer,,false,
LEG-ORG-B1-021,جمعية التنمية الأهلية بالملاحة,1,LEG-ORG-B1-021,جمعية التنمية الأهلية بالملاحة,true,false,1,0,LEGACY_ONLY,no_lovable_crosswalk_peer,,false,
LEG-ORG-B1-022,جمعية سند للمسؤولية الاجتماعية بالأحساء,1,LEG-ORG-B1-022,جمعية سند للمسؤولية الاجتماعية بالأحساء,true,false,1,0,LEGACY_ONLY,no_lovable_crosswalk_peer,,false,
LEG-ORG-B1-023,جمعية العمل التطوعي,1,LEG-ORG-B1-023,جمعية العمل التطوعي,true,false,1,0,LEGACY_ONLY,no_lovable_crosswalk_peer,,false,
LEG-ORG-B1-024,بيت الثقافة بالدمام (مشروع هيئة المكتبات),1,LEG-ORG-B1-024,بيت الثقافة بالدمام (مشروع هيئة المكتبات),true,false,1,0,LEGACY_ONLY,no_lovable_crosswalk_peer,,false,
LEG-ORG-B2-001,جمعية عروى الخيرية,2,LEG-ORG-B2-001,جمعية عروى الخيرية,true,false,1,0,LEGACY_ONLY,no_lovable_crosswalk_peer,,false,
LEG-ORG-B2-002,جمعية مكافحة السمنة بمنطقة حائل,2,LEG-ORG-B2-002,جمعية مكافحة السمنة بمنطقة حائل,true,false,1,0,LEGACY_ONLY,no_lovable_crosswalk_peer,,false,
LEG-ORG-B2-003,جمعية ابوة لرعاية الايتام بعنيزة,2,LEG-ORG-B2-003,جمعية ابوة لرعاية الايتام بعنيزة,true,false,1,0,LEGACY_ONLY,no_lovable_crosswalk_peer,,false,
LEG-ORG-B2-004,جمعية حوائج لحفظ النعمة,2,LEG-ORG-B2-004,جمعية حوائج لحفظ النعمة,true,false,1,0,LEGACY_ONLY,no_lovable_crosswalk_peer,,false,
LEG-ORG-B2-005,جمعية طب القدم والكاحل,2,LEG-ORG-B2-005,جمعية طب القدم والكاحل,true,false,1,0,LEGACY_ONLY,no_lovable_crosswalk_peer,,false,
LEG-ORG-B2-006,جمعية البيضاء لدعوة والإرشاد وتوعية الجاليات,2,LEG-ORG-B2-006,جمعية البيضاء لدعوة والإرشاد وتوعية الجاليات,true,false,1,0,LEGACY_ONLY,no_lovable_crosswalk_peer,,false,
LEG-ORG-B2-007,جمعية الزاد,2,LEG-ORG-B2-007,جمعية الزاد,true,false,1,0,LEGACY_ONLY,no_lovable_crosswalk_peer,,false,
LEG-ORG-B2-008,جمعية رؤية التنموية الاهلية النسائية,2,LEG-ORG-B2-008,جمعية رؤية التنموية الاهلية النسائية,true,false,1,0,LEGACY_ONLY,no_lovable_crosswalk_peer,,false,
LEG-ORG-B2-009,جمعية المتقاعدين بمنطقة القصيم,2,LEG-ORG-B2-009,جمعية المتقاعدين بمنطقة القصيم,true,false,1,0,LEGACY_ONLY,no_lovable_crosswalk_peer,,false,
LEG-ORG-B2-010,الجمعية السعودية الخيرية للوقاية من السموم,2,LEG-ORG-B2-010,الجمعية السعودية الخيرية للوقاية من السموم,true,false,1,0,LEGACY_ONLY,no_lovable_crosswalk_peer,,false,
LEG-ORG-B2-011,أوقاف إثراء المعرفة,2,LEG-ORG-B2-011,أوقاف إثراء المعرفة,true,false,1,0,LEGACY_ONLY,no_lovable_crosswalk_peer,,false,
LEG-ORG-B2-012,جمعية اكتشاف وتطوير المواهب (رائد),2,LEG-ORG-B2-012,جمعية اكتشاف وتطوير المواهب (رائد),true,false,1,0,LEGACY_ONLY,no_lovable_crosswalk_peer,,false,
LEG-ORG-B2-013,جمعية كبار السن,2,LEG-ORG-B2-013,جمعية كبار السن,true,false,1,0,LEGACY_ONLY,no_lovable_crosswalk_peer,,false,
LEG-ORG-B2-014,الجمعية الخيرية لتحفيظ القرآن الكريم بمحافظة المذنب,2,LEG-ORG-B2-014,الجمعية الخيرية لتحفيظ القرآن الكريم بمحافظة المذنب,true,false,1,0,LEGACY_ONLY,no_lovable_crosswalk_peer,,false,
LEG-ORG-B2-015,الجمعية الخيرية لتحفيظ القران الكريم بمحافظة رماح,2,LEG-ORG-B2-015,الجمعية الخيرية لتحفيظ القران الكريم بمحافظة رماح,true,false,1,0,LEGACY_ONLY,no_lovable_crosswalk_peer,,false,
LEG-ORG-B2-016,جمعية أجا النسائية الاهلية,2,LEG-ORG-B2-016,جمعية أجا النسائية الاهلية,true,false,1,0,LEGACY_ONLY,no_lovable_crosswalk_peer,,false,
LEG-ORG-B2-017,جمعية التمور للخدمات الإنسانية,2,LEG-ORG-B2-017,جمعية التمور للخدمات الإنسانية,true,false,1,0,LEGACY_ONLY,no_lovable_crosswalk_peer,,false,
LEG-ORG-B2-018,جمعية سدير الزراعية,2,LEG-ORG-B2-018,جمعية سدير الزراعية,true,false,1,0,LEGACY_ONLY,no_lovable_crosswalk_peer,,false,
LEG-ORG-B2-019,جمعية سلال الغذائية,2,LEG-ORG-B2-019,جمعية سلال الغذائية,true,false,1,0,LEGACY_ONLY,no_lovable_crosswalk_peer,,false,
LEG-ORG-B2-020,جمعية التنمية الأهلية بحرمة,2,LEG-ORG-B2-020,جمعية التنمية الأهلية بحرمة,true,false,1,0,LEGACY_ONLY,no_lovable_crosswalk_peer,,false,
LEG-ORG-B2-021,جمعية العناية بالمكتبات الخاصة,2,LEG-ORG-B2-021,جمعية العناية بالمكتبات الخاصة,true,false,1,0,LEGACY_ONLY,no_lovable_crosswalk_peer,,false,
LEG-ORG-B2-022,تراحم الرياض,2,LEG-ORG-B2-022,تراحم الرياض,true,false,1,0,LEGACY_ONLY,no_lovable_crosswalk_peer,,false,
LEG-ORG-B2-023,جمعية صناعة القدرات الشبابية,2,LEG-ORG-B2-023,جمعية صناعة القدرات الشبابية,true,false,1,0,LEGACY_ONLY,no_lovable_crosswalk_peer,,false,
LEG-ORG-B2-024,لجنة تراحم القصيم,2,LEG-ORG-B2-024,لجنة تراحم القصيم,true,false,1,0,LEGACY_ONLY,no_lovable_crosswalk_peer,,false,
LEG-ORG-B2-025,جمعية وطن طموح,2,LEG-ORG-B2-025,جمعية وطن طموح,true,false,1,0,LEGACY_ONLY,no_lovable_crosswalk_peer,,false,
LEG-ORG-B2-026,جمعية دعم التعليم تعلم,2,LEG-ORG-B2-026,جمعية دعم التعليم تعلم,true,false,1,0,LEGACY_ONLY,no_lovable_crosswalk_peer,,false,
LEG-ORG-B2-027,جمعية عضيد للخدمات التطوعية,2,LEG-ORG-B2-027,جمعية عضيد للخدمات التطوعية,true,false,1,0,LEGACY_ONLY,no_lovable_crosswalk_peer,,false,
LEG-ORG-B2-028,جمعية النخب العلمية,2,LEG-ORG-B2-028,جمعية النخب العلمية,true,false,1,0,LEGACY_ONLY,no_lovable_crosswalk_peer,,false,
LEG-ORG-B2-029,جمعية ذو النون للرعاية الصحية المنزلية,2,LEG-ORG-B2-029,جمعية ذو النون للرعاية الصحية المنزلية,true,false,1,0,LEGACY_ONLY,no_lovable_crosswalk_peer,,false,
LEG-ORG-B2-030,جمعية أخلاقنا لتعزيز القيم,2,LEG-ORG-B2-030,جمعية أخلاقنا لتعزيز القيم,true,false,1,0,LEGACY_ONLY,no_lovable_crosswalk_peer,,false,
LEG-ORG-B3-001,مؤسسة منارات الهدى الوقفية,3,LEG-ORG-B3-001,مؤسسة منارات الهدى الوقفية,true,false,1,0,LEGACY_ONLY,no_lovable_crosswalk_peer,,false,
LEG-ORG-B3-009,جمعية نبتون للتاهيل الطبي,3,LEG-ORG-B3-009,جمعية نبتون للتاهيل الطبي,true,false,1,0,LEGACY_ONLY,no_lovable_crosswalk_peer,,false,
LEG-ORG-B3-015,جمعية خبرات التعليمة,3,LEG-ORG-B3-015,جمعية خبرات التعليمة,true,false,1,0,LEGACY_ONLY,no_lovable_crosswalk_peer,,false,
LEG-ORG-B3-017,جمعية مرفأ للخدمات الاسرية,3,LEG-ORG-B3-017,جمعية مرفأ للخدمات الاسرية,true,false,1,0,LEGACY_ONLY,no_lovable_crosswalk_peer,,false,
LEG-ORG-B3-022,تحفيظ تبوك,3,LEG-ORG-B3-022,تحفيظ تبوك,true,false,1,0,LEGACY_ONLY,no_lovable_crosswalk_peer,,false,
LEG-ORG-B3-026,جمعية حفظ النعمة,3,LEG-ORG-B3-026,جمعية حفظ النعمة,true,false,1,0,LEGACY_ONLY,no_lovable_crosswalk_peer,,false,
LEG-ORG-B4-025,جمعية اقرأ التعليمية,4,LEG-ORG-B4-025,جمعية اقرأ التعليمية,true,false,1,0,LEGACY_ONLY,no_lovable_crosswalk_peer,,false,
