source_record_id,canonical_org_id,canonical_org_name,cohort,source_side,source_org_id,name_as_written,normalized_name,source_files,source_rows,consultant_names,evaluator_names,roster_status,records_count
SRC-LEG-LEG-ORG-B1-001,LEG-ORG-B1-001,جمعية بنيان للخدمات الاجتماعية,1,legacy,LEG-ORG-B1-001,جمعية بنيان للخدمات الاجتماعية,جمعيهبنيانللخدماتالاجتماعيه,dashboard_bundle_1/الجهات المشاركة في الدفعة الأولى.xlsx | dashboard_bundle_2/جمعيات الدفعة الاولى.xlsx,dashboard_bundle_1/الجهات المشاركة في الدفعة الأولى.xlsx | ورقة1!2 || dashboard_bundle_2/جمعيات الدفعة الاولى.xlsx | ورقة3!25,خالد الصفحي,د . حسن أبو كافته,PRIMARY_ROSTER,0
SRC-LEG-LEG-ORG-B1-002,LEG-ORG-B1-002,جمعية البرهان لخدمة السنة والقرآن,1,legacy,LEG-ORG-B1-002,جمعية البرهان لخدمة السنة والقرآن,جمعيهالبرهانلخدمهالسنهوالقران,dashboard_bundle_1/الجهات المشاركة في الدفعة الأولى.xlsx | dashboard_bundle_2/جمعيات الدفعة الاولى.xlsx,dashboard_bundle_1/الجهات المشاركة في الدفعة الأولى.xlsx | ورقة1!3 || dashboard_bundle_2/جمعيات الدفعة الاولى.xlsx | ورقة3!24,خالد الصفحي,د . حسن أبو كافته,PRIMARY_ROSTER,0
SRC-LEG-LEG-ORG-B1-003,LEG-ORG-B1-003,جمعية الصم وضعاف السمع وذويهم,1,legacy,LEG-ORG-B1-003,جمعية الصم وضعاف السمع وذويهم,جمعيهالصموضعافالسمعوذويهم,dashboard_bundle_1/الجهات المشاركة في الدفعة الأولى.xlsx | dashboard_bundle_2/جمعيات الدفعة الاولى.xlsx,dashboard_bundle_1/الجهات المشاركة في الدفعة الأولى.xlsx | ورقة1!4 || dashboard_bundle_2/جمعيات الدفعة الاولى.xlsx | ورقة3!9,هنادي شعيب,أ . محمد العبدالجبار,PRIMARY_ROSTER,0
SRC-LEG-LEG-ORG-B1-004,LEG-ORG-B1-004,جمعية أفق للاسكان التنموي,1,legacy,LEG-ORG-B1-004,جمعية أفق للاسكان التنموي,جمعيهافقللاسكانالتنموي,dashboard_bundle_1/الجهات المشاركة في الدفعة الأولى.xlsx | dashboard_bundle_2/جمعيات الدفعة الاولى.xlsx,dashboard_bundle_1/الجهات المشاركة في الدفعة الأولى.xlsx | ورقة1!5 || dashboard_bundle_2/جمعيات الدفعة الاولى.xlsx | ورقة3!11,إسراء باقيس,د . حسن أبو كافته,PRIMARY_ROSTER,0
SRC-LEG-LEG-ORG-B1-005,LEG-ORG-B1-005,الجمعية الخيرية لتيسير الزواج ورعاية الأسرة,1,legacy,LEG-ORG-B1-005,الجمعية الخيرية لتيسير الزواج ورعاية الأسرة,الجمعيهالخيريهلتيسيرالزواجورعايهالاسره,dashboard_bundle_1/الجهات المشاركة في الدفعة الأولى.xlsx | dashboard_bundle_2/جمعيات الدفعة الاولى.xlsx,dashboard_bundle_1/الجهات المشاركة في الدفعة الأولى.xlsx | ورقة1!6 || dashboard_bundle_2/جمعيات الدفعة الاولى.xlsx | ورقة3!13,إسراء باقيس,د . حسن أبو كافته,PRIMARY_ROSTER,0
SRC-LEG-LEG-ORG-B1-006,LEG-ORG-B1-006,جمعية التنمية الأهلية بالحزام الذهبي,1,legacy,LEG-ORG-B1-006,جمعية التنمية الأهلية بالحزام الذهبي,جمعيهالتنميهالاهليهبالحزامالذهبي,dashboard_bundle_1/الجهات المشاركة في الدفعة الأولى.xlsx | dashboard_bundle_2/جمعيات الدفعة الاولى.xlsx,dashboard_bundle_1/الجهات المشاركة في الدفعة الأولى.xlsx | ورقة1!7 || dashboard_bundle_2/جمعيات الدفعة الاولى.xlsx | ورقة3!15,إسراء باقيس,د . حسن أبو كافته,PRIMARY_ROSTER,0
SRC-LEG-LEG-ORG-B1-007,LEG-ORG-B1-007,جمعية الجبيل الأهلية,1,legacy,LEG-ORG-B1-007,جمعية الجبيل الأهلية,جمعيهالجبيلالاهليه,dashboard_bundle_1/الجهات المشاركة في الدفعة الأولى.xlsx | dashboard_bundle_2/جمعيات الدفعة الاولى.xlsx,dashboard_bundle_1/الجهات المشاركة في الدفعة الأولى.xlsx | ورقة1!8 || dashboard_bundle_2/جمعيات الدفعة الاولى.xlsx | ورقة3!14,إسراء باقيس,د . حسن أبو كافته,PRIMARY_ROSTER,0
SRC-LEG-LEG-ORG-B1-008,LEG-ORG-B1-008,جمعية تواصل للتنمية الأهلية بأحياء الجامعيين والنزهة وهجر والفردوس,1,legacy,LEG-ORG-B1-008,جمعية تواصل للتنمية الأهلية بأحياء الجامعيين والنزهة وهجر والفردوس,جمعيهتواصلللتنميهالاهليهباحياءالجامعيينوالنزههوهجروالفردوس,dashboard_bundle_1/الجهات المشاركة في الدفعة الأولى.xlsx | dashboard_bundle_2/جمعيات الدفعة الاولى.xlsx,dashboard_bundle_1/الجهات المشاركة في الدفعة الأولى.xlsx | ورقة1!9 || dashboard_bundle_2/جمعيات الدفعة الاولى.xlsx | ورقة3!16,إسراء باقيس,د . حسن أبو كافته,PRIMARY_ROSTER,0
SRC-LEG-LEG-ORG-B1-009,LEG-ORG-B1-009,جمعية المعمار,1,legacy,LEG-ORG-B1-009,جمعية المعمار,جمعيهالمعمار,dashboard_bundle_1/الجهات المشاركة في الدفعة الأولى.xlsx | dashboard_bundle_2/جمعيات الدفعة الاولى.xlsx,dashboard_bundle_1/الجهات المشاركة في الدفعة الأولى.xlsx | ورقة1!10 || dashboard_bundle_2/جمعيات الدفعة الاولى.xlsx | ورقة3!12,إسراء باقيس,د . حسن أبو كافته,PRIMARY_ROSTER,0
SRC-LEG-LEG-ORG-B1-010,LEG-ORG-B1-010,الجمعية التكاملية لذوي الإعاقة,1,legacy,LEG-ORG-B1-010,الجمعية التكاملية لذوي الإعاقة,الجمعيهالتكامليهلذويالاعاقه,dashboard_bundle_1/الجهات المشاركة في الدفعة الأولى.xlsx | dashboard_bundle_2/جمعيات الدفعة الاولى.xlsx,dashboard_bundle_1/الجهات المشاركة في الدفعة الأولى.xlsx | ورقة1!11 || dashboard_bundle_2/جمعيات الدفعة الاولى.xlsx | ورقة3!8,هنادي شعيب,د . حسن أبو كافته,PRIMARY_ROSTER,0
SRC-LEG-LEG-ORG-B1-011,LEG-ORG-B1-011,الجمعية السعودية لاضطراب فرط الحركة (إشراق ),1,legacy,LEG-ORG-B1-011,الجمعية السعودية لاضطراب فرط الحركة (إشراق ),الجمعيهالسعوديهلاضطرابفرطالحركه(اشراق),dashboard_bundle_1/الجهات المشاركة في الدفعة الأولى.xlsx | dashboard_bundle_2/جمعيات الدفعة الاولى.xlsx,dashboard_bundle_1/الجهات المشاركة في الدفعة الأولى.xlsx | ورقة1!12 || dashboard_bundle_2/جمعيات الدفعة الاولى.xlsx | ورقة3!27,خالد الصفحي,د . حسن أبو كافته,PRIMARY_ROSTER,0
SRC-LEG-LEG-ORG-B1-012,LEG-ORG-B1-012,جمعية دار السلام لإكرام الموتى,1,legacy,LEG-ORG-B1-012,جمعية دار السلام لإكرام الموتى,جمعيهدارالسلاملاكرامالموتي,dashboard_bundle_1/الجهات المشاركة في الدفعة الأولى.xlsx | dashboard_bundle_2/جمعيات الدفعة الاولى.xlsx,dashboard_bundle_1/الجهات المشاركة في الدفعة الأولى.xlsx | ورقة1!13 || dashboard_bundle_2/جمعيات الدفعة الاولى.xlsx | ورقة3!17,هشام الغامدي,د . حسن أبو كافته,PRIMARY_ROSTER,0
SRC-LEG-LEG-ORG-B1-013,LEG-ORG-B1-013,المؤسسة الخيرية لرعاية الأيتام - إخاء,1,legacy,LEG-ORG-B1-013,المؤسسة الخيرية لرعاية الأيتام - إخاء,المؤسسهالخيريهلرعايهالايتام-اخاء,dashboard_bundle_1/الجهات المشاركة في الدفعة الأولى.xlsx | dashboard_bundle_2/جمعيات الدفعة الاولى.xlsx,dashboard_bundle_1/الجهات المشاركة في الدفعة الأولى.xlsx | ورقة1!14 || dashboard_bundle_2/جمعيات الدفعة الاولى.xlsx | ورقة3!10,هنادي شعيب,أ . محمد العبدالجبار,PRIMARY_ROSTER,0
SRC-LEG-LEG-ORG-B1-014,LEG-ORG-B1-014,جمعية المحترفون للبحث والإنقاذ,1,legacy,LEG-ORG-B1-014,جمعية المحترفون للبحث والإنقاذ,جمعيهالمحترفونللبحثوالانقاذ,dashboard_bundle_1/الجهات المشاركة في الدفعة الأولى.xlsx | dashboard_bundle_2/جمعيات الدفعة الاولى.xlsx,dashboard_bundle_1/الجهات المشاركة في الدفعة الأولى.xlsx | ورقة1!15 || dashboard_bundle_2/جمعيات الدفعة الاولى.xlsx | ورقة3!5,هنادي شعيب,أ . محمد العبدالجبار,PRIMARY_ROSTER,0
SRC-LEG-LEG-ORG-B1-015,LEG-ORG-B1-015,جمعية مكث النسائية للريادة الشبابية,1,legacy,LEG-ORG-B1-015,جمعية مكث النسائية للريادة الشبابية,جمعيهمكثالنسائيهللريادهالشبابيه,dashboard_bundle_1/الجهات المشاركة في الدفعة الأولى.xlsx | dashboard_bundle_2/جمعيات الدفعة الاولى.xlsx,dashboard_bundle_1/الجهات المشاركة في الدفعة الأولى.xlsx | ورقة1!16 || dashboard_bundle_2/جمعيات الدفعة الاولى.xlsx | ورقة3!7,هنادي شعيب,أ . محمد العبدالجبار,PRIMARY_ROSTER,0
SRC-LEG-LEG-ORG-B1-016,LEG-ORG-B1-016,جمعية وفاء للخدمات القانونية للمرأة,1,legacy,LEG-ORG-B1-016,جمعية وفاء للخدمات القانونية للمرأة,جمعيهوفاءللخدماتالقانونيهللمراه,dashboard_bundle_1/الجهات المشاركة في الدفعة الأولى.xlsx | dashboard_bundle_2/جمعيات الدفعة الاولى.xlsx,dashboard_bundle_1/الجهات المشاركة في الدفعة الأولى.xlsx | ورقة1!17 || dashboard_bundle_2/جمعيات الدفعة الاولى.xlsx | ورقة3!6,هنادي شعيب,أ . محمد العبدالجبار,PRIMARY_ROSTER,0
SRC-LEG-LEG-ORG-B1-017,LEG-ORG-B1-017,مؤسسة عبدالمنعم الراشد الإنسانية,1,legacy,LEG-ORG-B1-017,مؤسسة عبدالمنعم الراشد الإنسانية,مؤسسهعبدالمنعمالراشدالانسانيه,dashboard_bundle_1/الجهات المشاركة في الدفعة الأولى.xlsx | dashboard_bundle_2/جمعيات الدفعة الاولى.xlsx,dashboard_bundle_1/الجهات المشاركة في الدفعة الأولى.xlsx | ورقة1!18 || dashboard_bundle_2/جمعيات الدفعة الاولى.xlsx | ورقة3!22,هشام الغامدي,أ . محمد العبدالجبار,PRIMARY_ROSTER,0
SRC-LEG-LEG-ORG-B1-018,LEG-ORG-B1-018,جمعية واعد الشبابية,1,legacy,LEG-ORG-B1-018,جمعية واعد الشبابية,جمعيهواعدالشبابيه,dashboard_bundle_1/الجهات المشاركة في الدفعة الأولى.xlsx | dashboard_bundle_2/جمعيات الدفعة الاولى.xlsx,dashboard_bundle_1/الجهات المشاركة في الدفعة الأولى.xlsx | ورقة1!19 || dashboard_bundle_2/جمعيات الدفعة الاولى.xlsx | ورقة3!18,هشام الغامدي,أ . محمد العبدالجبار,PRIMARY_ROSTER,0
SRC-LEG-LEG-ORG-B1-019,LEG-ORG-B1-019,جمعية التنمية الأهلية بالصالحية,1,legacy,LEG-ORG-B1-019,جمعية التنمية الأهلية بالصالحية,جمعيهالتنميهالاهليهبالصالحيه,dashboard_bundle_1/الجهات المشاركة في الدفعة الأولى.xlsx | dashboard_bundle_2/جمعيات الدفعة الاولى.xlsx,dashboard_bundle_1/الجهات المشاركة في الدفعة الأولى.xlsx | ورقة1!20 || dashboard_bundle_2/جمعيات الدفعة الاولى.xlsx | ورقة3!23,خالد الصفحي,أ . محمد العبدالجبار,PRIMARY_ROSTER,0
SRC-LEG-LEG-ORG-B1-020,LEG-ORG-B1-020,جمعية العناية بشؤون الموتى إحسان,1,legacy,LEG-ORG-B1-020,جمعية العناية بشؤون الموتى إحسان,جمعيهالعنايهبشؤونالموتياحسان,dashboard_bundle_1/الجهات المشاركة في الدفعة الأولى.xlsx | dashboard_bundle_2/جمعيات الدفعة الاولى.xlsx,dashboard_bundle_1/الجهات المشاركة في الدفعة الأولى.xlsx | ورقة1!21 || dashboard_bundle_2/جمعيات الدفعة الاولى.xlsx | ورقة3!28,خالد الصفحي,أ . محمد العبدالجبار,PRIMARY_ROSTER,0
SRC-LEG-LEG-ORG-B1-021,LEG-ORG-B1-021,جمعية التنمية الأهلية بالملاحة,1,legacy,LEG-ORG-B1-021,جمعية التنمية الأهلية بالملاحة,جمعيهالتنميهالاهليهبالملاحه,dashboard_bundle_1/الجهات المشاركة في الدفعة الأولى.xlsx | dashboard_bundle_2/جمعيات الدفعة الاولى.xlsx,dashboard_bundle_1/الجهات المشاركة في الدفعة الأولى.xlsx | ورقة1!22 || dashboard_bundle_2/جمعيات الدفعة الاولى.xlsx | ورقة3!21,هشام الغامدي,أ . محمد العبدالجبار,PRIMARY_ROSTER,0
SRC-LEG-LEG-ORG-B1-022,LEG-ORG-B1-022,جمعية سند للمسؤولية الاجتماعية بالأحساء,1,legacy,LEG-ORG-B1-022,جمعية سند للمسؤولية الاجتماعية بالأحساء,جمعيهسندللمسؤوليهالاجتماعيهبالاحساء,dashboard_bundle_1/الجهات المشاركة في الدفعة الأولى.xlsx | dashboard_bundle_2/جمعيات الدفعة الاولى.xlsx,dashboard_bundle_1/الجهات المشاركة في الدفعة الأولى.xlsx | ورقة1!23 || dashboard_bundle_2/جمعيات الدفعة الاولى.xlsx | ورقة3!20,هشام الغامدي,أ . محمد العبدالجبار,PRIMARY_ROSTER,0
SRC-LEG-LEG-ORG-B1-023,LEG-ORG-B1-023,جمعية العمل التطوعي,1,legacy,LEG-ORG-B1-023,جمعية العمل التطوعي,جمعيهالعملالتطوعي,dashboard_bundle_2/جمعيات الدفعة الاولى.xlsx,dashboard_bundle_2/جمعيات الدفعة الاولى.xlsx | ورقة3!19,,,SUPPLEMENTAL_ROSTER,0
SRC-LEG-LEG-ORG-B1-024,LEG-ORG-B1-024,بيت الثقافة بالدمام (مشروع هيئة المكتبات),1,legacy,LEG-ORG-B1-024,بيت الثقافة بالدمام (مشروع هيئة المكتبات),بيتالثقافهبالدمام(مشروعهيئهالمكتبات),dashboard_bundle_2/جمعيات الدفعة الاولى.xlsx,dashboard_bundle_2/جمعيات الدفعة الاولى.xlsx | ورقة3!26,,,SUPPLEMENTAL_ROSTER,0
SRC-LEG-LEG-ORG-B2-001,LEG-ORG-B2-001,جمعية عروى الخيرية,2,legacy,LEG-ORG-B2-001,جمعية عروى الخيرية,جمعيهعرويالخيريه,dashboard_bundle_1/الدفعة 2/تقرير أداء الدفعة.xlsx | dashboard_bundle_1/الدفعة 2/المستشار-عزيز التوخي.xlsx | dashboard_bundle_1/المحكم-معلوي ال ناصر.xlsx,dashboard_bundle_1/الدفعة 2/تقرير أداء الدفعة.xlsx | بيانات الجهات!2 || dashboard_bundle_1/الدفعة 2/المستشار-عزيز التوخي.xlsx | جمعية عروى الخيرية!2 || dashboard_bundle_1/المحكم-معلوي ال ناصر.xlsx | جمعية عروى الخيرية!2,عزيز التوخي,معلوي ال ناصر,PRIMARY_ROSTER,47
SRC-LEG-LEG-ORG-B2-002,LEG-ORG-B2-002,جمعية مكافحة السمنة بمنطقة حائل,2,legacy,LEG-ORG-B2-002,جمعية مكافحة السمنة بمنطقة حائل,جمعيهمكافحهالسمنهبمنطقهحائل,dashboard_bundle_1/الدفعة 2/تقرير أداء الدفعة.xlsx | dashboard_bundle_1/الدفعة 2/المستشار-عزيز التوخي.xlsx | dashboard_bundle_1/المحكم-معلوي ال ناصر.xlsx,dashboard_bundle_1/الدفعة 2/تقرير أداء الدفعة.xlsx | بيانات الجهات!3 || dashboard_bundle_1/الدفعة 2/المستشار-عزيز التوخي.xlsx | جمعية مكافحة السمنة!2 || dashboard_bundle_1/المحكم-معلوي ال ناصر.xlsx | جمعية مكافحة السمنة بمنطقة حائل!2,عزيز التوخي,معلوي ال ناصر,PRIMARY_ROSTER,47
SRC-LEG-LEG-ORG-B2-003,LEG-ORG-B2-003,جمعية ابوة لرعاية الايتام بعنيزة,2,legacy,LEG-ORG-B2-003,جمعية ابوة لرعاية الايتام بعنيزة,جمعيهابوهلرعايهالايتامبعنيزه,dashboard_bundle_1/الدفعة 2/تقرير أداء الدفعة.xlsx | dashboard_bundle_1/الدفعة 2/المستشار-عزيز التوخي.xlsx | dashboard_bundle_1/المحكم-معلوي ال ناصر.xlsx,dashboard_bundle_1/الدفعة 2/تقرير أداء الدفعة.xlsx | بيانات الجهات!4 || dashboard_bundle_1/الدفعة 2/المستشار-عزيز التوخي.xlsx | جمعية ابوة لرعاية الايتام!2 || dashboard_bundle_1/المحكم-معلوي ال ناصر.xlsx | جمعية ابوة لرعاية الايتام!2,عزيز التوخي,معلوي ال ناصر,PRIMARY_ROSTER,47
SRC-LEG-LEG-ORG-B2-004,LEG-ORG-B2-004,جمعية حوائج لحفظ النعمة,2,legacy,LEG-ORG-B2-004,جمعية حوائج لحفظ النعمة,جمعيهحوائجلحفظالنعمه,dashboard_bundle_1/الدفعة 2/تقرير أداء الدفعة.xlsx | dashboard_bundle_1/الدفعة 2/المستشار-عزيز التوخي.xlsx | dashboard_bundle_1/المحكم-معلوي ال ناصر.xlsx,dashboard_bundle_1/الدفعة 2/تقرير أداء الدفعة.xlsx | بيانات الجهات!5 || dashboard_bundle_1/الدفعة 2/المستشار-عزيز التوخي.xlsx | جمعية حوائج لحفظ النعمة!2 || dashboard_bundle_1/المحكم-معلوي ال ناصر.xlsx | جمعية حوائج لحفظ النعمة!2,عزيز التوخي,معلوي ال ناصر,PRIMARY_ROSTER,47
SRC-LEG-LEG-ORG-B2-005,LEG-ORG-B2-005,جمعية طب القدم والكاحل,2,legacy,LEG-ORG-B2-005,جمعية طب القدم والكاحل,جمعيهطبالقدموالكاحل,dashboard_bundle_1/الدفعة 2/تقرير أداء الدفعة.xlsx | dashboard_bundle_1/الدفعة 2/المستشار-عزيز التوخي.xlsx | dashboard_bundle_1/المحكم-معلوي ال ناصر.xlsx,dashboard_bundle_1/الدفعة 2/تقرير أداء الدفعة.xlsx | بيانات الجهات!6 || dashboard_bundle_1/الدفعة 2/المستشار-عزيز التوخي.xlsx | جمعية طب القدم والكاحل!2 || dashboard_bundle_1/المحكم-معلوي ال ناصر.xlsx | جمعية طب القدم والكاحل!2,عزيز التوخي,معلوي ال ناصر,PRIMARY_ROSTER,47
SRC-LEG-LEG-ORG-B2-006,LEG-ORG-B2-006,جمعية البيضاء لدعوة والإرشاد وتوعية الجاليات,2,legacy,LEG-ORG-B2-006,جمعية البيضاء لدعوة والإرشاد وتوعية الجاليات,جمعيهالبيضاءلدعوهوالارشادوتوعيهالجاليات,dashboard_bundle_1/الدفعة 2/تقرير أداء الدفعة.xlsx | dashboard_bundle_1/الدفعة 2/المستشار-عزيز التوخي.xlsx | dashboard_bundle_1/المحكم-معلوي ال ناصر.xlsx,dashboard_bundle_1/الدفعة 2/تقرير أداء الدفعة.xlsx | بيانات الجهات!7 || dashboard_bundle_1/الدفعة 2/المستشار-عزيز التوخي.xlsx | جمعية البيضاء!2 || dashboard_bundle_1/المحكم-معلوي ال ناصر.xlsx | جمعية البيضاء!2,عزيز التوخي,معلوي ال ناصر,PRIMARY_ROSTER,47
SRC-LEG-LEG-ORG-B2-007,LEG-ORG-B2-007,جمعية الزاد,2,legacy,LEG-ORG-B2-007,جمعية الزاد,جمعيهالزاد,dashboard_bundle_1/الدفعة 2/تقرير أداء الدفعة.xlsx | dashboard_bundle_1/الدفعة 2/المستشار-عزيز التوخي.xlsx | dashboard_bundle_1/المحكم-معلوي ال ناصر.xlsx,dashboard_bundle_1/الدفعة 2/تقرير أداء الدفعة.xlsx | بيانات الجهات!8 || dashboard_bundle_1/الدفعة 2/المستشار-عزيز التوخي.xlsx | جمعية الزاد!2 || dashboard_bundle_1/المحكم-معلوي ال ناصر.xlsx | جمعية الزاد!2,عزيز التوخي,معلوي ال ناصر,PRIMARY_ROSTER,47
SRC-LEG-LEG-ORG-B2-008,LEG-ORG-B2-008,جمعية رؤية التنموية الاهلية النسائية,2,legacy,LEG-ORG-B2-008,جمعية رؤية التنموية الاهلية النسائية,جمعيهرؤيهالتنمويهالاهليهالنسائيه,dashboard_bundle_1/الدفعة 2/تقرير أداء الدفعة.xlsx | dashboard_bundle_1/الدفعة 2/المستشار-عزيز التوخي.xlsx | dashboard_bundle_1/المحكم-معلوي ال ناصر.xlsx,dashboard_bundle_1/الدفعة 2/تقرير أداء الدفعة.xlsx | بيانات الجهات!9 || dashboard_bundle_1/الدفعة 2/المستشار-عزيز التوخي.xlsx | جمعية رؤية التنموية!2 || dashboard_bundle_1/المحكم-معلوي ال ناصر.xlsx | جمعية رؤية التنموية الاهلية!2,عزيز التوخي,معلوي ال ناصر,PRIMARY_ROSTER,47
SRC-LEG-LEG-ORG-B2-009,LEG-ORG-B2-009,جمعية المتقاعدين بمنطقة القصيم,2,legacy,LEG-ORG-B2-009,جمعية المتقاعدين بمنطقة القصيم,جمعيهالمتقاعدينبمنطقهالقصيم,dashboard_bundle_1/الدفعة 2/تقرير أداء الدفعة.xlsx | dashboard_bundle_1/الدفعة 2/المستشار-فهد النوفل.xlsx | dashboard_bundle_1/المحكم-أبرار جيلاني.xlsx,dashboard_bundle_1/الدفعة 2/تقرير أداء الدفعة.xlsx | بيانات الجهات!10 || dashboard_bundle_1/الدفعة 2/المستشار-فهد النوفل.xlsx | جمعية المتقاعدين بمنطقة القصيم!2 || dashboard_bundle_1/المحكم-أبرار جيلاني.xlsx | جمعية المتقاعدين بمنطقة القصيم!2,فهد النوفل,أبرار جيلاني,PRIMARY_ROSTER,47
SRC-LEG-LEG-ORG-B2-010,LEG-ORG-B2-010,الجمعية السعودية الخيرية للوقاية من السموم,2,legacy,LEG-ORG-B2-010,الجمعية السعودية الخيرية للوقاية من السموم,الجمعيهالسعوديهالخيريهللوقايهمنالسموم,dashboard_bundle_1/الدفعة 2/تقرير أداء الدفعة.xlsx | dashboard_bundle_1/الدفعة 2/المستشار-فهد النوفل.xlsx | dashboard_bundle_1/المحكم-أبرار جيلاني.xlsx,dashboard_bundle_1/الدفعة 2/تقرير أداء الدفعة.xlsx | بيانات الجهات!11 || dashboard_bundle_1/الدفعة 2/المستشار-فهد النوفل.xlsx | الجمعية السعودية للوقاية!2 || dashboard_bundle_1/المحكم-أبرار جيلاني.xlsx | جمعية الوقاية من السموم!2,فهد النوفل,أبرار جيلاني,PRIMARY_ROSTER,47
SRC-LEG-LEG-ORG-B2-011,LEG-ORG-B2-011,أوقاف إثراء المعرفة,2,legacy,LEG-ORG-B2-011,أوقاف إثراء المعرفة,اوقافاثراءالمعرفه,dashboard_bundle_1/الدفعة 2/تقرير أداء الدفعة.xlsx | dashboard_bundle_1/الدفعة 2/المستشار-فهد النوفل.xlsx | dashboard_bundle_1/المحكم-أبرار جيلاني.xlsx,dashboard_bundle_1/الدفعة 2/تقرير أداء الدفعة.xlsx | بيانات الجهات!12 || dashboard_bundle_1/الدفعة 2/المستشار-فهد النوفل.xlsx | أوقاف إثراء المعرفة!2 || dashboard_bundle_1/المحكم-أبرار جيلاني.xlsx | أوقاف إثراء المعرفة!2,فهد النوفل,أبرار جيلاني,PRIMARY_ROSTER,47
SRC-LEG-LEG-ORG-B2-012,LEG-ORG-B2-012,جمعية اكتشاف وتطوير المواهب (رائد),2,legacy,LEG-ORG-B2-012,جمعية اكتشاف وتطوير المواهب (رائد),جمعيهاكتشافوتطويرالمواهب(رائد),dashboard_bundle_1/الدفعة 2/تقرير أداء الدفعة.xlsx | dashboard_bundle_1/الدفعة 2/المستشار-فهد النوفل.xlsx | dashboard_bundle_1/المحكم-أبرار جيلاني.xlsx,dashboard_bundle_1/الدفعة 2/تقرير أداء الدفعة.xlsx | بيانات الجهات!13 || dashboard_bundle_1/الدفعة 2/المستشار-فهد النوفل.xlsx | جمعية اكتشاف وتطوير المواهب!2 || dashboard_bundle_1/المحكم-أبرار جيلاني.xlsx | جمعية اكتشاف وتطوير المواهب!2,فهد النوفل,أبرار جيلاني,PRIMARY_ROSTER,47
SRC-LEG-LEG-ORG-B2-013,LEG-ORG-B2-013,جمعية كبار السن,2,legacy,LEG-ORG-B2-013,جمعية كبار السن,جمعيهكبارالسن,dashboard_bundle_1/الدفعة 2/تقرير أداء الدفعة.xlsx | dashboard_bundle_1/الدفعة 2/المستشار-فهد النوفل.xlsx | dashboard_bundle_1/المحكم-أبرار جيلاني.xlsx,dashboard_bundle_1/الدفعة 2/تقرير أداء الدفعة.xlsx | بيانات الجهات!14 || dashboard_bundle_1/الدفعة 2/المستشار-فهد النوفل.xlsx | جمعية كبار السن!2 || dashboard_bundle_1/المحكم-أبرار جيلاني.xlsx | جمعية كبار السن!2,فهد النوفل,أبرار جيلاني,PRIMARY_ROSTER,47
SRC-LEG-LEG-ORG-B2-014,LEG-ORG-B2-014,الجمعية الخيرية لتحفيظ القرآن الكريم بمحافظة المذنب,2,legacy,LEG-ORG-B2-014,الجمعية الخيرية لتحفيظ القرآن الكريم بمحافظة المذنب,الجمعيهالخيريهلتحفيظالقرانالكريمبمحافظهالمذنب,dashboard_bundle_1/الدفعة 2/تقرير أداء الدفعة.xlsx | dashboard_bundle_1/الدفعة 2/المستشار-فهد النوفل.xlsx | dashboard_bundle_1/المحكم-أبرار جيلاني.xlsx,dashboard_bundle_1/الدفعة 2/تقرير أداء الدفعة.xlsx | بيانات الجهات!15 || dashboard_bundle_1/الدفعة 2/المستشار-فهد النوفل.xlsx | الجمعية الخيريةبمحافظة المذنب!2 || dashboard_bundle_1/المحكم-أبرار جيلاني.xlsx | جمعية تحفيظ القرآن  المذنب!2,فهد النوفل,أبرار جيلاني,PRIMARY_ROSTER,47
SRC-LEG-LEG-ORG-B2-015,LEG-ORG-B2-015,الجمعية الخيرية لتحفيظ القران الكريم بمحافظة رماح,2,legacy,LEG-ORG-B2-015,الجمعية الخيرية لتحفيظ القران الكريم بمحافظة رماح,الجمعيهالخيريهلتحفيظالقرانالكريمبمحافظهرماح,dashboard_bundle_1/الدفعة 2/تقرير أداء الدفعة.xlsx | dashboard_bundle_1/الدفعة 2/المستشار-فهد النوفل.xlsx | dashboard_bundle_1/المحكم-أبرار جيلاني.xlsx,dashboard_bundle_1/الدفعة 2/تقرير أداء الدفعة.xlsx | بيانات الجهات!16 || dashboard_bundle_1/الدفعة 2/المستشار-فهد النوفل.xlsx | الجمعية الخيرية  بمحافظة رماح!2 || dashboard_bundle_1/المحكم-أبرار جيلاني.xlsx | جمعية تحفيظ القران رماح!2,فهد النوفل,أبرار جيلاني,PRIMARY_ROSTER,47
SRC-LEG-LEG-ORG-B2-016,LEG-ORG-B2-016,جمعية أجا النسائية الاهلية,2,legacy,LEG-ORG-B2-016,جمعية أجا النسائية الاهلية,جمعيهاجاالنسائيهالاهليه,dashboard_bundle_1/الدفعة 2/تقرير أداء الدفعة.xlsx | dashboard_bundle_1/الدفعة 2/المستشار-فهد النوفل.xlsx | dashboard_bundle_1/المحكم-أبرار جيلاني.xlsx,dashboard_bundle_1/الدفعة 2/تقرير أداء الدفعة.xlsx | بيانات الجهات!17 || dashboard_bundle_1/الدفعة 2/المستشار-فهد النوفل.xlsx | جمعية أجا النسائية الاهلية!2 || dashboard_bundle_1/المحكم-أبرار جيلاني.xlsx | جمعية أجا النسائية الاهلية!2,فهد النوفل,أبرار جيلاني,PRIMARY_ROSTER,47
SRC-LEG-LEG-ORG-B2-017,LEG-ORG-B2-017,جمعية التمور للخدمات الإنسانية,2,legacy,LEG-ORG-B2-017,جمعية التمور للخدمات الإنسانية,جمعيهالتمورللخدماتالانسانيه,dashboard_bundle_1/الدفعة 2/تقرير أداء الدفعة.xlsx | dashboard_bundle_1/الدفعة 2/المستشار-سارة أبو الخير .xlsx | dashboard_bundle_1/المحكم-حسين عواجي.xlsx,dashboard_bundle_1/الدفعة 2/تقرير أداء الدفعة.xlsx | بيانات الجهات!18 || dashboard_bundle_1/الدفعة 2/المستشار-سارة أبو الخير .xlsx | جمعية التمور للخدمات الإنسانية!2 || dashboard_bundle_1/المحكم-حسين عواجي.xlsx | جمعية التمور للخدمات الإنسانية!2,سارة أبو الخير,حسين عواجي,PRIMARY_ROSTER,45
SRC-LEG-LEG-ORG-B2-018,LEG-ORG-B2-018,جمعية سدير الزراعية,2,legacy,LEG-ORG-B2-018,جمعية سدير الزراعية,جمعيهسديرالزراعيه,dashboard_bundle_1/الدفعة 2/تقرير أداء الدفعة.xlsx | dashboard_bundle_1/الدفعة 2/المستشار-سارة أبو الخير .xlsx | dashboard_bundle_1/المحكم-حسين عواجي.xlsx,dashboard_bundle_1/الدفعة 2/تقرير أداء الدفعة.xlsx | بيانات الجهات!19 || dashboard_bundle_1/الدفعة 2/المستشار-سارة أبو الخير .xlsx | جمعية سدير الزراعية!2 || dashboard_bundle_1/المحكم-حسين عواجي.xlsx | جمعية سدير الزراعية!2,سارة أبو الخير,حسين عواجي,PRIMARY_ROSTER,45
SRC-LEG-LEG-ORG-B2-019,LEG-ORG-B2-019,جمعية سلال الغذائية,2,legacy,LEG-ORG-B2-019,جمعية سلال الغذائية,جمعيهسلالالغذائيه,dashboard_bundle_1/الدفعة 2/تقرير أداء الدفعة.xlsx | dashboard_bundle_1/الدفعة 2/المستشار-سارة أبو الخير .xlsx | dashboard_bundle_1/المحكم-حسين عواجي.xlsx,dashboard_bundle_1/الدفعة 2/تقرير أداء الدفعة.xlsx | بيانات الجهات!20 || dashboard_bundle_1/الدفعة 2/المستشار-سارة أبو الخير .xlsx | جمعية سلال الغذائية!2 || dashboard_bundle_1/المحكم-حسين عواجي.xlsx | جمعية سلال الغذائية!2,سارة أبو الخير,حسين عواجي,PRIMARY_ROSTER,45
SRC-LEG-LEG-ORG-B2-020,LEG-ORG-B2-020,جمعية التنمية الأهلية بحرمة,2,legacy,LEG-ORG-B2-020,جمعية التنمية الأهلية بحرمة,جمعيهالتنميهالاهليهبحرمه,dashboard_bundle_1/الدفعة 2/تقرير أداء الدفعة.xlsx | dashboard_bundle_1/الدفعة 2/المستشار-سارة أبو الخير .xlsx | dashboard_bundle_1/المحكم-حسين عواجي.xlsx,dashboard_bundle_1/الدفعة 2/تقرير أداء الدفعة.xlsx | بيانات الجهات!21 || dashboard_bundle_1/الدفعة 2/المستشار-سارة أبو الخير .xlsx | جمعية التنمية الأهلية بحرمة!2 || dashboard_bundle_1/المحكم-حسين عواجي.xlsx | جمعية التنمية الأهلية بحرمة!2,سارة أبو الخير,حسين عواجي,PRIMARY_ROSTER,45
SRC-LEG-LEG-ORG-B2-021,LEG-ORG-B2-021,جمعية العناية بالمكتبات الخاصة,2,legacy,LEG-ORG-B2-021,جمعية العناية بالمكتبات الخاصة,جمعيهالعنايهبالمكتباتالخاصه,dashboard_bundle_1/الدفعة 2/تقرير أداء الدفعة.xlsx | dashboard_bundle_1/الدفعة 2/المستشار-سارة أبو الخير .xlsx | dashboard_bundle_1/المحكم-حسين عواجي.xlsx,dashboard_bundle_1/الدفعة 2/تقرير أداء الدفعة.xlsx | بيانات الجهات!22 || dashboard_bundle_1/الدفعة 2/المستشار-سارة أبو الخير .xlsx | جمعية العناية بالمكتبات الخاصة!2 || dashboard_bundle_1/المحكم-حسين عواجي.xlsx | جمعية العناية بالمكتبات الخاصة!2,سارة أبو الخير,حسين عواجي,PRIMARY_ROSTER,45
SRC-LEG-LEG-ORG-B2-022,LEG-ORG-B2-022,تراحم الرياض,2,legacy,LEG-ORG-B2-022,تراحم الرياض,تراحمالرياض,dashboard_bundle_1/الدفعة 2/تقرير أداء الدفعة.xlsx | dashboard_bundle_1/الدفعة 2/المستشار-سارة أبو الخير .xlsx | dashboard_bundle_1/المحكم-حسين عواجي.xlsx,dashboard_bundle_1/الدفعة 2/تقرير أداء الدفعة.xlsx | بيانات الجهات!23 || dashboard_bundle_1/الدفعة 2/المستشار-سارة أبو الخير .xlsx | تراحم الرياض!2 || dashboard_bundle_1/المحكم-حسين عواجي.xlsx | تراحم الرياض!2,سارة أبو الخير,حسين عواجي,PRIMARY_ROSTER,45
SRC-LEG-LEG-ORG-B2-023,LEG-ORG-B2-023,جمعية صناعة القدرات الشبابية,2,legacy,LEG-ORG-B2-023,جمعية صناعة القدرات الشبابية,جمعيهصناعهالقدراتالشبابيه,dashboard_bundle_1/الدفعة 2/تقرير أداء الدفعة.xlsx | dashboard_bundle_1/الدفعة 2/المستشار-سارة أبو الخير .xlsx | dashboard_bundle_1/المحكم-حسين عواجي.xlsx,dashboard_bundle_1/الدفعة 2/تقرير أداء الدفعة.xlsx | بيانات الجهات!24 || dashboard_bundle_1/الدفعة 2/المستشار-سارة أبو الخير .xlsx | جمعية صناعة القدرات الشبابية!2 || dashboard_bundle_1/المحكم-حسين عواجي.xlsx | جمعية صناعة القدرات الشبابية!2,سارة أبو الخير,حسين عواجي,PRIMARY_ROSTER,45
SRC-LEG-LEG-ORG-B2-024,LEG-ORG-B2-024,لجنة تراحم القصيم,2,legacy,LEG-ORG-B2-024,لجنة تراحم القصيم,لجنهتراحمالقصيم,dashboard_bundle_1/الدفعة 2/تقرير أداء الدفعة.xlsx | dashboard_bundle_1/الدفعة 2/المستشار-وديع الحربي.xlsx | dashboard_bundle_1/المحكم-علي الدوسري.xlsx,dashboard_bundle_1/الدفعة 2/تقرير أداء الدفعة.xlsx | بيانات الجهات!25 || dashboard_bundle_1/الدفعة 2/المستشار-وديع الحربي.xlsx | لجنة تراحم القصيم!2 || dashboard_bundle_1/المحكم-علي الدوسري.xlsx | لجنة تراحم القصيم!2,وديع الحربي,علي الدوسري,PRIMARY_ROSTER,45
SRC-LEG-LEG-ORG-B2-025,LEG-ORG-B2-025,جمعية وطن طموح,2,legacy,LEG-ORG-B2-025,جمعية وطن طموح,جمعيهوطنطموح,dashboard_bundle_1/الدفعة 2/تقرير أداء الدفعة.xlsx | dashboard_bundle_1/الدفعة 2/المستشار-وديع الحربي.xlsx | dashboard_bundle_1/المحكم-علي الدوسري.xlsx,dashboard_bundle_1/الدفعة 2/تقرير أداء الدفعة.xlsx | بيانات الجهات!26 || dashboard_bundle_1/الدفعة 2/المستشار-وديع الحربي.xlsx | جمعية وطن طموح!2 || dashboard_bundle_1/المحكم-علي الدوسري.xlsx | جمعية وطن طموح!2,وديع الحربي,علي الدوسري,PRIMARY_ROSTER,45
SRC-LEG-LEG-ORG-B2-026,LEG-ORG-B2-026,جمعية دعم التعليم تعلم,2,legacy,LEG-ORG-B2-026,جمعية دعم التعليم تعلم,جمعيهدعمالتعليمتعلم,dashboard_bundle_1/الدفعة 2/تقرير أداء الدفعة.xlsx | dashboard_bundle_1/الدفعة 2/المستشار-وديع الحربي.xlsx | dashboard_bundle_1/المحكم-علي الدوسري.xlsx,dashboard_bundle_1/الدفعة 2/تقرير أداء الدفعة.xlsx | بيانات الجهات!27 || dashboard_bundle_1/الدفعة 2/المستشار-وديع الحربي.xlsx | جمعية دعم التعليم تعلم!2 || dashboard_bundle_1/المحكم-علي الدوسري.xlsx | جمعية دعم التعليم تعلم!2,وديع الحربي,علي الدوسري,PRIMARY_ROSTER,45
SRC-LEG-LEG-ORG-B2-027,LEG-ORG-B2-027,جمعية عضيد للخدمات التطوعية,2,legacy,LEG-ORG-B2-027,جمعية عضيد للخدمات التطوعية,جمعيهعضيدللخدماتالتطوعيه,dashboard_bundle_1/الدفعة 2/تقرير أداء الدفعة.xlsx | dashboard_bundle_1/الدفعة 2/المستشار-وديع الحربي.xlsx | dashboard_bundle_1/المحكم-علي الدوسري.xlsx,dashboard_bundle_1/الدفعة 2/تقرير أداء الدفعة.xlsx | بيانات الجهات!28 || dashboard_bundle_1/الدفعة 2/المستشار-وديع الحربي.xlsx | جمعية عضيد للخدمات التطوعية!2 || dashboard_bundle_1/المحكم-علي الدوسري.xlsx | جمعية عضيد للخدمات التطوعية!2,وديع الحربي,علي الدوسري,PRIMARY_ROSTER,45
SRC-LEG-LEG-ORG-B2-028,LEG-ORG-B2-028,جمعية النخب العلمية,2,legacy,LEG-ORG-B2-028,جمعية النخب العلمية,جمعيهالنخبالعلميه,dashboard_bundle_1/الدفعة 2/تقرير أداء الدفعة.xlsx | dashboard_bundle_1/الدفعة 2/المستشار-وديع الحربي.xlsx | dashboard_bundle_1/المحكم-علي الدوسري.xlsx,dashboard_bundle_1/الدفعة 2/تقرير أداء الدفعة.xlsx | بيانات الجهات!29 || dashboard_bundle_1/الدفعة 2/المستشار-وديع الحربي.xlsx | جمعية النخب العلمية!2 || dashboard_bundle_1/المحكم-علي الدوسري.xlsx | جمعية النخب العلمية!2,وديع الحربي,علي الدوسري,PRIMARY_ROSTER,45
SRC-LEG-LEG-ORG-B2-029,LEG-ORG-B2-029,جمعية ذو النون للرعاية الصحية المنزلية,2,legacy,LEG-ORG-B2-029,جمعية ذو النون للرعاية الصحية المنزلية,جمعيهذوالنونللرعايهالصحيهالمنزليه,dashboard_bundle_1/الدفعة 2/تقرير أداء الدفعة.xlsx | dashboard_bundle_1/الدفعة 2/المستشار-وديع الحربي.xlsx | dashboard_bundle_1/المحكم-علي الدوسري.xlsx,dashboard_bundle_1/الدفعة 2/تقرير أداء الدفعة.xlsx | بيانات الجهات!30 || dashboard_bundle_1/الدفعة 2/المستشار-وديع الحربي.xlsx | جمعية ذو النون!2 || dashboard_bundle_1/المحكم-علي الدوسري.xlsx | جمعية ذو النون للرعاية الصحية!2,وديع الحربي,علي الدوسري,PRIMARY_ROSTER,45
SRC-LEG-LEG-ORG-B2-030,LEG-ORG-B2-030,جمعية أخلاقنا لتعزيز القيم,2,legacy,LEG-ORG-B2-030,جمعية أخلاقنا لتعزيز القيم,جمعيهاخلاقنالتعزيزالقيم,dashboard_bundle_1/الدفعة 2/تقرير أداء الدفعة.xlsx | dashboard_bundle_1/الدفعة 2/المستشار-وديع الحربي.xlsx | dashboard_bundle_1/المحكم-علي الدوسري.xlsx,dashboard_bundle_1/الدفعة 2/تقرير أداء الدفعة.xlsx | بيانات الجهات!31 || dashboard_bundle_1/الدفعة 2/المستشار-وديع الحربي.xlsx | جمعية أخلاقنا لتعزيز القيم!2 || dashboard_bundle_1/المحكم-علي الدوسري.xlsx | جمعية أخلاقنا لتعزيز القيم!2,وديع الحربي,علي الدوسري,PRIMARY_ROSTER,45
SRC-LEG-LEG-ORG-B3-001,LEG-ORG-B3-001,مؤسسة منارات الهدى الوقفية,3,legacy,LEG-ORG-B3-001,مؤسسة منارات الهدى الوقفية,مؤسسهمناراتالهديالوقفيه,dashboard_bundle_1/الدفعة 3/بيانات الجهات3.xlsx | dashboard_bundle_1/الدفعة 3/المحكم-خالد الزهراني.xlsx | dashboard_bundle_1/الدفعة 3/المستشار-عبدالرحمن موسى.xlsx,dashboard_bundle_1/الدفعة 3/بيانات الجهات3.xlsx | بيانات الجهات!2 || dashboard_bundle_1/الدفعة 3/المحكم-خالد الزهراني.xlsx | مؤسسة منارات الهدى الوقفية!2 || dashboard_bundle_1/الدفعة 3/المستشار-عبدالرحمن موسى.xlsx | مؤسسة منارات الهدى الوقفية!2,عبدالرحمن موسى,خالد الزهراني,PRIMARY_ROSTER,47
SRC-LEG-LEG-ORG-B3-002,ORG-A05-03,جمعية التنمية الأهلية بالشقيق,3,legacy,LEG-ORG-B3-002,جمعية التنمية الأهلية بالشقيق,جمعيهالتنميهالاهليهبالشقيق,dashboard_bundle_1/الدفعة 3/بيانات الجهات3.xlsx | dashboard_bundle_1/الدفعة 3/المحكم-خالد الزهراني.xlsx | dashboard_bundle_1/الدفعة 3/المستشار-عبدالرحمن موسى.xlsx,dashboard_bundle_1/الدفعة 3/بيانات الجهات3.xlsx | بيانات الجهات!3 || dashboard_bundle_1/الدفعة 3/المحكم-خالد الزهراني.xlsx | جمعية التنمية الأهلية بالشقيق!2 || dashboard_bundle_1/الدفعة 3/المستشار-عبدالرحمن موسى.xlsx | جمعية التنمية الأهلية بالشقيق!2,عبدالرحمن موسى,خالد الزهراني,PRIMARY_ROSTER,47
SRC-LEG-LEG-ORG-B3-003,ORG-A05-05,جمعية البر ايتاء ببيشة,3,legacy,LEG-ORG-B3-003,جمعية البر ايتاء ببيشة,جمعيهالبرايتاءببيشه,dashboard_bundle_1/الدفعة 3/بيانات الجهات3.xlsx | dashboard_bundle_1/الدفعة 3/المحكم-خالد الزهراني.xlsx | dashboard_bundle_1/الدفعة 3/المستشار-عبدالرحمن موسى.xlsx,dashboard_bundle_1/الدفعة 3/بيانات الجهات3.xlsx | بيانات الجهات!4 || dashboard_bundle_1/الدفعة 3/المحكم-خالد الزهراني.xlsx | جمعية البر ايتاء ببيشة!2 || dashboard_bundle_1/الدفعة 3/المستشار-عبدالرحمن موسى.xlsx | جمعية البر ايتاء ببيشة!2,عبدالرحمن موسى,خالد الزهراني,PRIMARY_ROSTER,47
SRC-LEG-LEG-ORG-B3-004,ORG-A05-07,جمعية التنمية الأهلية بوادي جازان,3,legacy,LEG-ORG-B3-004,جمعية التنمية الأهلية بوادي جازان,جمعيهالتنميهالاهليهبواديجازان,dashboard_bundle_1/الدفعة 3/بيانات الجهات3.xlsx | dashboard_bundle_1/الدفعة 3/المحكم-خالد الزهراني.xlsx | dashboard_bundle_1/الدفعة 3/المستشار-عبدالرحمن موسى.xlsx,dashboard_bundle_1/الدفعة 3/بيانات الجهات3.xlsx | بيانات الجهات!5 || dashboard_bundle_1/الدفعة 3/المحكم-خالد الزهراني.xlsx | جمعية التنمية بوادي جازان!2 || dashboard_bundle_1/الدفعة 3/المستشار-عبدالرحمن موسى.xlsx | جمعية التنمية بوادي جازان!2,عبدالرحمن موسى,خالد الزهراني,PRIMARY_ROSTER,47
SRC-LEG-LEG-ORG-B3-005,ORG-A05-06,جمعية البر الخيرية بمحافظة بني حسن,3,legacy,LEG-ORG-B3-005,جمعية البر الخيرية بمحافظة بني حسن,جمعيهالبرالخيريهبمحافظهبنيحسن,dashboard_bundle_1/الدفعة 3/بيانات الجهات3.xlsx | dashboard_bundle_1/الدفعة 3/المحكم-خالد الزهراني.xlsx | dashboard_bundle_1/الدفعة 3/المستشار-عبدالرحمن موسى.xlsx,dashboard_bundle_1/الدفعة 3/بيانات الجهات3.xlsx | بيانات الجهات!6 || dashboard_bundle_1/الدفعة 3/المحكم-خالد الزهراني.xlsx | جمعية البر بمحافظة بني حسن!2 || dashboard_bundle_1/الدفعة 3/المستشار-عبدالرحمن موسى.xlsx | جمعية البر بمحافظة بني حسن!2,عبدالرحمن موسى,خالد الزهراني,PRIMARY_ROSTER,47
SRC-LEG-LEG-ORG-B3-006,ORG-A05-04,الجمعية الخيرية لتحفيظ القران الكريم بنجران رتل,3,legacy,LEG-ORG-B3-006,الجمعية الخيرية لتحفيظ القران الكريم بنجران رتل,الجمعيهالخيريهلتحفيظالقرانالكريمبنجرانرتل,dashboard_bundle_1/الدفعة 3/بيانات الجهات3.xlsx | dashboard_bundle_1/الدفعة 3/المحكم-خالد الزهراني.xlsx | dashboard_bundle_1/الدفعة 3/المستشار-عبدالرحمن موسى.xlsx,dashboard_bundle_1/الدفعة 3/بيانات الجهات3.xlsx | بيانات الجهات!7 || dashboard_bundle_1/الدفعة 3/المحكم-خالد الزهراني.xlsx | جمعية تحفيظ القران بنجران رتل!2 || dashboard_bundle_1/الدفعة 3/المستشار-عبدالرحمن موسى.xlsx | الجمعية الخيرية بنجران رتل!2,عبدالرحمن موسى,خالد الزهراني,PRIMARY_ROSTER,47
SRC-LEG-LEG-ORG-B3-007,ORG-A05-01,جمعية التنمية الأهلية بالباحر,3,legacy,LEG-ORG-B3-007,جمعية التنمية الأهلية بالباحر,جمعيهالتنميهالاهليهبالباحر,dashboard_bundle_1/الدفعة 3/بيانات الجهات3.xlsx | dashboard_bundle_1/الدفعة 3/المحكم-خالد الزهراني.xlsx | dashboard_bundle_1/الدفعة 3/المستشار-عبدالرحمن موسى.xlsx,dashboard_bundle_1/الدفعة 3/بيانات الجهات3.xlsx | بيانات الجهات!8 || dashboard_bundle_1/الدفعة 3/المحكم-خالد الزهراني.xlsx | جمعية التنمية الأهلية بالباحر!2 || dashboard_bundle_1/الدفعة 3/المستشار-عبدالرحمن موسى.xlsx | جمعية التنمية الأهلية بالباحر!2,عبدالرحمن موسى,خالد الزهراني,PRIMARY_ROSTER,47
SRC-LEG-LEG-ORG-B3-008,ORG-A05-02,جمعية الدعوة والارشاد وتوعوية الجاليات بصناعية نجران إشراقة,3,legacy,LEG-ORG-B3-008,جمعية الدعوة والارشاد وتوعوية الجاليات بصناعية نجران إشراقة,جمعيهالدعوهوالارشادوتوعويهالجالياتبصناعيهنجراناشراقه,dashboard_bundle_1/الدفعة 3/بيانات الجهات3.xlsx | dashboard_bundle_1/الدفعة 3/المحكم-خالد الزهراني.xlsx | dashboard_bundle_1/الدفعة 3/المستشار-عبدالرحمن موسى.xlsx,dashboard_bundle_1/الدفعة 3/بيانات الجهات3.xlsx | بيانات الجهات!9 || dashboard_bundle_1/الدفعة 3/المحكم-خالد الزهراني.xlsx | جمعية إشراقة!2 || dashboard_bundle_1/الدفعة 3/المستشار-عبدالرحمن موسى.xlsx | جمعية نجران إشراقة!2,عبدالرحمن موسى,خالد الزهراني,PRIMARY_ROSTER,47
SRC-LEG-LEG-ORG-B3-009,LEG-ORG-B3-009,جمعية نبتون للتاهيل الطبي,3,legacy,LEG-ORG-B3-009,جمعية نبتون للتاهيل الطبي,جمعيهنبتونللتاهيلالطبي,dashboard_bundle_1/الدفعة 3/بيانات الجهات3.xlsx | dashboard_bundle_1/الدفعة 3/المحكم-أحمد خواجي.xlsx | dashboard_bundle_1/الدفعة 3/المستشار-ظافر القرني.xlsx,dashboard_bundle_1/الدفعة 3/بيانات الجهات3.xlsx | بيانات الجهات!10 || dashboard_bundle_1/الدفعة 3/المحكم-أحمد خواجي.xlsx | جمعية نبتون للتاهيل الطبي!2 || dashboard_bundle_1/الدفعة 3/المستشار-ظافر القرني.xlsx | جمعية نبتون للتاهيل الطبي!2,ظافر القرني,أحمد خواجي,PRIMARY_ROSTER,47
SRC-LEG-LEG-ORG-B3-010,ORG-A04-05,اللجنة الوطنية لرعاية السجناء والمفرج عنهم وأسرهم ( بعسير ),3,legacy,LEG-ORG-B3-010,اللجنة الوطنية لرعاية السجناء والمفرج عنهم وأسرهم ( بعسير ),اللجنهالوطنيهلرعايهالسجناءوالمفرجعنهمواسرهم(بعسير),dashboard_bundle_1/الدفعة 3/بيانات الجهات3.xlsx | dashboard_bundle_1/الدفعة 3/المحكم-أحمد خواجي.xlsx | dashboard_bundle_1/الدفعة 3/المستشار-ظافر القرني.xlsx,dashboard_bundle_1/الدفعة 3/بيانات الجهات3.xlsx | بيانات الجهات!11 || dashboard_bundle_1/الدفعة 3/المحكم-أحمد خواجي.xlsx | رعاية السجناء وأسرهم ( بعسير )!2 || dashboard_bundle_1/الدفعة 3/المستشار-ظافر القرني.xlsx | اللجنة الوطنية لرعاية السجناء!2,ظافر القرني,أحمد خواجي,PRIMARY_ROSTER,47
SRC-LEG-LEG-ORG-B3-011,ORG-A04-04,جمعية عبق الشبابية,3,legacy,LEG-ORG-B3-011,جمعية عبق الشبابية,جمعيهعبقالشبابيه,dashboard_bundle_1/الدفعة 3/بيانات الجهات3.xlsx | dashboard_bundle_1/الدفعة 3/المحكم-أحمد خواجي.xlsx | dashboard_bundle_1/الدفعة 3/المستشار-ظافر القرني.xlsx,dashboard_bundle_1/الدفعة 3/بيانات الجهات3.xlsx | بيانات الجهات!12 || dashboard_bundle_1/الدفعة 3/المحكم-أحمد خواجي.xlsx | جمعية عبق الشبابية!2 || dashboard_bundle_1/الدفعة 3/المستشار-ظافر القرني.xlsx | جمعية عبق الشبابية!2,ظافر القرني,أحمد خواجي,PRIMARY_ROSTER,47
SRC-LEG-LEG-ORG-B3-012,ORG-A04-03,جمعية تحفيظ القرآن الكريم بمحايل عسير ( تَعَاهَد),3,legacy,LEG-ORG-B3-012,جمعية تحفيظ القرآن الكريم بمحايل عسير ( تَعَاهَد),جمعيهتحفيظالقرانالكريمبمحايلعسير(تعاهد),dashboard_bundle_1/الدفعة 3/بيانات الجهات3.xlsx | dashboard_bundle_1/الدفعة 3/المحكم-أحمد خواجي.xlsx | dashboard_bundle_1/الدفعة 3/المستشار-ظافر القرني.xlsx,dashboard_bundle_1/الدفعة 3/بيانات الجهات3.xlsx | بيانات الجهات!13 || dashboard_bundle_1/الدفعة 3/المحكم-أحمد خواجي.xlsx | جمعية محايل عسير ( تَعَاهَد)!2 || dashboard_bundle_1/الدفعة 3/المستشار-ظافر القرني.xlsx | جمعية محايل عسير ( تَعَاهَد)!2,ظافر القرني,أحمد خواجي,PRIMARY_ROSTER,47
SRC-LEG-LEG-ORG-B3-013,ORG-A04-01,جمعية أفق لتطوير العمل الخيري والتطوعي,3,legacy,LEG-ORG-B3-013,جمعية أفق لتطوير العمل الخيري والتطوعي,جمعيهافقلتطويرالعملالخيريوالتطوعي,dashboard_bundle_1/الدفعة 3/بيانات الجهات3.xlsx | dashboard_bundle_1/الدفعة 3/المحكم-أحمد خواجي.xlsx | dashboard_bundle_1/الدفعة 3/المستشار-ظافر القرني.xlsx,dashboard_bundle_1/الدفعة 3/بيانات الجهات3.xlsx | بيانات الجهات!14 || dashboard_bundle_1/الدفعة 3/المحكم-أحمد خواجي.xlsx | جمعية أفق لتطوير العمل الخيري!2 || dashboard_bundle_1/الدفعة 3/المستشار-ظافر القرني.xlsx | جمعية أفق لتطوير العمل الخيري!2,ظافر القرني,أحمد خواجي,PRIMARY_ROSTER,47
SRC-LEG-LEG-ORG-B3-014,ORG-A04-02,جمعية افاق الشبابية,3,legacy,LEG-ORG-B3-014,جمعية افاق الشبابية,جمعيهافاقالشبابيه,dashboard_bundle_1/الدفعة 3/بيانات الجهات3.xlsx | dashboard_bundle_1/الدفعة 3/المحكم-أحمد خواجي.xlsx | dashboard_bundle_1/الدفعة 3/المستشار-ظافر القرني.xlsx,dashboard_bundle_1/الدفعة 3/بيانات الجهات3.xlsx | بيانات الجهات!15 || dashboard_bundle_1/الدفعة 3/المحكم-أحمد خواجي.xlsx | جمعية افاق الشبابية!2 || dashboard_bundle_1/الدفعة 3/المستشار-ظافر القرني.xlsx | جمعية افاق الشبابية!2,ظافر القرني,أحمد خواجي,PRIMARY_ROSTER,47
SRC-LEG-LEG-ORG-B3-015,LEG-ORG-B3-015,جمعية خبرات التعليمة,3,legacy,LEG-ORG-B3-015,جمعية خبرات التعليمة,جمعيهخبراتالتعليمه,dashboard_bundle_1/الدفعة 3/بيانات الجهات3.xlsx | dashboard_bundle_1/الدفعة 3/المحكم-أحمد خواجي.xlsx | dashboard_bundle_1/الدفعة 3/المستشار-ظافر القرني.xlsx,dashboard_bundle_1/الدفعة 3/بيانات الجهات3.xlsx | بيانات الجهات!16 || dashboard_bundle_1/الدفعة 3/المحكم-أحمد خواجي.xlsx | جمعية خبرات التعليمة!2 || dashboard_bundle_1/الدفعة 3/المستشار-ظافر القرني.xlsx | جمعية خبرات التعليمة!2,ظافر القرني,أحمد خواجي,PRIMARY_ROSTER,47
SRC-LEG-LEG-ORG-B3-016,ORG-A02-03,جمعية مواساة لإكرام الموتى بعسير,3,legacy,LEG-ORG-B3-016,جمعية مواساة لإكرام الموتى بعسير,جمعيهمواساهلاكرامالموتيبعسير,dashboard_bundle_1/الدفعة 3/بيانات الجهات3.xlsx | dashboard_bundle_1/الدفعة 3/المحكم-خالد القرني.xlsx | dashboard_bundle_1/الدفعة 3/المستشار-إســراء بـاقيس.xlsx,dashboard_bundle_1/الدفعة 3/بيانات الجهات3.xlsx | بيانات الجهات!17 || dashboard_bundle_1/الدفعة 3/المحكم-خالد القرني.xlsx | جمعية مواساة لإكرام الموتى!2 || dashboard_bundle_1/الدفعة 3/المستشار-إســراء بـاقيس.xlsx | جمعية مواساة لإكرام الموتى بعسي!2,إسراء باقيس,خالد القرني,PRIMARY_ROSTER,47
SRC-LEG-LEG-ORG-B3-017,LEG-ORG-B3-017,جمعية مرفأ للخدمات الاسرية,3,legacy,LEG-ORG-B3-017,جمعية مرفأ للخدمات الاسرية,جمعيهمرفاللخدماتالاسريه,dashboard_bundle_1/الدفعة 3/بيانات الجهات3.xlsx | dashboard_bundle_1/الدفعة 3/المحكم-خالد القرني.xlsx | dashboard_bundle_1/الدفعة 3/المستشار-إســراء بـاقيس.xlsx,dashboard_bundle_1/الدفعة 3/بيانات الجهات3.xlsx | بيانات الجهات!18 || dashboard_bundle_1/الدفعة 3/المحكم-خالد القرني.xlsx | جمعية مرفأ للخدمات الاسرية!2 || dashboard_bundle_1/الدفعة 3/المستشار-إســراء بـاقيس.xlsx | جمعية مرفأ للخدمات الاسرية!2,إسراء باقيس,خالد القرني,PRIMARY_ROSTER,47
SRC-LEG-LEG-ORG-B3-018,ORG-A02-04,جمعية الإسكان التنموي بعسير,3,legacy,LEG-ORG-B3-018,جمعية الإسكان التنموي بعسير,جمعيهالاسكانالتنمويبعسير,dashboard_bundle_1/الدفعة 3/بيانات الجهات3.xlsx | dashboard_bundle_1/الدفعة 3/المحكم-خالد القرني.xlsx | dashboard_bundle_1/الدفعة 3/المستشار-إســراء بـاقيس.xlsx,dashboard_bundle_1/الدفعة 3/بيانات الجهات3.xlsx | بيانات الجهات!19 || dashboard_bundle_1/الدفعة 3/المحكم-خالد القرني.xlsx | جمعية الإسكان التنموي بعسير!2 || dashboard_bundle_1/الدفعة 3/المستشار-إســراء بـاقيس.xlsx | جمعية الإسكان التنموي بعسير!2,إسراء باقيس,خالد القرني,PRIMARY_ROSTER,47
SRC-LEG-LEG-ORG-B3-019,ORG-A02-01,جمعية عمارة للعناية بالمساجد بجازان,3,legacy,LEG-ORG-B3-019,جمعية عمارة للعناية بالمساجد بجازان,جمعيهعمارهللعنايهبالمساجدبجازان,dashboard_bundle_1/الدفعة 3/بيانات الجهات3.xlsx | dashboard_bundle_1/الدفعة 3/المحكم-خالد القرني.xlsx | dashboard_bundle_1/الدفعة 3/المستشار-إســراء بـاقيس.xlsx,dashboard_bundle_1/الدفعة 3/بيانات الجهات3.xlsx | بيانات الجهات!20 || dashboard_bundle_1/الدفعة 3/المحكم-خالد القرني.xlsx | جمعية عمارة للعناية بالمساجد!2 || dashboard_bundle_1/الدفعة 3/المستشار-إســراء بـاقيس.xlsx | جمعية عمارة للعناية بالمساجد!2,إسراء باقيس,خالد القرني,PRIMARY_ROSTER,47
SRC-LEG-LEG-ORG-B3-020,ORG-A02-02,جمعية التنمية الأهلية بتبوك شيم,3,legacy,LEG-ORG-B3-020,جمعية التنمية الأهلية بتبوك شيم,جمعيهالتنميهالاهليهبتبوكشيم,dashboard_bundle_1/الدفعة 3/بيانات الجهات3.xlsx | dashboard_bundle_1/الدفعة 3/المحكم-خالد القرني.xlsx | dashboard_bundle_1/الدفعة 3/المستشار-إســراء بـاقيس.xlsx,dashboard_bundle_1/الدفعة 3/بيانات الجهات3.xlsx | بيانات الجهات!21 || dashboard_bundle_1/الدفعة 3/المحكم-خالد القرني.xlsx | جمعية التنمية الأهلية بتبوك شيم!2 || dashboard_bundle_1/الدفعة 3/المستشار-إســراء بـاقيس.xlsx | جمعية التنمية الأهلية بتبوك شيم!2,إسراء باقيس,خالد القرني,PRIMARY_ROSTER,47
SRC-LEG-LEG-ORG-B3-021,ORG-A02-06,جمعية التنمية الأهلية برفحاء,3,legacy,LEG-ORG-B3-021,جمعية التنمية الأهلية برفحاء,جمعيهالتنميهالاهليهبرفحاء,dashboard_bundle_1/الدفعة 3/بيانات الجهات3.xlsx | dashboard_bundle_1/الدفعة 3/المحكم-خالد القرني.xlsx | dashboard_bundle_1/الدفعة 3/المستشار-إســراء بـاقيس.xlsx,dashboard_bundle_1/الدفعة 3/بيانات الجهات3.xlsx | بيانات الجهات!22 || dashboard_bundle_1/الدفعة 3/المحكم-خالد القرني.xlsx | جمعية التنمية الأهلية برفحاء!2 || dashboard_bundle_1/الدفعة 3/المستشار-إســراء بـاقيس.xlsx | جمعية التنمية الأهلية برفحاء!2,إسراء باقيس,خالد القرني,PRIMARY_ROSTER,47
SRC-LEG-LEG-ORG-B3-022,LEG-ORG-B3-022,تحفيظ تبوك,3,legacy,LEG-ORG-B3-022,تحفيظ تبوك,تحفيظتبوك,dashboard_bundle_1/الدفعة 3/بيانات الجهات3.xlsx | dashboard_bundle_1/الدفعة 3/المحكم-خالد القرني.xlsx | dashboard_bundle_1/الدفعة 3/المستشار-إســراء بـاقيس.xlsx,dashboard_bundle_1/الدفعة 3/بيانات الجهات3.xlsx | بيانات الجهات!23 || dashboard_bundle_1/الدفعة 3/المحكم-خالد القرني.xlsx | تحفيظ تبوك!2 || dashboard_bundle_1/الدفعة 3/المستشار-إســراء بـاقيس.xlsx | تحفيظ تبوك!2,إسراء باقيس,خالد القرني,PRIMARY_ROSTER,47
SRC-LEG-LEG-ORG-B3-023,ORG-A02-05,جمعية نُبل الشبابية,3,legacy,LEG-ORG-B3-023,جمعية نُبل الشبابية,جمعيهنبلالشبابيه,dashboard_bundle_1/الدفعة 3/بيانات الجهات3.xlsx | dashboard_bundle_1/الدفعة 3/المحكم-خالد القرني.xlsx | dashboard_bundle_1/الدفعة 3/المستشار-إســراء بـاقيس.xlsx,dashboard_bundle_1/الدفعة 3/بيانات الجهات3.xlsx | بيانات الجهات!24 || dashboard_bundle_1/الدفعة 3/المحكم-خالد القرني.xlsx | جمعية نُبل الشبابية!2 || dashboard_bundle_1/الدفعة 3/المستشار-إســراء بـاقيس.xlsx | جمعية نُبل الشبابية!2,إسراء باقيس,خالد القرني,PRIMARY_ROSTER,47
SRC-LEG-LEG-ORG-B3-024,ORG-A03-04,جمعية عطاء الاهلية بجدة,3,legacy,LEG-ORG-B3-024,جمعية عطاء الاهلية بجدة,جمعيهعطاءالاهليهبجده,dashboard_bundle_1/الدفعة 3/بيانات الجهات3.xlsx | dashboard_bundle_1/الدفعة 3/المستشار-عزيـز التوخـي.xlsx,dashboard_bundle_1/الدفعة 3/بيانات الجهات3.xlsx | بيانات الجهات!25 || dashboard_bundle_1/الدفعة 3/المستشار-عزيـز التوخـي.xlsx | جمعية عطاء الاهلية بجدة!2,عزيز التوخي,,PRIMARY_ROSTER,0
SRC-LEG-LEG-ORG-B3-025,ORG-A03-03,جمعية نماء المكية للسقاية والرفادة,3,legacy,LEG-ORG-B3-025,جمعية نماء المكية للسقاية والرفادة,جمعيهنماءالمكيهللسقايهوالرفاده,dashboard_bundle_1/الدفعة 3/بيانات الجهات3.xlsx | dashboard_bundle_1/الدفعة 3/المستشار-عزيـز التوخـي.xlsx,dashboard_bundle_1/الدفعة 3/بيانات الجهات3.xlsx | بيانات الجهات!26 || dashboard_bundle_1/الدفعة 3/المستشار-عزيـز التوخـي.xlsx | جمعية نماء المكية للسقاية والرف!2,عزيز التوخي,,PRIMARY_ROSTER,0
SRC-LEG-LEG-ORG-B3-026,LEG-ORG-B3-026,جمعية حفظ النعمة,3,legacy,LEG-ORG-B3-026,جمعية حفظ النعمة,جمعيهحفظالنعمه,dashboard_bundle_1/الدفعة 3/بيانات الجهات3.xlsx | dashboard_bundle_1/الدفعة 3/المستشار-عزيـز التوخـي.xlsx,dashboard_bundle_1/الدفعة 3/بيانات الجهات3.xlsx | بيانات الجهات!27 || dashboard_bundle_1/الدفعة 3/المستشار-عزيـز التوخـي.xlsx | جمعية حفظ النعمة!2,عزيز التوخي,,PRIMARY_ROSTER,0
SRC-LEG-LEG-ORG-B3-027,ORG-A03-02,جمعية التنمية الإيجابية,3,legacy,LEG-ORG-B3-027,جمعية التنمية الإيجابية,جمعيهالتنميهالايجابيه,dashboard_bundle_1/الدفعة 3/بيانات الجهات3.xlsx | dashboard_bundle_1/الدفعة 3/المستشار-عزيـز التوخـي.xlsx,dashboard_bundle_1/الدفعة 3/بيانات الجهات3.xlsx | بيانات الجهات!28 || dashboard_bundle_1/الدفعة 3/المستشار-عزيـز التوخـي.xlsx | جمعية التنمية الإيجابية!2,عزيز التوخي,,PRIMARY_ROSTER,0
SRC-LEG-LEG-ORG-B3-028,ORG-A03-01,جمعية البر لقرى جنوب مكة,3,legacy,LEG-ORG-B3-028,جمعية البر لقرى جنوب مكة,جمعيهالبرلقريجنوبمكه,dashboard_bundle_1/الدفعة 3/بيانات الجهات3.xlsx | dashboard_bundle_1/الدفعة 3/المستشار-عزيـز التوخـي.xlsx,dashboard_bundle_1/الدفعة 3/بيانات الجهات3.xlsx | بيانات الجهات!29 || dashboard_bundle_1/الدفعة 3/المستشار-عزيـز التوخـي.xlsx | جمعية البر لقرى جنوب مكة!2,عزيز التوخي,,PRIMARY_ROSTER,0
SRC-LEG-LEG-ORG-B3-029,ORG-A03-05,جمعية خبير للمختبرات الطبية,3,legacy,LEG-ORG-B3-029,جمعية خبير للمختبرات الطبية,جمعيهخبيرللمختبراتالطبيه,dashboard_bundle_1/الدفعة 3/بيانات الجهات3.xlsx | dashboard_bundle_1/الدفعة 3/المستشار-عزيـز التوخـي.xlsx,dashboard_bundle_1/الدفعة 3/بيانات الجهات3.xlsx | بيانات الجهات!30 || dashboard_bundle_1/الدفعة 3/المستشار-عزيـز التوخـي.xlsx | جمعية خبير للمختبرات الطبية!2,عزيز التوخي,,PRIMARY_ROSTER,0
SRC-LEG-LEG-ORG-B4-001,ORG-A06-03,ديوان وزارة الداخلية,4,legacy,LEG-ORG-B4-001,ديوان وزارة الداخلية,ديوانوزارهالداخليه,dashboard_bundle_1/الدفعة 4/بيانات الجهات4.xlsx | dashboard_bundle_1/الدفعة 4/المستشار-سعيد الغامدي.xlsx,dashboard_bundle_1/الدفعة 4/بيانات الجهات4.xlsx | 4بيانات الجهات!2 || dashboard_bundle_1/الدفعة 4/المستشار-سعيد الغامدي.xlsx | ديوان وزارة الداخلية!2,سعيد الغامدي,,PRIMARY_ROSTER,0
SRC-LEG-LEG-ORG-B4-002,ORG-A06-01,جمعية الخدمات الاجتماعية بنمران,4,legacy,LEG-ORG-B4-002,جمعية الخدمات الاجتماعية بنمران,جمعيهالخدماتالاجتماعيهبنمران,dashboard_bundle_1/الدفعة 4/بيانات الجهات4.xlsx | dashboard_bundle_1/الدفعة 4/المستشار-سعيد الغامدي.xlsx,dashboard_bundle_1/الدفعة 4/بيانات الجهات4.xlsx | 4بيانات الجهات!3 || dashboard_bundle_1/الدفعة 4/المستشار-سعيد الغامدي.xlsx | جمعية الخدمات الاجتماعية بنمران!2,سعيد الغامدي,,PRIMARY_ROSTER,0
SRC-LEG-LEG-ORG-B4-003,ORG-A06-06,جمعية وسم للتصلب المتعدد,4,legacy,LEG-ORG-B4-003,جمعية وسم للتصلب المتعدد,جمعيهوسمللتصلبالمتعدد,dashboard_bundle_1/الدفعة 4/بيانات الجهات4.xlsx | dashboard_bundle_1/الدفعة 4/المستشار-سعيد الغامدي.xlsx,dashboard_bundle_1/الدفعة 4/بيانات الجهات4.xlsx | 4بيانات الجهات!4 || dashboard_bundle_1/الدفعة 4/المستشار-سعيد الغامدي.xlsx | جمعية وسم للتصلب المتعدد!2,سعيد الغامدي,,PRIMARY_ROSTER,0
SRC-LEG-LEG-ORG-B4-004,ORG-A06-02,جمعية التنمية الأهلية بأحد المسارحة,4,legacy,LEG-ORG-B4-004,جمعية التنمية الأهلية بأحد المسارحة,جمعيهالتنميهالاهليهباحدالمسارحه,dashboard_bundle_1/الدفعة 4/بيانات الجهات4.xlsx | dashboard_bundle_1/الدفعة 4/المستشار-سعيد الغامدي.xlsx,dashboard_bundle_1/الدفعة 4/بيانات الجهات4.xlsx | 4بيانات الجهات!5 || dashboard_bundle_1/الدفعة 4/المستشار-سعيد الغامدي.xlsx | جمعية التنمية الأهلية بأحد المس!2,سعيد الغامدي,,PRIMARY_ROSTER,0
SRC-LEG-LEG-ORG-B4-005,ORG-A06-05,جمعية ترميم للتنمية,4,legacy,LEG-ORG-B4-005,جمعية ترميم للتنمية,جمعيهترميمللتنميه,dashboard_bundle_1/الدفعة 4/بيانات الجهات4.xlsx | dashboard_bundle_1/الدفعة 4/المستشار-سعيد الغامدي.xlsx,dashboard_bundle_1/الدفعة 4/بيانات الجهات4.xlsx | 4بيانات الجهات!6 || dashboard_bundle_1/الدفعة 4/المستشار-سعيد الغامدي.xlsx | جمعية ترميم للتنمية!2,سعيد الغامدي,,PRIMARY_ROSTER,0
SRC-LEG-LEG-ORG-B4-006,ORG-A06-04,جمعيه جمان التعليمية,4,legacy,LEG-ORG-B4-006,جمعية جمان التعليمية,جمعيهجمانالتعليميه,dashboard_bundle_1/الدفعة 4/بيانات الجهات4.xlsx | dashboard_bundle_1/الدفعة 4/المستشار-سعيد الغامدي.xlsx,dashboard_bundle_1/الدفعة 4/بيانات الجهات4.xlsx | 4بيانات الجهات!7 || dashboard_bundle_1/الدفعة 4/المستشار-سعيد الغامدي.xlsx | جمعية جمان التعليمية!2,سعيد الغامدي,,PRIMARY_ROSTER,0
SRC-LEG-LEG-ORG-B4-007,ORG-A06-07,جمعية أصول للمحتوى الدعوي,4,legacy,LEG-ORG-B4-007,جمعية أصول للمحتوى الدعوي,جمعيهاصولللمحتويالدعوي,dashboard_bundle_1/الدفعة 4/بيانات الجهات4.xlsx | dashboard_bundle_1/الدفعة 4/المستشار-سعيد الغامدي.xlsx,dashboard_bundle_1/الدفعة 4/بيانات الجهات4.xlsx | 4بيانات الجهات!8 || dashboard_bundle_1/الدفعة 4/المستشار-سعيد الغامدي.xlsx | جمعية أصول للمحتوى الدعوي!2,سعيد الغامدي,,PRIMARY_ROSTER,0
SRC-LEG-LEG-ORG-B4-008,ORG-A07-06,هيئة تطويرمنطقة المدينة المنورة,4,legacy,LEG-ORG-B4-008,هيئة تطويرمنطقة المدينة المنورة,هيئهتطويرمنطقهالمدينهالمنوره,dashboard_bundle_1/الدفعة 4/بيانات الجهات4.xlsx | dashboard_bundle_1/الدفعة 4/المحكم-بندر الحارثي.xlsx | dashboard_bundle_1/الدفعة 4/المستشار-فهد ظافر.xlsx,dashboard_bundle_1/الدفعة 4/بيانات الجهات4.xlsx | 4بيانات الجهات!9 || dashboard_bundle_1/الدفعة 4/المحكم-بندر الحارثي.xlsx | هيئة تطويرمنطقة المدينة المنورة!2 || dashboard_bundle_1/الدفعة 4/المستشار-فهد ظافر.xlsx | هيئة تطويرمنطقة المدينة المنورة!2,فهد ظافر,بندر الحارثي,PRIMARY_ROSTER,47
SRC-LEG-LEG-ORG-B4-009,ORG-A07-07,جمعية مجلس حي اجيال الاجتماعي,4,legacy,LEG-ORG-B4-009,جمعية مجلس حي اجيال الاجتماعي,جمعيهمجلسحياجيالالاجتماعي,dashboard_bundle_1/الدفعة 4/بيانات الجهات4.xlsx | dashboard_bundle_1/الدفعة 4/المحكم-بندر الحارثي.xlsx | dashboard_bundle_1/الدفعة 4/المستشار-فهد ظافر.xlsx,dashboard_bundle_1/الدفعة 4/بيانات الجهات4.xlsx | 4بيانات الجهات!10 || dashboard_bundle_1/الدفعة 4/المحكم-بندر الحارثي.xlsx | جمعية مجلس حي اجيال الاجتماعي!2 || dashboard_bundle_1/الدفعة 4/المستشار-فهد ظافر.xlsx | جمعية مجلس حي اجيال الاجتماعي!2,فهد ظافر,بندر الحارثي,PRIMARY_ROSTER,47
SRC-LEG-LEG-ORG-B4-010,ORG-A07-01,جمعية سقيا الخيرية,4,legacy,LEG-ORG-B4-010,جمعية سقيا الخيرية,جمعيهسقياالخيريه,dashboard_bundle_1/الدفعة 4/بيانات الجهات4.xlsx | dashboard_bundle_1/الدفعة 4/المحكم-بندر الحارثي.xlsx | dashboard_bundle_1/الدفعة 4/المستشار-فهد ظافر.xlsx,dashboard_bundle_1/الدفعة 4/بيانات الجهات4.xlsx | 4بيانات الجهات!11 || dashboard_bundle_1/الدفعة 4/المحكم-بندر الحارثي.xlsx | جمعية سقيا الخيرية!2 || dashboard_bundle_1/الدفعة 4/المستشار-فهد ظافر.xlsx | جمعية سقيا الخيرية!2,فهد ظافر,بندر الحارثي,PRIMARY_ROSTER,47
SRC-LEG-LEG-ORG-B4-011,ORG-A07-03,جمعية التنمية الأهلية ببداء,4,legacy,LEG-ORG-B4-011,جمعية التنمية الأهلية ببداء,جمعيهالتنميهالاهليهببداء,dashboard_bundle_1/الدفعة 4/بيانات الجهات4.xlsx | dashboard_bundle_1/الدفعة 4/المحكم-بندر الحارثي.xlsx | dashboard_bundle_1/الدفعة 4/المستشار-فهد ظافر.xlsx,dashboard_bundle_1/الدفعة 4/بيانات الجهات4.xlsx | 4بيانات الجهات!12 || dashboard_bundle_1/الدفعة 4/المحكم-بندر الحارثي.xlsx | جمعية التنمية الأهلية ببداء!2 || dashboard_bundle_1/الدفعة 4/المستشار-فهد ظافر.xlsx | جمعية التنمية الأهلية ببداء!2,فهد ظافر,بندر الحارثي,PRIMARY_ROSTER,47
SRC-LEG-LEG-ORG-B4-012,ORG-A07-04,جمعية البر الخيرية بمركز حقال,4,legacy,LEG-ORG-B4-012,جمعية البر الخيرية بمركز حقال,جمعيهالبرالخيريهبمركزحقال,dashboard_bundle_1/الدفعة 4/بيانات الجهات4.xlsx | dashboard_bundle_1/الدفعة 4/المحكم-بندر الحارثي.xlsx | dashboard_bundle_1/الدفعة 4/المستشار-فهد ظافر.xlsx,dashboard_bundle_1/الدفعة 4/بيانات الجهات4.xlsx | 4بيانات الجهات!13 || dashboard_bundle_1/الدفعة 4/المحكم-بندر الحارثي.xlsx | جمعية البر الخيرية بمركز حقال!2 || dashboard_bundle_1/الدفعة 4/المستشار-فهد ظافر.xlsx | جمعية البر الخيرية بمركز حقال!2,فهد ظافر,بندر الحارثي,PRIMARY_ROSTER,47
SRC-LEG-LEG-ORG-B4-013,ORG-A07-05,جمعية حرف التعليمية,4,legacy,LEG-ORG-B4-013,جمعية حرف التعليمية,جمعيهحرفالتعليميه,dashboard_bundle_1/الدفعة 4/بيانات الجهات4.xlsx | dashboard_bundle_1/الدفعة 4/المحكم-بندر الحارثي.xlsx | dashboard_bundle_1/الدفعة 4/المستشار-فهد ظافر.xlsx,dashboard_bundle_1/الدفعة 4/بيانات الجهات4.xlsx | 4بيانات الجهات!14 || dashboard_bundle_1/الدفعة 4/المحكم-بندر الحارثي.xlsx | جمعية حرف التعليمية!2 || dashboard_bundle_1/الدفعة 4/المستشار-فهد ظافر.xlsx | جمعية حرف التعليمية!2,فهد ظافر,بندر الحارثي,PRIMARY_ROSTER,47
SRC-LEG-LEG-ORG-B4-014,ORG-A07-02,هيئة تطوير محمية الإمام عبدالعزيز بن محمد الملكية,4,legacy,LEG-ORG-B4-014,هيئة تطوير محمية الإمام عبدالعزيز بن محمد الملكية,هيئهتطويرمحميهالامامعبدالعزيزبنمحمدالملكيه,dashboard_bundle_1/الدفعة 4/بيانات الجهات4.xlsx | dashboard_bundle_1/الدفعة 4/المحكم-بندر الحارثي.xlsx | dashboard_bundle_1/الدفعة 4/المستشار-فهد ظافر.xlsx,dashboard_bundle_1/الدفعة 4/بيانات الجهات4.xlsx | 4بيانات الجهات!15 || dashboard_bundle_1/الدفعة 4/المحكم-بندر الحارثي.xlsx | هيئة تطوير محمية الإمام!2 || dashboard_bundle_1/الدفعة 4/المستشار-فهد ظافر.xlsx | هيئة تطوير محمية الإمام عبدالعز!2,فهد ظافر,بندر الحارثي,PRIMARY_ROSTER,47
SRC-LEG-LEG-ORG-B4-015,ORG-A08-10,التأمينات الاجتماعية,4,legacy,LEG-ORG-B4-015,التأمينات الاجتماعية,التاميناتالاجتماعيه,dashboard_bundle_1/الدفعة 4/بيانات الجهات4.xlsx | dashboard_bundle_1/الدفعة 4/المحكم-محمد العبدالجبار.xlsx | dashboard_bundle_1/الدفعة 4/المستشار-محمد الحليبي.xlsx,dashboard_bundle_1/الدفعة 4/بيانات الجهات4.xlsx | 4بيانات الجهات!16 || dashboard_bundle_1/الدفعة 4/المحكم-محمد العبدالجبار.xlsx | التأمينات الاجتماعية!2 || dashboard_bundle_1/الدفعة 4/المستشار-محمد الحليبي.xlsx | التأمينات الاجتماعية!2,محمد الحليبي,محمد العبدالجبار,PRIMARY_ROSTER,47
SRC-LEG-LEG-ORG-B4-016,ORG-A08-13,جمعية مسكن للإسكان التنموي,4,legacy,LEG-ORG-B4-016,جمعية مسكن للإسكان التنموي,جمعيهمسكنللاسكانالتنموي,dashboard_bundle_1/الدفعة 4/بيانات الجهات4.xlsx | dashboard_bundle_1/الدفعة 4/المحكم-محمد العبدالجبار.xlsx | dashboard_bundle_1/الدفعة 4/المستشار-محمد الحليبي.xlsx,dashboard_bundle_1/الدفعة 4/بيانات الجهات4.xlsx | 4بيانات الجهات!17 || dashboard_bundle_1/الدفعة 4/المحكم-محمد العبدالجبار.xlsx | جمعية مسكن للإسكان التنموي!2 || dashboard_bundle_1/الدفعة 4/المستشار-محمد الحليبي.xlsx | جمعية مسكن للإسكان التنموي!2,محمد الحليبي,محمد العبدالجبار,PRIMARY_ROSTER,47
SRC-LEG-LEG-ORG-B4-017,ORG-A08-09,جمعية ميراث العلمية,4,legacy,LEG-ORG-B4-017,جمعية ميراث العلمية,جمعيهميراثالعلميه,dashboard_bundle_1/الدفعة 4/بيانات الجهات4.xlsx | dashboard_bundle_1/الدفعة 4/المحكم-محمد العبدالجبار.xlsx | dashboard_bundle_1/الدفعة 4/المستشار-محمد الحليبي.xlsx,dashboard_bundle_1/الدفعة 4/بيانات الجهات4.xlsx | 4بيانات الجهات!18 || dashboard_bundle_1/الدفعة 4/المحكم-محمد العبدالجبار.xlsx | جمعية ميراث العلمية!2 || dashboard_bundle_1/الدفعة 4/المستشار-محمد الحليبي.xlsx | جمعية ميراث العلمية!2,محمد الحليبي,محمد العبدالجبار,PRIMARY_ROSTER,47
SRC-LEG-LEG-ORG-B4-018,ORG-A08-01,جمعية البر الخيرية بالقنفذة,4,legacy,LEG-ORG-B4-018,جمعية البر الخيرية بالقنفذة,جمعيهالبرالخيريهبالقنفذه,dashboard_bundle_1/الدفعة 4/بيانات الجهات4.xlsx | dashboard_bundle_1/الدفعة 4/المحكم-محمد العبدالجبار.xlsx | dashboard_bundle_1/الدفعة 4/المستشار-محمد الحليبي.xlsx,dashboard_bundle_1/الدفعة 4/بيانات الجهات4.xlsx | 4بيانات الجهات!19 || dashboard_bundle_1/الدفعة 4/المحكم-محمد العبدالجبار.xlsx | جمعية البر الخيرية بالقنفذة!2 || dashboard_bundle_1/الدفعة 4/المستشار-محمد الحليبي.xlsx | جمعية البر الخيرية بالقنفذة!2,محمد الحليبي,محمد العبدالجبار,PRIMARY_ROSTER,47
SRC-LEG-LEG-ORG-B4-019,ORG-A08-15,جمعية رواء للتنمية الأسرية,4,legacy,LEG-ORG-B4-019,جمعية رواء للتنمية الأسرية,جمعيهرواءللتنميهالاسريه,dashboard_bundle_1/الدفعة 4/بيانات الجهات4.xlsx | dashboard_bundle_1/الدفعة 4/المحكم-محمد العبدالجبار.xlsx | dashboard_bundle_1/الدفعة 4/المستشار-محمد الحليبي.xlsx,dashboard_bundle_1/الدفعة 4/بيانات الجهات4.xlsx | 4بيانات الجهات!20 || dashboard_bundle_1/الدفعة 4/المحكم-محمد العبدالجبار.xlsx | جمعية رواء للتنمية الأسرية!2 || dashboard_bundle_1/الدفعة 4/المستشار-محمد الحليبي.xlsx | جمعية رواء للتنمية الأسرية!2,محمد الحليبي,محمد العبدالجبار,PRIMARY_ROSTER,47
SRC-LEG-LEG-ORG-B4-020,ORG-A08-03,جمعية مسارات الشبابية,4,legacy,LEG-ORG-B4-020,جمعية مسارات الشبابية,جمعيهمساراتالشبابيه,dashboard_bundle_1/الدفعة 4/بيانات الجهات4.xlsx | dashboard_bundle_1/الدفعة 4/المحكم-محمد العبدالجبار.xlsx | dashboard_bundle_1/الدفعة 4/المستشار-محمد الحليبي.xlsx,dashboard_bundle_1/الدفعة 4/بيانات الجهات4.xlsx | 4بيانات الجهات!21 || dashboard_bundle_1/الدفعة 4/المحكم-محمد العبدالجبار.xlsx | جمعية مسارات الشبابية!2 || dashboard_bundle_1/الدفعة 4/المستشار-محمد الحليبي.xlsx | جمعية مسارات الشبابية!2,محمد الحليبي,محمد العبدالجبار,PRIMARY_ROSTER,47
SRC-LEG-LEG-ORG-B4-021,ORG-A08-06,أمانة المنطقة الشرقية,4,legacy,LEG-ORG-B4-021,أمانة المنطقة الشرقية,امانهالمنطقهالشرقيه,dashboard_bundle_1/الدفعة 4/بيانات الجهات4.xlsx | dashboard_bundle_1/الدفعة 4/المحكم-محمد العبدالجبار.xlsx | dashboard_bundle_1/الدفعة 4/المستشار-محمد الحليبي.xlsx,dashboard_bundle_1/الدفعة 4/بيانات الجهات4.xlsx | 4بيانات الجهات!22 || dashboard_bundle_1/الدفعة 4/المحكم-محمد العبدالجبار.xlsx | أمانة المنطقة الشرقية!2 || dashboard_bundle_1/الدفعة 4/المستشار-محمد الحليبي.xlsx | أمانة المنطقة الشرقية!2,محمد الحليبي,محمد العبدالجبار,PRIMARY_ROSTER,47
SRC-LEG-LEG-ORG-B4-022,ORG-A01-04,جمعية أطفال طيبة,4,legacy,LEG-ORG-B4-022,جمعية أطفال طيبة,جمعيهاطفالطيبه,dashboard_bundle_1/الدفعة 4/بيانات الجهات4.xlsx | dashboard_bundle_1/الدفعة 4/المحكم-بتول الرويلي.xlsx | dashboard_bundle_1/الدفعة 4/المستشار-نجود السيد.xlsx,dashboard_bundle_1/الدفعة 4/بيانات الجهات4.xlsx | 4بيانات الجهات!23 || dashboard_bundle_1/الدفعة 4/المحكم-بتول الرويلي.xlsx | جمعية أطفال طيبة!2 || dashboard_bundle_1/الدفعة 4/المستشار-نجود السيد.xlsx | جمعية أطفال طيبة!2,نجود السيد,بتول الرويلي,PRIMARY_ROSTER,47
SRC-LEG-LEG-ORG-B4-023,ORG-A01-02,مؤسسة الاميرة العنود,4,legacy,LEG-ORG-B4-023,مؤسسة الاميرة العنود,مؤسسهالاميرهالعنود,dashboard_bundle_1/الدفعة 4/بيانات الجهات4.xlsx | dashboard_bundle_1/الدفعة 4/المحكم-بتول الرويلي.xlsx | dashboard_bundle_1/الدفعة 4/المستشار-نجود السيد.xlsx,dashboard_bundle_1/الدفعة 4/بيانات الجهات4.xlsx | 4بيانات الجهات!24 || dashboard_bundle_1/الدفعة 4/المحكم-بتول الرويلي.xlsx | مؤسسة الاميرة العنود!2 || dashboard_bundle_1/الدفعة 4/المستشار-نجود السيد.xlsx | مؤسسة الاميرة العنود!2,نجود السيد,بتول الرويلي,PRIMARY_ROSTER,47
SRC-LEG-LEG-ORG-B4-024,ORG-A01-03,جمعية ابتسم لخدمات طب الأسنان التطوعية,4,legacy,LEG-ORG-B4-024,جمعية ابتسم لخدمات طب الأسنان التطوعية,جمعيهابتسملخدماتطبالاسنانالتطوعيه,dashboard_bundle_1/الدفعة 4/بيانات الجهات4.xlsx | dashboard_bundle_1/الدفعة 4/المحكم-بتول الرويلي.xlsx | dashboard_bundle_1/الدفعة 4/المستشار-نجود السيد.xlsx,dashboard_bundle_1/الدفعة 4/بيانات الجهات4.xlsx | 4بيانات الجهات!25 || dashboard_bundle_1/الدفعة 4/المحكم-بتول الرويلي.xlsx | جمعية ابتسم لخدمات طب الأسنان!2 || dashboard_bundle_1/الدفعة 4/المستشار-نجود السيد.xlsx | جمعية ابتسم لخدمات طب الأسنان!2,نجود السيد,بتول الرويلي,PRIMARY_ROSTER,47
SRC-LEG-LEG-ORG-B4-025,LEG-ORG-B4-025,جمعية اقرأ التعليمية,4,legacy,LEG-ORG-B4-025,جمعية اقرأ التعليمية,جمعيهاقراالتعليميه,dashboard_bundle_1/الدفعة 4/بيانات الجهات4.xlsx | dashboard_bundle_1/الدفعة 4/المحكم-بتول الرويلي.xlsx | dashboard_bundle_1/الدفعة 4/المستشار-نجود السيد.xlsx,dashboard_bundle_1/الدفعة 4/بيانات الجهات4.xlsx | 4بيانات الجهات!26 || dashboard_bundle_1/الدفعة 4/المحكم-بتول الرويلي.xlsx | جمعية اقرأ التعليمية!2 || dashboard_bundle_1/الدفعة 4/المستشار-نجود السيد.xlsx | جمعية اقرأ التعليمية!2,نجود السيد,بتول الرويلي,PRIMARY_ROSTER,47
SRC-LEG-LEG-ORG-B4-026,ORG-A01-05,جمعية ساعد القانونية لخدمة الأرامل والايتام,4,legacy,LEG-ORG-B4-026,جمعية ساعد القانونية لخدمة الأرامل والايتام,جمعيهساعدالقانونيهلخدمهالاراملوالايتام,dashboard_bundle_1/الدفعة 4/بيانات الجهات4.xlsx | dashboard_bundle_1/الدفعة 4/المحكم-بتول الرويلي.xlsx | dashboard_bundle_1/الدفعة 4/المستشار-نجود السيد.xlsx,dashboard_bundle_1/الدفعة 4/بيانات الجهات4.xlsx | 4بيانات الجهات!27 || dashboard_bundle_1/الدفعة 4/المحكم-بتول الرويلي.xlsx | جمعية ساعد القانونية!2 || dashboard_bundle_1/الدفعة 4/المستشار-نجود السيد.xlsx | جمعية ساعد القانونية لخدمة!2,نجود السيد,بتول الرويلي,PRIMARY_ROSTER,47
SRC-LEG-LEG-ORG-B4-027,ORG-A01-01,جمعية المشي والجري,4,legacy,LEG-ORG-B4-027,جمعية المشي والجري,جمعيهالمشيوالجري,dashboard_bundle_1/الدفعة 4/بيانات الجهات4.xlsx | dashboard_bundle_1/الدفعة 4/المحكم-بتول الرويلي.xlsx | dashboard_bundle_1/الدفعة 4/المستشار-نجود السيد.xlsx,dashboard_bundle_1/الدفعة 4/بيانات الجهات4.xlsx | 4بيانات الجهات!28 || dashboard_bundle_1/الدفعة 4/المحكم-بتول الرويلي.xlsx | جمعية المشي والجري!2 || dashboard_bundle_1/الدفعة 4/المستشار-نجود السيد.xlsx | جمعية المشي والجري!2,نجود السيد,بتول الرويلي,PRIMARY_ROSTER,47
SRC-LEG-LEG-ORG-B4-028,ORG-A08-08,وزارة النقل والخدمات اللوجستية,4,legacy,LEG-ORG-B4-028,وزارة النقل والخدمات اللوجستية,وزارهالنقلوالخدماتاللوجستيه,dashboard_bundle_1/الدفعة 4/بيانات الجهات4.xlsx | dashboard_bundle_1/الدفعة 4/المستشار-وديــع الحربي.xlsx,dashboard_bundle_1/الدفعة 4/بيانات الجهات4.xlsx | 4بيانات الجهات!29 || dashboard_bundle_1/الدفعة 4/المستشار-وديــع الحربي.xlsx | وزارة النقل والخدمات اللوجستية!2,وديع الحربي,,PRIMARY_ROSTER,0
SRC-LEG-LEG-ORG-B4-029,ORG-A08-11,جمعية صدارة,4,legacy,LEG-ORG-B4-029,جمعية صدارة,جمعيهصداره,dashboard_bundle_1/الدفعة 4/بيانات الجهات4.xlsx | dashboard_bundle_1/الدفعة 4/المستشار-وديــع الحربي.xlsx,dashboard_bundle_1/الدفعة 4/بيانات الجهات4.xlsx | 4بيانات الجهات!30 || dashboard_bundle_1/الدفعة 4/المستشار-وديــع الحربي.xlsx | جمعية صدارة!2,وديع الحربي,,PRIMARY_ROSTER,0
SRC-LEG-LEG-ORG-B4-030,ORG-A08-04,جمعية كفاءات الأهلية لبناء قدرات الشباب,4,legacy,LEG-ORG-B4-030,جمعية كفاءات الأهلية لبناء قدرات الشباب,جمعيهكفاءاتالاهليهلبناءقدراتالشباب,dashboard_bundle_1/الدفعة 4/بيانات الجهات4.xlsx | dashboard_bundle_1/الدفعة 4/المستشار-وديــع الحربي.xlsx,dashboard_bundle_1/الدفعة 4/بيانات الجهات4.xlsx | 4بيانات الجهات!31 || dashboard_bundle_1/الدفعة 4/المستشار-وديــع الحربي.xlsx | جمعية كفاءات الأهلية!2,وديع الحربي,,PRIMARY_ROSTER,0
SRC-LEG-LEG-ORG-B4-031,ORG-A08-07,جمعية بلسم الاهلية لمساندة مرضى السرطان,4,legacy,LEG-ORG-B4-031,جمعية بلسم الاهلية لمساندة مرضى السرطان,جمعيهبلسمالاهليهلمساندهمرضيالسرطان,dashboard_bundle_1/الدفعة 4/بيانات الجهات4.xlsx | dashboard_bundle_1/الدفعة 4/المستشار-وديــع الحربي.xlsx,dashboard_bundle_1/الدفعة 4/بيانات الجهات4.xlsx | 4بيانات الجهات!32 || dashboard_bundle_1/الدفعة 4/المستشار-وديــع الحربي.xlsx | جمعية بلسم الاهلية!2,وديع الحربي,,PRIMARY_ROSTER,0
SRC-LEG-LEG-ORG-B4-032,ORG-A08-05,جمعية مُعان الاهلية بمكة,4,legacy,LEG-ORG-B4-032,جمعية مُعان الاهلية بمكة,جمعيهمعانالاهليهبمكه,dashboard_bundle_1/الدفعة 4/بيانات الجهات4.xlsx | dashboard_bundle_1/الدفعة 4/المستشار-وديــع الحربي.xlsx,dashboard_bundle_1/الدفعة 4/بيانات الجهات4.xlsx | 4بيانات الجهات!33 || dashboard_bundle_1/الدفعة 4/المستشار-وديــع الحربي.xlsx | جمعية مُعان الاهلية بمكة!2,وديع الحربي,,PRIMARY_ROSTER,0
SRC-LEG-LEG-ORG-B4-033,ORG-A08-14,وزارة الخارجية,4,legacy,LEG-ORG-B4-033,وزارة الخارجية,وزارهالخارجيه,dashboard_bundle_1/الدفعة 4/بيانات الجهات4.xlsx | dashboard_bundle_1/الدفعة 4/المستشار-وديــع الحربي.xlsx,dashboard_bundle_1/الدفعة 4/بيانات الجهات4.xlsx | 4بيانات الجهات!34 || dashboard_bundle_1/الدفعة 4/المستشار-وديــع الحربي.xlsx | وزارة الخارجية!2,وديع الحربي,,PRIMARY_ROSTER,0
SRC-LEG-LEG-ORG-B4-034,ORG-A08-12,إمارة الجوف,4,legacy,LEG-ORG-B4-034,إمارة الجوف,امارهالجوف,dashboard_bundle_1/الدفعة 4/بيانات الجهات4.xlsx | dashboard_bundle_1/الدفعة 4/المستشار-وديــع الحربي.xlsx,dashboard_bundle_1/الدفعة 4/بيانات الجهات4.xlsx | 4بيانات الجهات!35 || dashboard_bundle_1/الدفعة 4/المستشار-وديــع الحربي.xlsx | إمارة الجوف!2,وديع الحربي,,PRIMARY_ROSTER,0
SRC-LEG-LEG-ORG-B4-035,ORG-A08-02,صندوق الشهداء والمصابين والأسرى والمفقودين,4,legacy,LEG-ORG-B4-035,صندوق الشهداء,صندوقالشهداء,dashboard_bundle_1/الدفعة 4/المستشار-وديــع الحربي.xlsx,dashboard_bundle_1/الدفعة 4/المستشار-وديــع الحربي.xlsx | صندوق الشهداء!2,وديع الحربي,,SUPPLEMENTAL_OPERATIONAL,0
SRC-LOV-ORG-A01-01,ORG-A01-01,جمعية المشي والجري,4,lovable,ORG-A01-01,جمعية المشي والجري,جمعيهالمشيوالجري,lovable_current,,"[""نجود السيد""]",بتول الرويلي,,45
SRC-LOV-ORG-A01-02,ORG-A01-02,مؤسسة الاميرة العنود,4,lovable,ORG-A01-02,مؤسسة الاميرة العنود,مؤسسهالاميرهالعنود,lovable_current,,"[""نجود السيد""]",بتول الرويلي,,45
SRC-LOV-ORG-A01-03,ORG-A01-03,جمعية ابتسم لخدمات طب الأسنان التطوعية,4,lovable,ORG-A01-03,جمعية ابتسم لخدمات طب الأسنان التطوعية,جمعيهابتسملخدماتطبالاسنانالتطوعيه,lovable_current,,"[""نجود السيد""]",بتول الرويلي,,45
SRC-LOV-ORG-A01-04,ORG-A01-04,جمعية أطفال طيبة,4,lovable,ORG-A01-04,جمعية أطفال طيبة,جمعيهاطفالطيبه,lovable_current,,"[""نجود السيد""]",بتول الرويلي,,45
SRC-LOV-ORG-A01-05,ORG-A01-05,جمعية ساعد القانونية لخدمة الأرامل والايتام,4,lovable,ORG-A01-05,جمعية ساعد القانونية لخدمة الأرامل والايتام,جمعيهساعدالقانونيهلخدمهالاراملوالايتام,lovable_current,,"[""نجود السيد""]",بتول الرويلي,,45
SRC-LOV-ORG-A02-01,ORG-A02-01,جمعية عمارة للعناية بالمساجد بجازان,3,lovable,ORG-A02-01,جمعية عمارة للعناية بالمساجد بجازان,جمعيهعمارهللعنايهبالمساجدبجازان,lovable_current,,"[""إسراء باقيس""]",خالد القرني,,45
SRC-LOV-ORG-A02-02,ORG-A02-02,جمعية التنمية الأهلية بتبوك شيم,3,lovable,ORG-A02-02,جمعية التنمية الأهلية بتبوك شيم,جمعيهالتنميهالاهليهبتبوكشيم,lovable_current,,"[""إسراء باقيس""]",خالد القرني,,45
SRC-LOV-ORG-A02-03,ORG-A02-03,جمعية مواساة لإكرام الموتى بعسير,3,lovable,ORG-A02-03,جمعية مواساة لإكرام الموتى بعسير,جمعيهمواساهلاكرامالموتيبعسير,lovable_current,,"[""إسراء باقيس""]",خالد القرني,,45
SRC-LOV-ORG-A02-04,ORG-A02-04,جمعية الإسكان التنموي بعسير,3,lovable,ORG-A02-04,جمعية الإسكان التنموي بعسير,جمعيهالاسكانالتنمويبعسير,lovable_current,,"[""إسراء باقيس""]",خالد القرني,,45
SRC-LOV-ORG-A02-05,ORG-A02-05,جمعية نُبل الشبابية,3,lovable,ORG-A02-05,جمعية نُبل الشبابية,جمعيهنبلالشبابيه,lovable_current,,"[""إسراء باقيس""]",خالد القرني,,45
SRC-LOV-ORG-A02-06,ORG-A02-06,جمعية التنمية الأهلية برفحاء,3,lovable,ORG-A02-06,جمعية التنمية الأهلية برفحاء,جمعيهالتنميهالاهليهبرفحاء,lovable_current,,"[""إسراء باقيس""]",خالد القرني,,45
SRC-LOV-ORG-A03-01,ORG-A03-01,جمعية البر لقرى جنوب مكة,3,lovable,ORG-A03-01,جمعية البر لقرى جنوب مكة,جمعيهالبرلقريجنوبمكه,lovable_current,,"[""عزيز التوخي""]",سارة بالخير,,45
SRC-LOV-ORG-A03-02,ORG-A03-02,جمعية التنمية الإيجابية,3,lovable,ORG-A03-02,جمعية التنمية الإيجابية,جمعيهالتنميهالايجابيه,lovable_current,,"[""عزيز التوخي""]",سارة بالخير,,45
SRC-LOV-ORG-A03-03,ORG-A03-03,جمعية نماء المكية للسقاية والرفادة,3,lovable,ORG-A03-03,جمعية نماء المكية للسقاية والرفادة,جمعيهنماءالمكيهللسقايهوالرفاده,lovable_current,,"[""عزيز التوخي""]",سارة بالخير,,45
SRC-LOV-ORG-A03-04,ORG-A03-04,جمعية عطاء الاهلية بجدة,3,lovable,ORG-A03-04,جمعية عطاء الاهلية بجدة,جمعيهعطاءالاهليهبجده,lovable_current,,"[""عزيز التوخي""]",سارة بالخير,,45
SRC-LOV-ORG-A03-05,ORG-A03-05,جمعية خبير للمختبرات الطبية,3,lovable,ORG-A03-05,جمعية خبير للمختبرات الطبية,جمعيهخبيرللمختبراتالطبيه,lovable_current,,"[""عزيز التوخي""]",سارة بالخير,,45
SRC-LOV-ORG-A04-01,ORG-A04-01,جمعية أفق لتطوير العمل الخيري والتطوعي,3,lovable,ORG-A04-01,جمعية أفق لتطوير العمل الخيري والتطوعي,جمعيهافقلتطويرالعملالخيريوالتطوعي,lovable_current,,"[""ظافر القرني""]",د. حسن ابو كافته,,45
SRC-LOV-ORG-A04-02,ORG-A04-02,جمعية افاق الشبابية,3,lovable,ORG-A04-02,جمعية افاق الشبابية,جمعيهافاقالشبابيه,lovable_current,,"[""ظافر القرني""]",د. حسن ابو كافته,,45
SRC-LOV-ORG-A04-03,ORG-A04-03,جمعية تحفيظ القرآن الكريم بمحايل عسير ( تَعَاهَد),3,lovable,ORG-A04-03,جمعية تحفيظ القرآن الكريم بمحايل عسير ( تَعَاهَد),جمعيهتحفيظالقرانالكريمبمحايلعسير(تعاهد),lovable_current,,"[""ظافر القرني""]",د. حسن ابو كافته,,45
SRC-LOV-ORG-A04-04,ORG-A04-04,جمعية عبق الشبابية,3,lovable,ORG-A04-04,جمعية عبق الشبابية,جمعيهعبقالشبابيه,lovable_current,,"[""ظافر القرني""]",د. حسن ابو كافته,,45
SRC-LOV-ORG-A04-05,ORG-A04-05,اللجنة الوطنية لرعاية السجناء والمفرج عنهم وأسرهم ( بعسير ),3,lovable,ORG-A04-05,اللجنة الوطنية لرعاية السجناء والمفرج عنهم وأسرهم ( بعسير ),اللجنهالوطنيهلرعايهالسجناءوالمفرجعنهمواسرهم(بعسير),lovable_current,,"[""ظافر القرني""]",د. حسن ابو كافته,,45
SRC-LOV-ORG-A05-01,ORG-A05-01,جمعية التنمية الأهلية بالباحر,3,lovable,ORG-A05-01,جمعية التنمية الأهلية بالباحر,جمعيهالتنميهالاهليهبالباحر,lovable_current,,"[""عبدالرحمن موسى""]",خالد الزهراني,,45
SRC-LOV-ORG-A05-02,ORG-A05-02,جمعية الدعوة والارشاد وتوعوية الجاليات بصناعية نجران إشراقة,3,lovable,ORG-A05-02,جمعية الدعوة والارشاد وتوعوية الجاليات بصناعية نجران إشراقة,جمعيهالدعوهوالارشادوتوعويهالجالياتبصناعيهنجراناشراقه,lovable_current,,"[""عبدالرحمن موسى""]",خالد الزهراني,,45
SRC-LOV-ORG-A05-03,ORG-A05-03,جمعية التنمية الأهلية بالشقيق,3,lovable,ORG-A05-03,جمعية التنمية الأهلية بالشقيق,جمعيهالتنميهالاهليهبالشقيق,lovable_current,,"[""عبدالرحمن موسى""]",خالد الزهراني,,45
SRC-LOV-ORG-A05-04,ORG-A05-04,الجمعية الخيرية لتحفيظ القران الكريم بنجران رتل,3,lovable,ORG-A05-04,الجمعية الخيرية لتحفيظ القران الكريم بنجران رتل,الجمعيهالخيريهلتحفيظالقرانالكريمبنجرانرتل,lovable_current,,"[""عبدالرحمن موسى""]",خالد الزهراني,,45
SRC-LOV-ORG-A05-05,ORG-A05-05,جمعية البر ايتاء ببيشة,3,lovable,ORG-A05-05,جمعية البر ايتاء ببيشة,جمعيهالبرايتاءببيشه,lovable_current,,"[""عبدالرحمن موسى""]",خالد الزهراني,,45
SRC-LOV-ORG-A05-06,ORG-A05-06,جمعية البر الخيرية بمحافظة بني حسن,3,lovable,ORG-A05-06,جمعية البر الخيرية بمحافظة بني حسن,جمعيهالبرالخيريهبمحافظهبنيحسن,lovable_current,,"[""عبدالرحمن موسى""]",خالد الزهراني,,45
SRC-LOV-ORG-A05-07,ORG-A05-07,جمعية التنمية الأهلية بوادي جازان,3,lovable,ORG-A05-07,جمعية التنمية الأهلية بوادي جازان,جمعيهالتنميهالاهليهبواديجازان,lovable_current,,"[""عبدالرحمن موسى""]",خالد الزهراني,,45
SRC-LOV-ORG-A06-01,ORG-A06-01,جمعية الخدمات الاجتماعية بنمران,4,lovable,ORG-A06-01,جمعية الخدمات الاجتماعية بنمران,جمعيهالخدماتالاجتماعيهبنمران,lovable_current,,"[""سعيد الغامدي""]",الشيخ بن عبدالسلام,,45
SRC-LOV-ORG-A06-02,ORG-A06-02,جمعية التنمية الأهلية بأحد المسارحة,4,lovable,ORG-A06-02,جمعية التنمية الأهلية بأحد المسارحة,جمعيهالتنميهالاهليهباحدالمسارحه,lovable_current,,"[""سعيد الغامدي""]",الشيخ بن عبدالسلام,,45
SRC-LOV-ORG-A06-03,ORG-A06-03,ديوان وزارة الداخلية,4,lovable,ORG-A06-03,ديوان وزارة الداخلية,ديوانوزارهالداخليه,lovable_current,,"[""سعيد الغامدي""]",الشيخ بن عبدالسلام,,45
SRC-LOV-ORG-A06-04,ORG-A06-04,جمعيه جمان التعليمية,4,lovable,ORG-A06-04,جمعيه جمان التعليمية,جمعيهجمانالتعليميه,lovable_current,,"[""سعيد الغامدي""]",الشيخ بن عبدالسلام,,45
SRC-LOV-ORG-A06-05,ORG-A06-05,جمعية ترميم للتنمية,4,lovable,ORG-A06-05,جمعية ترميم للتنمية,جمعيهترميمللتنميه,lovable_current,,"[""سعيد الغامدي""]",الشيخ بن عبدالسلام,,45
SRC-LOV-ORG-A06-06,ORG-A06-06,جمعية وسم للتصلب المتعدد,4,lovable,ORG-A06-06,جمعية وسم للتصلب المتعدد,جمعيهوسمللتصلبالمتعدد,lovable_current,,"[""سعيد الغامدي""]",الشيخ بن عبدالسلام,,45
SRC-LOV-ORG-A06-07,ORG-A06-07,جمعية أصول للمحتوى الدعوي,4,lovable,ORG-A06-07,جمعية أصول للمحتوى الدعوي,جمعيهاصولللمحتويالدعوي,lovable_current,,"[""سعيد الغامدي""]",الشيخ بن عبدالسلام,,45
SRC-LOV-ORG-A07-01,ORG-A07-01,جمعية سقيا الخيرية,4,lovable,ORG-A07-01,جمعية سقيا الخيرية,جمعيهسقياالخيريه,lovable_current,,"[""فهد ظافر""]",بندر الحارثي,,45
SRC-LOV-ORG-A07-02,ORG-A07-02,هيئة تطوير محمية الإمام عبدالعزيز بن محمد الملكية,4,lovable,ORG-A07-02,هيئة تطوير محمية الإمام عبدالعزيز بن محمد الملكية,هيئهتطويرمحميهالامامعبدالعزيزبنمحمدالملكيه,lovable_current,,"[""فهد ظافر""]",بندر الحارثي,,45
SRC-LOV-ORG-A07-03,ORG-A07-03,جمعية التنمية الأهلية ببداء,4,lovable,ORG-A07-03,جمعية التنمية الأهلية ببداء,جمعيهالتنميهالاهليهببداء,lovable_current,,"[""فهد ظافر""]",بندر الحارثي,,45
SRC-LOV-ORG-A07-04,ORG-A07-04,جمعية البر الخيرية بمركز حقال,4,lovable,ORG-A07-04,جمعية البر الخيرية بمركز حقال,جمعيهالبرالخيريهبمركزحقال,lovable_current,,"[""فهد ظافر""]",بندر الحارثي,,45
SRC-LOV-ORG-A07-05,ORG-A07-05,جمعية حرف التعليمية,4,lovable,ORG-A07-05,جمعية حرف التعليمية,جمعيهحرفالتعليميه,lovable_current,,"[""فهد ظافر""]",بندر الحارثي,,45
SRC-LOV-ORG-A07-06,ORG-A07-06,هيئة تطويرمنطقة المدينة المنورة,4,lovable,ORG-A07-06,هيئة تطويرمنطقة المدينة المنورة,هيئهتطويرمنطقهالمدينهالمنوره,lovable_current,,"[""فهد ظافر""]",بندر الحارثي,,45
SRC-LOV-ORG-A07-07,ORG-A07-07,جمعية مجلس حي اجيال الاجتماعي,4,lovable,ORG-A07-07,جمعية مجلس حي اجيال الاجتماعي,جمعيهمجلسحياجيالالاجتماعي,lovable_current,,"[""فهد ظافر""]",بندر الحارثي,,45
SRC-LOV-ORG-A08-01,ORG-A08-01,جمعية البر الخيرية بالقنفذة,4,lovable,ORG-A08-01,جمعية البر الخيرية بالقنفذة,جمعيهالبرالخيريهبالقنفذه,lovable_current,,"[""محمد الحليبي""]",محمد العبدالجبار,,45
SRC-LOV-ORG-A08-02,ORG-A08-02,صندوق الشهداء والمصابين والأسرى والمفقودين,4,lovable,ORG-A08-02,صندوق الشهداء والمصابين والأسرى والمفقودين,صندوقالشهداءوالمصابينوالاسريوالمفقودين,lovable_current,,"[""وديع الحربي""]",محمد العبدالجبار,,45
SRC-LOV-ORG-A08-03,ORG-A08-03,جمعية مسارات الشبابية,4,lovable,ORG-A08-03,جمعية مسارات الشبابية,جمعيهمساراتالشبابيه,lovable_current,,"[""محمد الحليبي""]",محمد العبدالجبار,,45
SRC-LOV-ORG-A08-04,ORG-A08-04,جمعية كفاءات الأهلية لبناء قدرات الشباب,4,lovable,ORG-A08-04,جمعية كفاءات الأهلية لبناء قدرات الشباب,جمعيهكفاءاتالاهليهلبناءقدراتالشباب,lovable_current,,"[""وديع الحربي""]",محمد العبدالجبار,,45
SRC-LOV-ORG-A08-05,ORG-A08-05,جمعية مُعان الاهلية بمكة,4,lovable,ORG-A08-05,جمعية مُعان الاهلية بمكة,جمعيهمعانالاهليهبمكه,lovable_current,,"[""وديع الحربي""]",محمد العبدالجبار,,45
SRC-LOV-ORG-A08-06,ORG-A08-06,أمانة المنطقة الشرقية,4,lovable,ORG-A08-06,أمانة المنطقة الشرقية,امانهالمنطقهالشرقيه,lovable_current,,"[""محمد الحليبي""]",محمد العبدالجبار,,45
SRC-LOV-ORG-A08-07,ORG-A08-07,جمعية بلسم الاهلية لمساندة مرضى السرطان,4,lovable,ORG-A08-07,جمعية بلسم الاهلية لمساندة مرضى السرطان,جمعيهبلسمالاهليهلمساندهمرضيالسرطان,lovable_current,,"[""وديع الحربي""]",محمد العبدالجبار,,45
SRC-LOV-ORG-A08-08,ORG-A08-08,وزارة النقل والخدمات اللوجستية,4,lovable,ORG-A08-08,وزارة النقل والخدمات اللوجستية,وزارهالنقلوالخدماتاللوجستيه,lovable_current,,"[""وديع الحربي""]",محمد العبدالجبار,,45
SRC-LOV-ORG-A08-09,ORG-A08-09,جمعية ميراث العلمية,4,lovable,ORG-A08-09,جمعية ميراث العلمية,جمعيهميراثالعلميه,lovable_current,,"[""محمد الحليبي""]",محمد العبدالجبار,,45
SRC-LOV-ORG-A08-10,ORG-A08-10,التأمينات الاجتماعية,4,lovable,ORG-A08-10,التأمينات الاجتماعية,التاميناتالاجتماعيه,lovable_current,,"[""محمد الحليبي""]",محمد العبدالجبار,,45
SRC-LOV-ORG-A08-11,ORG-A08-11,جمعية صدارة,4,lovable,ORG-A08-11,جمعية صدارة,جمعيهصداره,lovable_current,,"[""وديع الحربي""]",محمد العبدالجبار,,45
SRC-LOV-ORG-A08-12,ORG-A08-12,إمارة الجوف,4,lovable,ORG-A08-12,إمارة الجوف,امارهالجوف,lovable_current,,"[""وديع الحربي""]",محمد العبدالجبار,,45
SRC-LOV-ORG-A08-13,ORG-A08-13,جمعية مسكن للإسكان التنموي,4,lovable,ORG-A08-13,جمعية مسكن للإسكان التنموي,جمعيهمسكنللاسكانالتنموي,lovable_current,,"[""محمد الحليبي""]",محمد العبدالجبار,,45
SRC-LOV-ORG-A08-14,ORG-A08-14,وزارة الخارجية,4,lovable,ORG-A08-14,وزارة الخارجية,وزارهالخارجيه,lovable_current,,"[""وديع الحربي""]",محمد العبدالجبار,,45
SRC-LOV-ORG-A08-15,ORG-A08-15,جمعية رواء للتنمية الأسرية,4,lovable,ORG-A08-15,جمعية رواء للتنمية الأسرية,جمعيهرواءللتنميهالاسريه,lovable_current,,"[""محمد الحليبي""]",محمد العبدالجبار,,45
