participation_id,proposed_canonical_org_id,canonical_org_name,cohort,cohort_label,organization_name_as_written,normalized_name,source,source_record_ids,legacy_org_ids,lovable_org_ids,source_files,source_sheets,source_rows,consultant_names,evaluator_names,first_recorded_at,last_recorded_at,roster_status,model_family_count,model_version_count,latest_outputs_count,links_count,participation_evidence,cohort_confidence,possible_previous_participation,possible_next_participation,requires_review
PART-LEG-LEG-ORG-B1-001,LEG-ORG-B1-001,جمعية بنيان للخدمات الاجتماعية,1,دفعة 1,جمعية بنيان للخدمات الاجتماعية,جمعيهبنيانللخدماتالاجتماعيه,legacy,LEG-ORG-B1-001,LEG-ORG-B1-001,,dashboard_bundle_1/الجهات المشاركة في الدفعة الأولى.xlsx | dashboard_bundle_2/جمعيات الدفعة الاولى.xlsx,,dashboard_bundle_1/الجهات المشاركة في الدفعة الأولى.xlsx | ورقة1!2 || dashboard_bundle_2/جمعيات الدفعة الاولى.xlsx | ورقة3!25,خالد الصفحي,د . حسن أبو كافته,2024-11-14,2025-05-26,PRIMARY_ROSTER,0,0,,0,legacy_org_id=LEG-ORG-B1-001,HIGH,,,false
PART-LEG-LEG-ORG-B1-002,LEG-ORG-B1-002,جمعية البرهان لخدمة السنة والقرآن,1,دفعة 1,جمعية البرهان لخدمة السنة والقرآن,جمعيهالبرهانلخدمهالسنهوالقران,legacy,LEG-ORG-B1-002,LEG-ORG-B1-002,,dashboard_bundle_1/الجهات المشاركة في الدفعة الأولى.xlsx | dashboard_bundle_2/جمعيات الدفعة الاولى.xlsx,,dashboard_bundle_1/الجهات المشاركة في الدفعة الأولى.xlsx | ورقة1!3 || dashboard_bundle_2/جمعيات الدفعة الاولى.xlsx | ورقة3!24,خالد الصفحي,د . حسن أبو كافته,2024-11-14,2025-05-26,PRIMARY_ROSTER,0,0,,0,legacy_org_id=LEG-ORG-B1-002,HIGH,,,false
PART-LEG-LEG-ORG-B1-003,LEG-ORG-B1-003,جمعية الصم وضعاف السمع وذويهم,1,دفعة 1,جمعية الصم وضعاف السمع وذويهم,جمعيهالصموضعافالسمعوذويهم,legacy,LEG-ORG-B1-003,LEG-ORG-B1-003,,dashboard_bundle_1/الجهات المشاركة في الدفعة الأولى.xlsx | dashboard_bundle_2/جمعيات الدفعة الاولى.xlsx,,dashboard_bundle_1/الجهات المشاركة في الدفعة الأولى.xlsx | ورقة1!4 || dashboard_bundle_2/جمعيات الدفعة الاولى.xlsx | ورقة3!9,هنادي شعيب,أ . محمد العبدالجبار,2024-11-14,2025-05-05,PRIMARY_ROSTER,0,0,,0,legacy_org_id=LEG-ORG-B1-003,HIGH,,,false
PART-LEG-LEG-ORG-B1-004,LEG-ORG-B1-004,جمعية أفق للاسكان التنموي,1,دفعة 1,جمعية أفق للاسكان التنموي,جمعيهافقللاسكانالتنموي,legacy,LEG-ORG-B1-004,LEG-ORG-B1-004,,dashboard_bundle_1/الجهات المشاركة في الدفعة الأولى.xlsx | dashboard_bundle_2/جمعيات الدفعة الاولى.xlsx,,dashboard_bundle_1/الجهات المشاركة في الدفعة الأولى.xlsx | ورقة1!5 || dashboard_bundle_2/جمعيات الدفعة الاولى.xlsx | ورقة3!11,إسراء باقيس,د . حسن أبو كافته,2024-11-14,2025-04-26,PRIMARY_ROSTER,0,0,,0,legacy_org_id=LEG-ORG-B1-004,HIGH,,,false
PART-LEG-LEG-ORG-B1-005,LEG-ORG-B1-005,الجمعية الخيرية لتيسير الزواج ورعاية الأسرة,1,دفعة 1,الجمعية الخيرية لتيسير الزواج ورعاية الأسرة,الجمعيهالخيريهلتيسيرالزواجورعايهالاسره,legacy,LEG-ORG-B1-005,LEG-ORG-B1-005,,dashboard_bundle_1/الجهات المشاركة في الدفعة الأولى.xlsx | dashboard_bundle_2/جمعيات الدفعة الاولى.xlsx,,dashboard_bundle_1/الجهات المشاركة في الدفعة الأولى.xlsx | ورقة1!6 || dashboard_bundle_2/جمعيات الدفعة الاولى.xlsx | ورقة3!13,إسراء باقيس,د . حسن أبو كافته,2024-11-14,2025-04-26,PRIMARY_ROSTER,0,0,,0,legacy_org_id=LEG-ORG-B1-005,HIGH,,,false
PART-LEG-LEG-ORG-B1-006,LEG-ORG-B1-006,جمعية التنمية الأهلية بالحزام الذهبي,1,دفعة 1,جمعية التنمية الأهلية بالحزام الذهبي,جمعيهالتنميهالاهليهبالحزامالذهبي,legacy,LEG-ORG-B1-006,LEG-ORG-B1-006,,dashboard_bundle_1/الجهات المشاركة في الدفعة الأولى.xlsx | dashboard_bundle_2/جمعيات الدفعة الاولى.xlsx,,dashboard_bundle_1/الجهات المشاركة في الدفعة الأولى.xlsx | ورقة1!7 || dashboard_bundle_2/جمعيات الدفعة الاولى.xlsx | ورقة3!15,إسراء باقيس,د . حسن أبو كافته,2024-11-14,2025-04-26,PRIMARY_ROSTER,0,0,,0,legacy_org_id=LEG-ORG-B1-006,HIGH,,,false
PART-LEG-LEG-ORG-B1-007,LEG-ORG-B1-007,جمعية الجبيل الأهلية,1,دفعة 1,جمعية الجبيل الأهلية,جمعيهالجبيلالاهليه,legacy,LEG-ORG-B1-007,LEG-ORG-B1-007,,dashboard_bundle_1/الجهات المشاركة في الدفعة الأولى.xlsx | dashboard_bundle_2/جمعيات الدفعة الاولى.xlsx,,dashboard_bundle_1/الجهات المشاركة في الدفعة الأولى.xlsx | ورقة1!8 || dashboard_bundle_2/جمعيات الدفعة الاولى.xlsx | ورقة3!14,إسراء باقيس,د . حسن أبو كافته,2024-11-14,2025-04-26,PRIMARY_ROSTER,0,0,,0,legacy_org_id=LEG-ORG-B1-007,HIGH,,,false
PART-LEG-LEG-ORG-B1-008,LEG-ORG-B1-008,جمعية تواصل للتنمية الأهلية بأحياء الجامعيين والنزهة وهجر والفردوس,1,دفعة 1,جمعية تواصل للتنمية الأهلية بأحياء الجامعيين والنزهة وهجر والفردوس,جمعيهتواصلللتنميهالاهليهباحياءالجامعيينوالنزههوهجروالفردوس,legacy,LEG-ORG-B1-008,LEG-ORG-B1-008,,dashboard_bundle_1/الجهات المشاركة في الدفعة الأولى.xlsx | dashboard_bundle_2/جمعيات الدفعة الاولى.xlsx,,dashboard_bundle_1/الجهات المشاركة في الدفعة الأولى.xlsx | ورقة1!9 || dashboard_bundle_2/جمعيات الدفعة الاولى.xlsx | ورقة3!16,إسراء باقيس,د . حسن أبو كافته,2024-11-14,2025-04-26,PRIMARY_ROSTER,0,0,,0,legacy_org_id=LEG-ORG-B1-008,HIGH,,,false
PART-LEG-LEG-ORG-B1-009,LEG-ORG-B1-009,جمعية المعمار,1,دفعة 1,جمعية المعمار,جمعيهالمعمار,legacy,LEG-ORG-B1-009,LEG-ORG-B1-009,,dashboard_bundle_1/الجهات المشاركة في الدفعة الأولى.xlsx | dashboard_bundle_2/جمعيات الدفعة الاولى.xlsx,,dashboard_bundle_1/الجهات المشاركة في الدفعة الأولى.xlsx | ورقة1!10 || dashboard_bundle_2/جمعيات الدفعة الاولى.xlsx | ورقة3!12,إسراء باقيس,د . حسن أبو كافته,2024-11-14,2025-04-26,PRIMARY_ROSTER,0,0,,0,legacy_org_id=LEG-ORG-B1-009,HIGH,,,false
PART-LEG-LEG-ORG-B1-010,LEG-ORG-B1-010,الجمعية التكاملية لذوي الإعاقة,1,دفعة 1,الجمعية التكاملية لذوي الإعاقة,الجمعيهالتكامليهلذويالاعاقه,legacy,LEG-ORG-B1-010,LEG-ORG-B1-010,,dashboard_bundle_1/الجهات المشاركة في الدفعة الأولى.xlsx | dashboard_bundle_2/جمعيات الدفعة الاولى.xlsx,,dashboard_bundle_1/الجهات المشاركة في الدفعة الأولى.xlsx | ورقة1!11 || dashboard_bundle_2/جمعيات الدفعة الاولى.xlsx | ورقة3!8,هنادي شعيب,د . حسن أبو كافته,2024-11-14,2025-05-05,PRIMARY_ROSTER,0,0,,0,legacy_org_id=LEG-ORG-B1-010,HIGH,,,false
PART-LEG-LEG-ORG-B1-011,LEG-ORG-B1-011,الجمعية السعودية لاضطراب فرط الحركة (إشراق ),1,دفعة 1,الجمعية السعودية لاضطراب فرط الحركة (إشراق ),الجمعيهالسعوديهلاضطرابفرطالحركه(اشراق),legacy,LEG-ORG-B1-011,LEG-ORG-B1-011,,dashboard_bundle_1/الجهات المشاركة في الدفعة الأولى.xlsx | dashboard_bundle_2/جمعيات الدفعة الاولى.xlsx,,dashboard_bundle_1/الجهات المشاركة في الدفعة الأولى.xlsx | ورقة1!12 || dashboard_bundle_2/جمعيات الدفعة الاولى.xlsx | ورقة3!27,خالد الصفحي,د . حسن أبو كافته,2024-11-14,2025-04-07,PRIMARY_ROSTER,0,0,,0,legacy_org_id=LEG-ORG-B1-011,HIGH,,,false
PART-LEG-LEG-ORG-B1-012,LEG-ORG-B1-012,جمعية دار السلام لإكرام الموتى,1,دفعة 1,جمعية دار السلام لإكرام الموتى,جمعيهدارالسلاملاكرامالموتي,legacy,LEG-ORG-B1-012,LEG-ORG-B1-012,,dashboard_bundle_1/الجهات المشاركة في الدفعة الأولى.xlsx | dashboard_bundle_2/جمعيات الدفعة الاولى.xlsx,,dashboard_bundle_1/الجهات المشاركة في الدفعة الأولى.xlsx | ورقة1!13 || dashboard_bundle_2/جمعيات الدفعة الاولى.xlsx | ورقة3!17,هشام الغامدي,د . حسن أبو كافته,2024-11-14,2025-08-05,PRIMARY_ROSTER,0,0,,0,legacy_org_id=LEG-ORG-B1-012,HIGH,,,false
PART-LEG-LEG-ORG-B1-013,LEG-ORG-B1-013,المؤسسة الخيرية لرعاية الأيتام - إخاء,1,دفعة 1,المؤسسة الخيرية لرعاية الأيتام - إخاء,المؤسسهالخيريهلرعايهالايتام-اخاء,legacy,LEG-ORG-B1-013,LEG-ORG-B1-013,,dashboard_bundle_1/الجهات المشاركة في الدفعة الأولى.xlsx | dashboard_bundle_2/جمعيات الدفعة الاولى.xlsx,,dashboard_bundle_1/الجهات المشاركة في الدفعة الأولى.xlsx | ورقة1!14 || dashboard_bundle_2/جمعيات الدفعة الاولى.xlsx | ورقة3!10,هنادي شعيب,أ . محمد العبدالجبار,2024-11-14,2025-05-05,PRIMARY_ROSTER,0,0,,0,legacy_org_id=LEG-ORG-B1-013,HIGH,,,false
PART-LEG-LEG-ORG-B1-014,LEG-ORG-B1-014,جمعية المحترفون للبحث والإنقاذ,1,دفعة 1,جمعية المحترفون للبحث والإنقاذ,جمعيهالمحترفونللبحثوالانقاذ,legacy,LEG-ORG-B1-014,LEG-ORG-B1-014,,dashboard_bundle_1/الجهات المشاركة في الدفعة الأولى.xlsx | dashboard_bundle_2/جمعيات الدفعة الاولى.xlsx,,dashboard_bundle_1/الجهات المشاركة في الدفعة الأولى.xlsx | ورقة1!15 || dashboard_bundle_2/جمعيات الدفعة الاولى.xlsx | ورقة3!5,هنادي شعيب,أ . محمد العبدالجبار,2024-11-14,2025-05-05,PRIMARY_ROSTER,0,0,,0,legacy_org_id=LEG-ORG-B1-014,HIGH,,,false
PART-LEG-LEG-ORG-B1-015,LEG-ORG-B1-015,جمعية مكث النسائية للريادة الشبابية,1,دفعة 1,جمعية مكث النسائية للريادة الشبابية,جمعيهمكثالنسائيهللريادهالشبابيه,legacy,LEG-ORG-B1-015,LEG-ORG-B1-015,,dashboard_bundle_1/الجهات المشاركة في الدفعة الأولى.xlsx | dashboard_bundle_2/جمعيات الدفعة الاولى.xlsx,,dashboard_bundle_1/الجهات المشاركة في الدفعة الأولى.xlsx | ورقة1!16 || dashboard_bundle_2/جمعيات الدفعة الاولى.xlsx | ورقة3!7,هنادي شعيب,أ . محمد العبدالجبار,2024-11-14,2025-05-05,PRIMARY_ROSTER,0,0,,0,legacy_org_id=LEG-ORG-B1-015,HIGH,,,false
PART-LEG-LEG-ORG-B1-016,LEG-ORG-B1-016,جمعية وفاء للخدمات القانونية للمرأة,1,دفعة 1,جمعية وفاء للخدمات القانونية للمرأة,جمعيهوفاءللخدماتالقانونيهللمراه,legacy,LEG-ORG-B1-016,LEG-ORG-B1-016,,dashboard_bundle_1/الجهات المشاركة في الدفعة الأولى.xlsx | dashboard_bundle_2/جمعيات الدفعة الاولى.xlsx,,dashboard_bundle_1/الجهات المشاركة في الدفعة الأولى.xlsx | ورقة1!17 || dashboard_bundle_2/جمعيات الدفعة الاولى.xlsx | ورقة3!6,هنادي شعيب,أ . محمد العبدالجبار,2024-11-14,2025-05-05,PRIMARY_ROSTER,0,0,,0,legacy_org_id=LEG-ORG-B1-016,HIGH,,,false
PART-LEG-LEG-ORG-B1-017,LEG-ORG-B1-017,مؤسسة عبدالمنعم الراشد الإنسانية,1,دفعة 1,مؤسسة عبدالمنعم الراشد الإنسانية,مؤسسهعبدالمنعمالراشدالانسانيه,legacy,LEG-ORG-B1-017,LEG-ORG-B1-017,,dashboard_bundle_1/الجهات المشاركة في الدفعة الأولى.xlsx | dashboard_bundle_2/جمعيات الدفعة الاولى.xlsx,,dashboard_bundle_1/الجهات المشاركة في الدفعة الأولى.xlsx | ورقة1!18 || dashboard_bundle_2/جمعيات الدفعة الاولى.xlsx | ورقة3!22,هشام الغامدي,أ . محمد العبدالجبار,2024-11-14,,PRIMARY_ROSTER,0,0,,0,legacy_org_id=LEG-ORG-B1-017,HIGH,,,false
PART-LEG-LEG-ORG-B1-018,LEG-ORG-B1-018,جمعية واعد الشبابية,1,دفعة 1,جمعية واعد الشبابية,جمعيهواعدالشبابيه,legacy,LEG-ORG-B1-018,LEG-ORG-B1-018,,dashboard_bundle_1/الجهات المشاركة في الدفعة الأولى.xlsx | dashboard_bundle_2/جمعيات الدفعة الاولى.xlsx,,dashboard_bundle_1/الجهات المشاركة في الدفعة الأولى.xlsx | ورقة1!19 || dashboard_bundle_2/جمعيات الدفعة الاولى.xlsx | ورقة3!18,هشام الغامدي,أ . محمد العبدالجبار,2024-11-14,2025-07-27,PRIMARY_ROSTER,0,0,,0,legacy_org_id=LEG-ORG-B1-018,HIGH,,,false
PART-LEG-LEG-ORG-B1-019,LEG-ORG-B1-019,جمعية التنمية الأهلية بالصالحية,1,دفعة 1,جمعية التنمية الأهلية بالصالحية,جمعيهالتنميهالاهليهبالصالحيه,legacy,LEG-ORG-B1-019,LEG-ORG-B1-019,,dashboard_bundle_1/الجهات المشاركة في الدفعة الأولى.xlsx | dashboard_bundle_2/جمعيات الدفعة الاولى.xlsx,,dashboard_bundle_1/الجهات المشاركة في الدفعة الأولى.xlsx | ورقة1!20 || dashboard_bundle_2/جمعيات الدفعة الاولى.xlsx | ورقة3!23,خالد الصفحي,أ . محمد العبدالجبار,2024-11-14,2025-07-20,PRIMARY_ROSTER,0,0,,0,legacy_org_id=LEG-ORG-B1-019,HIGH,,,false
PART-LEG-LEG-ORG-B1-020,LEG-ORG-B1-020,جمعية العناية بشؤون الموتى إحسان,1,دفعة 1,جمعية العناية بشؤون الموتى إحسان,جمعيهالعنايهبشؤونالموتياحسان,legacy,LEG-ORG-B1-020,LEG-ORG-B1-020,,dashboard_bundle_1/الجهات المشاركة في الدفعة الأولى.xlsx | dashboard_bundle_2/جمعيات الدفعة الاولى.xlsx,,dashboard_bundle_1/الجهات المشاركة في الدفعة الأولى.xlsx | ورقة1!21 || dashboard_bundle_2/جمعيات الدفعة الاولى.xlsx | ورقة3!28,خالد الصفحي,أ . محمد العبدالجبار,2024-11-14,2025-07-20,PRIMARY_ROSTER,0,0,,0,legacy_org_id=LEG-ORG-B1-020,HIGH,,,false
PART-LEG-LEG-ORG-B1-021,LEG-ORG-B1-021,جمعية التنمية الأهلية بالملاحة,1,دفعة 1,جمعية التنمية الأهلية بالملاحة,جمعيهالتنميهالاهليهبالملاحه,legacy,LEG-ORG-B1-021,LEG-ORG-B1-021,,dashboard_bundle_1/الجهات المشاركة في الدفعة الأولى.xlsx | dashboard_bundle_2/جمعيات الدفعة الاولى.xlsx,,dashboard_bundle_1/الجهات المشاركة في الدفعة الأولى.xlsx | ورقة1!22 || dashboard_bundle_2/جمعيات الدفعة الاولى.xlsx | ورقة3!21,هشام الغامدي,أ . محمد العبدالجبار,2024-11-14,2025-07-27,PRIMARY_ROSTER,0,0,,0,legacy_org_id=LEG-ORG-B1-021,HIGH,,,false
PART-LEG-LEG-ORG-B1-022,LEG-ORG-B1-022,جمعية سند للمسؤولية الاجتماعية بالأحساء,1,دفعة 1,جمعية سند للمسؤولية الاجتماعية بالأحساء,جمعيهسندللمسؤوليهالاجتماعيهبالاحساء,legacy,LEG-ORG-B1-022,LEG-ORG-B1-022,,dashboard_bundle_1/الجهات المشاركة في الدفعة الأولى.xlsx | dashboard_bundle_2/جمعيات الدفعة الاولى.xlsx,,dashboard_bundle_1/الجهات المشاركة في الدفعة الأولى.xlsx | ورقة1!23 || dashboard_bundle_2/جمعيات الدفعة الاولى.xlsx | ورقة3!20,هشام الغامدي,أ . محمد العبدالجبار,2024-11-14,2025-07-27,PRIMARY_ROSTER,0,0,,0,legacy_org_id=LEG-ORG-B1-022,HIGH,,,false
PART-LEG-LEG-ORG-B1-023,LEG-ORG-B1-023,جمعية العمل التطوعي,1,دفعة 1,جمعية العمل التطوعي,جمعيهالعملالتطوعي,legacy,LEG-ORG-B1-023,LEG-ORG-B1-023,,dashboard_bundle_2/جمعيات الدفعة الاولى.xlsx,,dashboard_bundle_2/جمعيات الدفعة الاولى.xlsx | ورقة3!19,,,,,SUPPLEMENTAL_ROSTER,0,0,,0,legacy_org_id=LEG-ORG-B1-023,HIGH,,,false
PART-LEG-LEG-ORG-B1-024,LEG-ORG-B1-024,بيت الثقافة بالدمام (مشروع هيئة المكتبات),1,دفعة 1,بيت الثقافة بالدمام (مشروع هيئة المكتبات),بيتالثقافهبالدمام(مشروعهيئهالمكتبات),legacy,LEG-ORG-B1-024,LEG-ORG-B1-024,,dashboard_bundle_2/جمعيات الدفعة الاولى.xlsx,,dashboard_bundle_2/جمعيات الدفعة الاولى.xlsx | ورقة3!26,,,,,SUPPLEMENTAL_ROSTER,0,0,,0,legacy_org_id=LEG-ORG-B1-024,HIGH,,,false
PART-LEG-LEG-ORG-B2-001,LEG-ORG-B2-001,جمعية عروى الخيرية,2,دفعة 2,جمعية عروى الخيرية,جمعيهعرويالخيريه,legacy,LEG-ORG-B2-001,LEG-ORG-B2-001,,dashboard_bundle_1/الدفعة 2/تقرير أداء الدفعة.xlsx | dashboard_bundle_1/الدفعة 2/المستشار-عزيز التوخي.xlsx | dashboard_bundle_1/المحكم-معلوي ال ناصر.xlsx,,dashboard_bundle_1/الدفعة 2/تقرير أداء الدفعة.xlsx | بيانات الجهات!2 || dashboard_bundle_1/الدفعة 2/المستشار-عزيز التوخي.xlsx | جمعية عروى الخيرية!2 || dashboard_bundle_1/المحكم-معلوي ال ناصر.xlsx | جمعية عروى الخيرية!2,عزيز التوخي,معلوي ال ناصر,,,PRIMARY_ROSTER,43,43,,47,legacy_org_id=LEG-ORG-B2-001,HIGH,,,false
PART-LEG-LEG-ORG-B2-002,LEG-ORG-B2-002,جمعية مكافحة السمنة بمنطقة حائل,2,دفعة 2,جمعية مكافحة السمنة بمنطقة حائل,جمعيهمكافحهالسمنهبمنطقهحائل,legacy,LEG-ORG-B2-002,LEG-ORG-B2-002,,dashboard_bundle_1/الدفعة 2/تقرير أداء الدفعة.xlsx | dashboard_bundle_1/الدفعة 2/المستشار-عزيز التوخي.xlsx | dashboard_bundle_1/المحكم-معلوي ال ناصر.xlsx,,dashboard_bundle_1/الدفعة 2/تقرير أداء الدفعة.xlsx | بيانات الجهات!3 || dashboard_bundle_1/الدفعة 2/المستشار-عزيز التوخي.xlsx | جمعية مكافحة السمنة!2 || dashboard_bundle_1/المحكم-معلوي ال ناصر.xlsx | جمعية مكافحة السمنة بمنطقة حائل!2,عزيز التوخي,معلوي ال ناصر,,,PRIMARY_ROSTER,44,44,,47,legacy_org_id=LEG-ORG-B2-002,HIGH,,,false
PART-LEG-LEG-ORG-B2-003,LEG-ORG-B2-003,جمعية ابوة لرعاية الايتام بعنيزة,2,دفعة 2,جمعية ابوة لرعاية الايتام بعنيزة,جمعيهابوهلرعايهالايتامبعنيزه,legacy,LEG-ORG-B2-003,LEG-ORG-B2-003,,dashboard_bundle_1/الدفعة 2/تقرير أداء الدفعة.xlsx | dashboard_bundle_1/الدفعة 2/المستشار-عزيز التوخي.xlsx | dashboard_bundle_1/المحكم-معلوي ال ناصر.xlsx,,dashboard_bundle_1/الدفعة 2/تقرير أداء الدفعة.xlsx | بيانات الجهات!4 || dashboard_bundle_1/الدفعة 2/المستشار-عزيز التوخي.xlsx | جمعية ابوة لرعاية الايتام!2 || dashboard_bundle_1/المحكم-معلوي ال ناصر.xlsx | جمعية ابوة لرعاية الايتام!2,عزيز التوخي,معلوي ال ناصر,,,PRIMARY_ROSTER,44,44,,47,legacy_org_id=LEG-ORG-B2-003,HIGH,,,false
PART-LEG-LEG-ORG-B2-004,LEG-ORG-B2-004,جمعية حوائج لحفظ النعمة,2,دفعة 2,جمعية حوائج لحفظ النعمة,جمعيهحوائجلحفظالنعمه,legacy,LEG-ORG-B2-004,LEG-ORG-B2-004,,dashboard_bundle_1/الدفعة 2/تقرير أداء الدفعة.xlsx | dashboard_bundle_1/الدفعة 2/المستشار-عزيز التوخي.xlsx | dashboard_bundle_1/المحكم-معلوي ال ناصر.xlsx,,dashboard_bundle_1/الدفعة 2/تقرير أداء الدفعة.xlsx | بيانات الجهات!5 || dashboard_bundle_1/الدفعة 2/المستشار-عزيز التوخي.xlsx | جمعية حوائج لحفظ النعمة!2 || dashboard_bundle_1/المحكم-معلوي ال ناصر.xlsx | جمعية حوائج لحفظ النعمة!2,عزيز التوخي,معلوي ال ناصر,,,PRIMARY_ROSTER,45,45,,47,legacy_org_id=LEG-ORG-B2-004,HIGH,,,false
PART-LEG-LEG-ORG-B2-005,LEG-ORG-B2-005,جمعية طب القدم والكاحل,2,دفعة 2,جمعية طب القدم والكاحل,جمعيهطبالقدموالكاحل,legacy,LEG-ORG-B2-005,LEG-ORG-B2-005,,dashboard_bundle_1/الدفعة 2/تقرير أداء الدفعة.xlsx | dashboard_bundle_1/الدفعة 2/المستشار-عزيز التوخي.xlsx | dashboard_bundle_1/المحكم-معلوي ال ناصر.xlsx,,dashboard_bundle_1/الدفعة 2/تقرير أداء الدفعة.xlsx | بيانات الجهات!6 || dashboard_bundle_1/الدفعة 2/المستشار-عزيز التوخي.xlsx | جمعية طب القدم والكاحل!2 || dashboard_bundle_1/المحكم-معلوي ال ناصر.xlsx | جمعية طب القدم والكاحل!2,عزيز التوخي,معلوي ال ناصر,,,PRIMARY_ROSTER,33,33,,47,legacy_org_id=LEG-ORG-B2-005,HIGH,,,false
PART-LEG-LEG-ORG-B2-006,LEG-ORG-B2-006,جمعية البيضاء لدعوة والإرشاد وتوعية الجاليات,2,دفعة 2,جمعية البيضاء لدعوة والإرشاد وتوعية الجاليات,جمعيهالبيضاءلدعوهوالارشادوتوعيهالجاليات,legacy,LEG-ORG-B2-006,LEG-ORG-B2-006,,dashboard_bundle_1/الدفعة 2/تقرير أداء الدفعة.xlsx | dashboard_bundle_1/الدفعة 2/المستشار-عزيز التوخي.xlsx | dashboard_bundle_1/المحكم-معلوي ال ناصر.xlsx,,dashboard_bundle_1/الدفعة 2/تقرير أداء الدفعة.xlsx | بيانات الجهات!7 || dashboard_bundle_1/الدفعة 2/المستشار-عزيز التوخي.xlsx | جمعية البيضاء!2 || dashboard_bundle_1/المحكم-معلوي ال ناصر.xlsx | جمعية البيضاء!2,عزيز التوخي,معلوي ال ناصر,,,PRIMARY_ROSTER,42,42,,47,legacy_org_id=LEG-ORG-B2-006,HIGH,,,false
PART-LEG-LEG-ORG-B2-007,LEG-ORG-B2-007,جمعية الزاد,2,دفعة 2,جمعية الزاد,جمعيهالزاد,legacy,LEG-ORG-B2-007,LEG-ORG-B2-007,,dashboard_bundle_1/الدفعة 2/تقرير أداء الدفعة.xlsx | dashboard_bundle_1/الدفعة 2/المستشار-عزيز التوخي.xlsx | dashboard_bundle_1/المحكم-معلوي ال ناصر.xlsx,,dashboard_bundle_1/الدفعة 2/تقرير أداء الدفعة.xlsx | بيانات الجهات!8 || dashboard_bundle_1/الدفعة 2/المستشار-عزيز التوخي.xlsx | جمعية الزاد!2 || dashboard_bundle_1/المحكم-معلوي ال ناصر.xlsx | جمعية الزاد!2,عزيز التوخي,معلوي ال ناصر,,,PRIMARY_ROSTER,44,44,,47,legacy_org_id=LEG-ORG-B2-007,HIGH,,,false
PART-LEG-LEG-ORG-B2-008,LEG-ORG-B2-008,جمعية رؤية التنموية الاهلية النسائية,2,دفعة 2,جمعية رؤية التنموية الاهلية النسائية,جمعيهرؤيهالتنمويهالاهليهالنسائيه,legacy,LEG-ORG-B2-008,LEG-ORG-B2-008,,dashboard_bundle_1/الدفعة 2/تقرير أداء الدفعة.xlsx | dashboard_bundle_1/الدفعة 2/المستشار-عزيز التوخي.xlsx | dashboard_bundle_1/المحكم-معلوي ال ناصر.xlsx,,dashboard_bundle_1/الدفعة 2/تقرير أداء الدفعة.xlsx | بيانات الجهات!9 || dashboard_bundle_1/الدفعة 2/المستشار-عزيز التوخي.xlsx | جمعية رؤية التنموية!2 || dashboard_bundle_1/المحكم-معلوي ال ناصر.xlsx | جمعية رؤية التنموية الاهلية!2,عزيز التوخي,معلوي ال ناصر,,,PRIMARY_ROSTER,37,37,,47,legacy_org_id=LEG-ORG-B2-008,HIGH,,,false
PART-LEG-LEG-ORG-B2-009,LEG-ORG-B2-009,جمعية المتقاعدين بمنطقة القصيم,2,دفعة 2,جمعية المتقاعدين بمنطقة القصيم,جمعيهالمتقاعدينبمنطقهالقصيم,legacy,LEG-ORG-B2-009,LEG-ORG-B2-009,,dashboard_bundle_1/الدفعة 2/تقرير أداء الدفعة.xlsx | dashboard_bundle_1/الدفعة 2/المستشار-فهد النوفل.xlsx | dashboard_bundle_1/المحكم-أبرار جيلاني.xlsx,,dashboard_bundle_1/الدفعة 2/تقرير أداء الدفعة.xlsx | بيانات الجهات!10 || dashboard_bundle_1/الدفعة 2/المستشار-فهد النوفل.xlsx | جمعية المتقاعدين بمنطقة القصيم!2 || dashboard_bundle_1/المحكم-أبرار جيلاني.xlsx | جمعية المتقاعدين بمنطقة القصيم!2,فهد النوفل,أبرار جيلاني,,,PRIMARY_ROSTER,46,46,,47,legacy_org_id=LEG-ORG-B2-009,HIGH,,,false
PART-LEG-LEG-ORG-B2-010,LEG-ORG-B2-010,الجمعية السعودية الخيرية للوقاية من السموم,2,دفعة 2,الجمعية السعودية الخيرية للوقاية من السموم,الجمعيهالسعوديهالخيريهللوقايهمنالسموم,legacy,LEG-ORG-B2-010,LEG-ORG-B2-010,,dashboard_bundle_1/الدفعة 2/تقرير أداء الدفعة.xlsx | dashboard_bundle_1/الدفعة 2/المستشار-فهد النوفل.xlsx | dashboard_bundle_1/المحكم-أبرار جيلاني.xlsx,,dashboard_bundle_1/الدفعة 2/تقرير أداء الدفعة.xlsx | بيانات الجهات!11 || dashboard_bundle_1/الدفعة 2/المستشار-فهد النوفل.xlsx | الجمعية السعودية للوقاية!2 || dashboard_bundle_1/المحكم-أبرار جيلاني.xlsx | جمعية الوقاية من السموم!2,فهد النوفل,أبرار جيلاني,,,PRIMARY_ROSTER,46,46,,47,legacy_org_id=LEG-ORG-B2-010,HIGH,,,false
PART-LEG-LEG-ORG-B2-011,LEG-ORG-B2-011,أوقاف إثراء المعرفة,2,دفعة 2,أوقاف إثراء المعرفة,اوقافاثراءالمعرفه,legacy,LEG-ORG-B2-011,LEG-ORG-B2-011,,dashboard_bundle_1/الدفعة 2/تقرير أداء الدفعة.xlsx | dashboard_bundle_1/الدفعة 2/المستشار-فهد النوفل.xlsx | dashboard_bundle_1/المحكم-أبرار جيلاني.xlsx,,dashboard_bundle_1/الدفعة 2/تقرير أداء الدفعة.xlsx | بيانات الجهات!12 || dashboard_bundle_1/الدفعة 2/المستشار-فهد النوفل.xlsx | أوقاف إثراء المعرفة!2 || dashboard_bundle_1/المحكم-أبرار جيلاني.xlsx | أوقاف إثراء المعرفة!2,فهد النوفل,أبرار جيلاني,,,PRIMARY_ROSTER,46,46,,47,legacy_org_id=LEG-ORG-B2-011,HIGH,,,false
PART-LEG-LEG-ORG-B2-012,LEG-ORG-B2-012,جمعية اكتشاف وتطوير المواهب (رائد),2,دفعة 2,جمعية اكتشاف وتطوير المواهب (رائد),جمعيهاكتشافوتطويرالمواهب(رائد),legacy,LEG-ORG-B2-012,LEG-ORG-B2-012,,dashboard_bundle_1/الدفعة 2/تقرير أداء الدفعة.xlsx | dashboard_bundle_1/الدفعة 2/المستشار-فهد النوفل.xlsx | dashboard_bundle_1/المحكم-أبرار جيلاني.xlsx,,dashboard_bundle_1/الدفعة 2/تقرير أداء الدفعة.xlsx | بيانات الجهات!13 || dashboard_bundle_1/الدفعة 2/المستشار-فهد النوفل.xlsx | جمعية اكتشاف وتطوير المواهب!2 || dashboard_bundle_1/المحكم-أبرار جيلاني.xlsx | جمعية اكتشاف وتطوير المواهب!2,فهد النوفل,أبرار جيلاني,,,PRIMARY_ROSTER,46,46,,47,legacy_org_id=LEG-ORG-B2-012,HIGH,,,false
PART-LEG-LEG-ORG-B2-013,LEG-ORG-B2-013,جمعية كبار السن,2,دفعة 2,جمعية كبار السن,جمعيهكبارالسن,legacy,LEG-ORG-B2-013,LEG-ORG-B2-013,,dashboard_bundle_1/الدفعة 2/تقرير أداء الدفعة.xlsx | dashboard_bundle_1/الدفعة 2/المستشار-فهد النوفل.xlsx | dashboard_bundle_1/المحكم-أبرار جيلاني.xlsx,,dashboard_bundle_1/الدفعة 2/تقرير أداء الدفعة.xlsx | بيانات الجهات!14 || dashboard_bundle_1/الدفعة 2/المستشار-فهد النوفل.xlsx | جمعية كبار السن!2 || dashboard_bundle_1/المحكم-أبرار جيلاني.xlsx | جمعية كبار السن!2,فهد النوفل,أبرار جيلاني,,,PRIMARY_ROSTER,46,46,,47,legacy_org_id=LEG-ORG-B2-013,HIGH,,,false
PART-LEG-LEG-ORG-B2-014,LEG-ORG-B2-014,الجمعية الخيرية لتحفيظ القرآن الكريم بمحافظة المذنب,2,دفعة 2,الجمعية الخيرية لتحفيظ القرآن الكريم بمحافظة المذنب,الجمعيهالخيريهلتحفيظالقرانالكريمبمحافظهالمذنب,legacy,LEG-ORG-B2-014,LEG-ORG-B2-014,,dashboard_bundle_1/الدفعة 2/تقرير أداء الدفعة.xlsx | dashboard_bundle_1/الدفعة 2/المستشار-فهد النوفل.xlsx | dashboard_bundle_1/المحكم-أبرار جيلاني.xlsx,,dashboard_bundle_1/الدفعة 2/تقرير أداء الدفعة.xlsx | بيانات الجهات!15 || dashboard_bundle_1/الدفعة 2/المستشار-فهد النوفل.xlsx | الجمعية الخيريةبمحافظة المذنب!2 || dashboard_bundle_1/المحكم-أبرار جيلاني.xlsx | جمعية تحفيظ القرآن  المذنب!2,فهد النوفل,أبرار جيلاني,,,PRIMARY_ROSTER,46,46,,47,legacy_org_id=LEG-ORG-B2-014,HIGH,,,false
PART-LEG-LEG-ORG-B2-015,LEG-ORG-B2-015,الجمعية الخيرية لتحفيظ القران الكريم بمحافظة رماح,2,دفعة 2,الجمعية الخيرية لتحفيظ القران الكريم بمحافظة رماح,الجمعيهالخيريهلتحفيظالقرانالكريمبمحافظهرماح,legacy,LEG-ORG-B2-015,LEG-ORG-B2-015,,dashboard_bundle_1/الدفعة 2/تقرير أداء الدفعة.xlsx | dashboard_bundle_1/الدفعة 2/المستشار-فهد النوفل.xlsx | dashboard_bundle_1/المحكم-أبرار جيلاني.xlsx,,dashboard_bundle_1/الدفعة 2/تقرير أداء الدفعة.xlsx | بيانات الجهات!16 || dashboard_bundle_1/الدفعة 2/المستشار-فهد النوفل.xlsx | الجمعية الخيرية  بمحافظة رماح!2 || dashboard_bundle_1/المحكم-أبرار جيلاني.xlsx | جمعية تحفيظ القران رماح!2,فهد النوفل,أبرار جيلاني,,,PRIMARY_ROSTER,47,47,,47,legacy_org_id=LEG-ORG-B2-015,HIGH,,,false
PART-LEG-LEG-ORG-B2-016,LEG-ORG-B2-016,جمعية أجا النسائية الاهلية,2,دفعة 2,جمعية أجا النسائية الاهلية,جمعيهاجاالنسائيهالاهليه,legacy,LEG-ORG-B2-016,LEG-ORG-B2-016,,dashboard_bundle_1/الدفعة 2/تقرير أداء الدفعة.xlsx | dashboard_bundle_1/الدفعة 2/المستشار-فهد النوفل.xlsx | dashboard_bundle_1/المحكم-أبرار جيلاني.xlsx,,dashboard_bundle_1/الدفعة 2/تقرير أداء الدفعة.xlsx | بيانات الجهات!17 || dashboard_bundle_1/الدفعة 2/المستشار-فهد النوفل.xlsx | جمعية أجا النسائية الاهلية!2 || dashboard_bundle_1/المحكم-أبرار جيلاني.xlsx | جمعية أجا النسائية الاهلية!2,فهد النوفل,أبرار جيلاني,,,PRIMARY_ROSTER,46,46,,47,legacy_org_id=LEG-ORG-B2-016,HIGH,,,false
PART-LEG-LEG-ORG-B2-017,LEG-ORG-B2-017,جمعية التمور للخدمات الإنسانية,2,دفعة 2,جمعية التمور للخدمات الإنسانية,جمعيهالتمورللخدماتالانسانيه,legacy,LEG-ORG-B2-017,LEG-ORG-B2-017,,dashboard_bundle_1/الدفعة 2/تقرير أداء الدفعة.xlsx | dashboard_bundle_1/الدفعة 2/المستشار-سارة أبو الخير .xlsx | dashboard_bundle_1/المحكم-حسين عواجي.xlsx,,dashboard_bundle_1/الدفعة 2/تقرير أداء الدفعة.xlsx | بيانات الجهات!18 || dashboard_bundle_1/الدفعة 2/المستشار-سارة أبو الخير .xlsx | جمعية التمور للخدمات الإنسانية!2 || dashboard_bundle_1/المحكم-حسين عواجي.xlsx | جمعية التمور للخدمات الإنسانية!2,سارة أبو الخير,حسين عواجي,,,PRIMARY_ROSTER,43,43,,45,legacy_org_id=LEG-ORG-B2-017,HIGH,,,false
PART-LEG-LEG-ORG-B2-018,LEG-ORG-B2-018,جمعية سدير الزراعية,2,دفعة 2,جمعية سدير الزراعية,جمعيهسديرالزراعيه,legacy,LEG-ORG-B2-018,LEG-ORG-B2-018,,dashboard_bundle_1/الدفعة 2/تقرير أداء الدفعة.xlsx | dashboard_bundle_1/الدفعة 2/المستشار-سارة أبو الخير .xlsx | dashboard_bundle_1/المحكم-حسين عواجي.xlsx,,dashboard_bundle_1/الدفعة 2/تقرير أداء الدفعة.xlsx | بيانات الجهات!19 || dashboard_bundle_1/الدفعة 2/المستشار-سارة أبو الخير .xlsx | جمعية سدير الزراعية!2 || dashboard_bundle_1/المحكم-حسين عواجي.xlsx | جمعية سدير الزراعية!2,سارة أبو الخير,حسين عواجي,,,PRIMARY_ROSTER,42,42,,45,legacy_org_id=LEG-ORG-B2-018,HIGH,,,false
PART-LEG-LEG-ORG-B2-019,LEG-ORG-B2-019,جمعية سلال الغذائية,2,دفعة 2,جمعية سلال الغذائية,جمعيهسلالالغذائيه,legacy,LEG-ORG-B2-019,LEG-ORG-B2-019,,dashboard_bundle_1/الدفعة 2/تقرير أداء الدفعة.xlsx | dashboard_bundle_1/الدفعة 2/المستشار-سارة أبو الخير .xlsx | dashboard_bundle_1/المحكم-حسين عواجي.xlsx,,dashboard_bundle_1/الدفعة 2/تقرير أداء الدفعة.xlsx | بيانات الجهات!20 || dashboard_bundle_1/الدفعة 2/المستشار-سارة أبو الخير .xlsx | جمعية سلال الغذائية!2 || dashboard_bundle_1/المحكم-حسين عواجي.xlsx | جمعية سلال الغذائية!2,سارة أبو الخير,حسين عواجي,,,PRIMARY_ROSTER,42,42,,45,legacy_org_id=LEG-ORG-B2-019,HIGH,,,false
PART-LEG-LEG-ORG-B2-020,LEG-ORG-B2-020,جمعية التنمية الأهلية بحرمة,2,دفعة 2,جمعية التنمية الأهلية بحرمة,جمعيهالتنميهالاهليهبحرمه,legacy,LEG-ORG-B2-020,LEG-ORG-B2-020,,dashboard_bundle_1/الدفعة 2/تقرير أداء الدفعة.xlsx | dashboard_bundle_1/الدفعة 2/المستشار-سارة أبو الخير .xlsx | dashboard_bundle_1/المحكم-حسين عواجي.xlsx,,dashboard_bundle_1/الدفعة 2/تقرير أداء الدفعة.xlsx | بيانات الجهات!21 || dashboard_bundle_1/الدفعة 2/المستشار-سارة أبو الخير .xlsx | جمعية التنمية الأهلية بحرمة!2 || dashboard_bundle_1/المحكم-حسين عواجي.xlsx | جمعية التنمية الأهلية بحرمة!2,سارة أبو الخير,حسين عواجي,,,PRIMARY_ROSTER,42,42,,45,legacy_org_id=LEG-ORG-B2-020,HIGH,,,false
PART-LEG-LEG-ORG-B2-021,LEG-ORG-B2-021,جمعية العناية بالمكتبات الخاصة,2,دفعة 2,جمعية العناية بالمكتبات الخاصة,جمعيهالعنايهبالمكتباتالخاصه,legacy,LEG-ORG-B2-021,LEG-ORG-B2-021,,dashboard_bundle_1/الدفعة 2/تقرير أداء الدفعة.xlsx | dashboard_bundle_1/الدفعة 2/المستشار-سارة أبو الخير .xlsx | dashboard_bundle_1/المحكم-حسين عواجي.xlsx,,dashboard_bundle_1/الدفعة 2/تقرير أداء الدفعة.xlsx | بيانات الجهات!22 || dashboard_bundle_1/الدفعة 2/المستشار-سارة أبو الخير .xlsx | جمعية العناية بالمكتبات الخاصة!2 || dashboard_bundle_1/المحكم-حسين عواجي.xlsx | جمعية العناية بالمكتبات الخاصة!2,سارة أبو الخير,حسين عواجي,,,PRIMARY_ROSTER,42,42,,45,legacy_org_id=LEG-ORG-B2-021,HIGH,,,false
PART-LEG-LEG-ORG-B2-022,LEG-ORG-B2-022,تراحم الرياض,2,دفعة 2,تراحم الرياض,تراحمالرياض,legacy,LEG-ORG-B2-022,LEG-ORG-B2-022,,dashboard_bundle_1/الدفعة 2/تقرير أداء الدفعة.xlsx | dashboard_bundle_1/الدفعة 2/المستشار-سارة أبو الخير .xlsx | dashboard_bundle_1/المحكم-حسين عواجي.xlsx,,dashboard_bundle_1/الدفعة 2/تقرير أداء الدفعة.xlsx | بيانات الجهات!23 || dashboard_bundle_1/الدفعة 2/المستشار-سارة أبو الخير .xlsx | تراحم الرياض!2 || dashboard_bundle_1/المحكم-حسين عواجي.xlsx | تراحم الرياض!2,سارة أبو الخير,حسين عواجي,,,PRIMARY_ROSTER,42,42,,45,legacy_org_id=LEG-ORG-B2-022,HIGH,,,false
PART-LEG-LEG-ORG-B2-023,LEG-ORG-B2-023,جمعية صناعة القدرات الشبابية,2,دفعة 2,جمعية صناعة القدرات الشبابية,جمعيهصناعهالقدراتالشبابيه,legacy,LEG-ORG-B2-023,LEG-ORG-B2-023,,dashboard_bundle_1/الدفعة 2/تقرير أداء الدفعة.xlsx | dashboard_bundle_1/الدفعة 2/المستشار-سارة أبو الخير .xlsx | dashboard_bundle_1/المحكم-حسين عواجي.xlsx,,dashboard_bundle_1/الدفعة 2/تقرير أداء الدفعة.xlsx | بيانات الجهات!24 || dashboard_bundle_1/الدفعة 2/المستشار-سارة أبو الخير .xlsx | جمعية صناعة القدرات الشبابية!2 || dashboard_bundle_1/المحكم-حسين عواجي.xlsx | جمعية صناعة القدرات الشبابية!2,سارة أبو الخير,حسين عواجي,,,PRIMARY_ROSTER,24,24,,45,legacy_org_id=LEG-ORG-B2-023,HIGH,,,false
PART-LEG-LEG-ORG-B2-024,LEG-ORG-B2-024,لجنة تراحم القصيم,2,دفعة 2,لجنة تراحم القصيم,لجنهتراحمالقصيم,legacy,LEG-ORG-B2-024,LEG-ORG-B2-024,,dashboard_bundle_1/الدفعة 2/تقرير أداء الدفعة.xlsx | dashboard_bundle_1/الدفعة 2/المستشار-وديع الحربي.xlsx | dashboard_bundle_1/المحكم-علي الدوسري.xlsx,,dashboard_bundle_1/الدفعة 2/تقرير أداء الدفعة.xlsx | بيانات الجهات!25 || dashboard_bundle_1/الدفعة 2/المستشار-وديع الحربي.xlsx | لجنة تراحم القصيم!2 || dashboard_bundle_1/المحكم-علي الدوسري.xlsx | لجنة تراحم القصيم!2,وديع الحربي,علي الدوسري,,,PRIMARY_ROSTER,41,41,,45,legacy_org_id=LEG-ORG-B2-024,HIGH,,,false
PART-LEG-LEG-ORG-B2-025,LEG-ORG-B2-025,جمعية وطن طموح,2,دفعة 2,جمعية وطن طموح,جمعيهوطنطموح,legacy,LEG-ORG-B2-025,LEG-ORG-B2-025,,dashboard_bundle_1/الدفعة 2/تقرير أداء الدفعة.xlsx | dashboard_bundle_1/الدفعة 2/المستشار-وديع الحربي.xlsx | dashboard_bundle_1/المحكم-علي الدوسري.xlsx,,dashboard_bundle_1/الدفعة 2/تقرير أداء الدفعة.xlsx | بيانات الجهات!26 || dashboard_bundle_1/الدفعة 2/المستشار-وديع الحربي.xlsx | جمعية وطن طموح!2 || dashboard_bundle_1/المحكم-علي الدوسري.xlsx | جمعية وطن طموح!2,وديع الحربي,علي الدوسري,,,PRIMARY_ROSTER,41,41,,45,legacy_org_id=LEG-ORG-B2-025,HIGH,,,false
PART-LEG-LEG-ORG-B2-026,LEG-ORG-B2-026,جمعية دعم التعليم تعلم,2,دفعة 2,جمعية دعم التعليم تعلم,جمعيهدعمالتعليمتعلم,legacy,LEG-ORG-B2-026,LEG-ORG-B2-026,,dashboard_bundle_1/الدفعة 2/تقرير أداء الدفعة.xlsx | dashboard_bundle_1/الدفعة 2/المستشار-وديع الحربي.xlsx | dashboard_bundle_1/المحكم-علي الدوسري.xlsx,,dashboard_bundle_1/الدفعة 2/تقرير أداء الدفعة.xlsx | بيانات الجهات!27 || dashboard_bundle_1/الدفعة 2/المستشار-وديع الحربي.xlsx | جمعية دعم التعليم تعلم!2 || dashboard_bundle_1/المحكم-علي الدوسري.xlsx | جمعية دعم التعليم تعلم!2,وديع الحربي,علي الدوسري,,,PRIMARY_ROSTER,44,44,,45,legacy_org_id=LEG-ORG-B2-026,HIGH,,,false
PART-LEG-LEG-ORG-B2-027,LEG-ORG-B2-027,جمعية عضيد للخدمات التطوعية,2,دفعة 2,جمعية عضيد للخدمات التطوعية,جمعيهعضيدللخدماتالتطوعيه,legacy,LEG-ORG-B2-027,LEG-ORG-B2-027,,dashboard_bundle_1/الدفعة 2/تقرير أداء الدفعة.xlsx | dashboard_bundle_1/الدفعة 2/المستشار-وديع الحربي.xlsx | dashboard_bundle_1/المحكم-علي الدوسري.xlsx,,dashboard_bundle_1/الدفعة 2/تقرير أداء الدفعة.xlsx | بيانات الجهات!28 || dashboard_bundle_1/الدفعة 2/المستشار-وديع الحربي.xlsx | جمعية عضيد للخدمات التطوعية!2 || dashboard_bundle_1/المحكم-علي الدوسري.xlsx | جمعية عضيد للخدمات التطوعية!2,وديع الحربي,علي الدوسري,,,PRIMARY_ROSTER,44,44,,45,legacy_org_id=LEG-ORG-B2-027,HIGH,,,false
PART-LEG-LEG-ORG-B2-028,LEG-ORG-B2-028,جمعية النخب العلمية,2,دفعة 2,جمعية النخب العلمية,جمعيهالنخبالعلميه,legacy,LEG-ORG-B2-028,LEG-ORG-B2-028,,dashboard_bundle_1/الدفعة 2/تقرير أداء الدفعة.xlsx | dashboard_bundle_1/الدفعة 2/المستشار-وديع الحربي.xlsx | dashboard_bundle_1/المحكم-علي الدوسري.xlsx,,dashboard_bundle_1/الدفعة 2/تقرير أداء الدفعة.xlsx | بيانات الجهات!29 || dashboard_bundle_1/الدفعة 2/المستشار-وديع الحربي.xlsx | جمعية النخب العلمية!2 || dashboard_bundle_1/المحكم-علي الدوسري.xlsx | جمعية النخب العلمية!2,وديع الحربي,علي الدوسري,,,PRIMARY_ROSTER,44,44,,45,legacy_org_id=LEG-ORG-B2-028,HIGH,,,false
PART-LEG-LEG-ORG-B2-029,LEG-ORG-B2-029,جمعية ذو النون للرعاية الصحية المنزلية,2,دفعة 2,جمعية ذو النون للرعاية الصحية المنزلية,جمعيهذوالنونللرعايهالصحيهالمنزليه,legacy,LEG-ORG-B2-029,LEG-ORG-B2-029,,dashboard_bundle_1/الدفعة 2/تقرير أداء الدفعة.xlsx | dashboard_bundle_1/الدفعة 2/المستشار-وديع الحربي.xlsx | dashboard_bundle_1/المحكم-علي الدوسري.xlsx,,dashboard_bundle_1/الدفعة 2/تقرير أداء الدفعة.xlsx | بيانات الجهات!30 || dashboard_bundle_1/الدفعة 2/المستشار-وديع الحربي.xlsx | جمعية ذو النون!2 || dashboard_bundle_1/المحكم-علي الدوسري.xlsx | جمعية ذو النون للرعاية الصحية!2,وديع الحربي,علي الدوسري,,,PRIMARY_ROSTER,38,38,,45,legacy_org_id=LEG-ORG-B2-029,HIGH,,,false
PART-LEG-LEG-ORG-B2-030,LEG-ORG-B2-030,جمعية أخلاقنا لتعزيز القيم,2,دفعة 2,جمعية أخلاقنا لتعزيز القيم,جمعيهاخلاقنالتعزيزالقيم,legacy,LEG-ORG-B2-030,LEG-ORG-B2-030,,dashboard_bundle_1/الدفعة 2/تقرير أداء الدفعة.xlsx | dashboard_bundle_1/الدفعة 2/المستشار-وديع الحربي.xlsx | dashboard_bundle_1/المحكم-علي الدوسري.xlsx,,dashboard_bundle_1/الدفعة 2/تقرير أداء الدفعة.xlsx | بيانات الجهات!31 || dashboard_bundle_1/الدفعة 2/المستشار-وديع الحربي.xlsx | جمعية أخلاقنا لتعزيز القيم!2 || dashboard_bundle_1/المحكم-علي الدوسري.xlsx | جمعية أخلاقنا لتعزيز القيم!2,وديع الحربي,علي الدوسري,,,PRIMARY_ROSTER,44,44,,45,legacy_org_id=LEG-ORG-B2-030,HIGH,,,false
PART-LEG-LEG-ORG-B3-001,LEG-ORG-B3-001,مؤسسة منارات الهدى الوقفية,3,دفعة 3,مؤسسة منارات الهدى الوقفية,مؤسسهمناراتالهديالوقفيه,legacy,LEG-ORG-B3-001,LEG-ORG-B3-001,,dashboard_bundle_1/الدفعة 3/بيانات الجهات3.xlsx | dashboard_bundle_1/الدفعة 3/المحكم-خالد الزهراني.xlsx | dashboard_bundle_1/الدفعة 3/المستشار-عبدالرحمن موسى.xlsx,,dashboard_bundle_1/الدفعة 3/بيانات الجهات3.xlsx | بيانات الجهات!2 || dashboard_bundle_1/الدفعة 3/المحكم-خالد الزهراني.xlsx | مؤسسة منارات الهدى الوقفية!2 || dashboard_bundle_1/الدفعة 3/المستشار-عبدالرحمن موسى.xlsx | مؤسسة منارات الهدى الوقفية!2,عبدالرحمن موسى,خالد الزهراني,,,PRIMARY_ROSTER,47,47,,47,legacy_org_id=LEG-ORG-B3-001,HIGH,,,false
PART-LEG-LEG-ORG-B3-002,ORG-A05-03,جمعية التنمية الأهلية بالشقيق,3,دفعة 3,جمعية التنمية الأهلية بالشقيق,جمعيهالتنميهالاهليهبالشقيق,legacy,LEG-ORG-B3-002,LEG-ORG-B3-002,ORG-A05-03,dashboard_bundle_1/الدفعة 3/بيانات الجهات3.xlsx | dashboard_bundle_1/الدفعة 3/المحكم-خالد الزهراني.xlsx | dashboard_bundle_1/الدفعة 3/المستشار-عبدالرحمن موسى.xlsx,,dashboard_bundle_1/الدفعة 3/بيانات الجهات3.xlsx | بيانات الجهات!3 || dashboard_bundle_1/الدفعة 3/المحكم-خالد الزهراني.xlsx | جمعية التنمية الأهلية بالشقيق!2 || dashboard_bundle_1/الدفعة 3/المستشار-عبدالرحمن موسى.xlsx | جمعية التنمية الأهلية بالشقيق!2,عبدالرحمن موسى,خالد الزهراني,,,PRIMARY_ROSTER,44,47,,47,legacy_org_id=LEG-ORG-B3-002,HIGH,,,false
PART-LEG-LEG-ORG-B3-003,ORG-A05-05,جمعية البر ايتاء ببيشة,3,دفعة 3,جمعية البر ايتاء ببيشة,جمعيهالبرايتاءببيشه,legacy,LEG-ORG-B3-003,LEG-ORG-B3-003,ORG-A05-05,dashboard_bundle_1/الدفعة 3/بيانات الجهات3.xlsx | dashboard_bundle_1/الدفعة 3/المحكم-خالد الزهراني.xlsx | dashboard_bundle_1/الدفعة 3/المستشار-عبدالرحمن موسى.xlsx,,dashboard_bundle_1/الدفعة 3/بيانات الجهات3.xlsx | بيانات الجهات!4 || dashboard_bundle_1/الدفعة 3/المحكم-خالد الزهراني.xlsx | جمعية البر ايتاء ببيشة!2 || dashboard_bundle_1/الدفعة 3/المستشار-عبدالرحمن موسى.xlsx | جمعية البر ايتاء ببيشة!2,عبدالرحمن موسى,خالد الزهراني,,,PRIMARY_ROSTER,44,47,,47,legacy_org_id=LEG-ORG-B3-003,HIGH,,,false
PART-LEG-LEG-ORG-B3-004,ORG-A05-07,جمعية التنمية الأهلية بوادي جازان,3,دفعة 3,جمعية التنمية الأهلية بوادي جازان,جمعيهالتنميهالاهليهبواديجازان,legacy,LEG-ORG-B3-004,LEG-ORG-B3-004,ORG-A05-07,dashboard_bundle_1/الدفعة 3/بيانات الجهات3.xlsx | dashboard_bundle_1/الدفعة 3/المحكم-خالد الزهراني.xlsx | dashboard_bundle_1/الدفعة 3/المستشار-عبدالرحمن موسى.xlsx,,dashboard_bundle_1/الدفعة 3/بيانات الجهات3.xlsx | بيانات الجهات!5 || dashboard_bundle_1/الدفعة 3/المحكم-خالد الزهراني.xlsx | جمعية التنمية بوادي جازان!2 || dashboard_bundle_1/الدفعة 3/المستشار-عبدالرحمن موسى.xlsx | جمعية التنمية بوادي جازان!2,عبدالرحمن موسى,خالد الزهراني,,,PRIMARY_ROSTER,44,47,,47,legacy_org_id=LEG-ORG-B3-004,HIGH,,,false
PART-LEG-LEG-ORG-B3-005,ORG-A05-06,جمعية البر الخيرية بمحافظة بني حسن,3,دفعة 3,جمعية البر الخيرية بمحافظة بني حسن,جمعيهالبرالخيريهبمحافظهبنيحسن,legacy,LEG-ORG-B3-005,LEG-ORG-B3-005,ORG-A05-06,dashboard_bundle_1/الدفعة 3/بيانات الجهات3.xlsx | dashboard_bundle_1/الدفعة 3/المحكم-خالد الزهراني.xlsx | dashboard_bundle_1/الدفعة 3/المستشار-عبدالرحمن موسى.xlsx,,dashboard_bundle_1/الدفعة 3/بيانات الجهات3.xlsx | بيانات الجهات!6 || dashboard_bundle_1/الدفعة 3/المحكم-خالد الزهراني.xlsx | جمعية البر بمحافظة بني حسن!2 || dashboard_bundle_1/الدفعة 3/المستشار-عبدالرحمن موسى.xlsx | جمعية البر بمحافظة بني حسن!2,عبدالرحمن موسى,خالد الزهراني,,,PRIMARY_ROSTER,44,47,,47,legacy_org_id=LEG-ORG-B3-005,HIGH,,,false
PART-LEG-LEG-ORG-B3-006,ORG-A05-04,الجمعية الخيرية لتحفيظ القران الكريم بنجران رتل,3,دفعة 3,الجمعية الخيرية لتحفيظ القران الكريم بنجران رتل,الجمعيهالخيريهلتحفيظالقرانالكريمبنجرانرتل,legacy,LEG-ORG-B3-006,LEG-ORG-B3-006,ORG-A05-04,dashboard_bundle_1/الدفعة 3/بيانات الجهات3.xlsx | dashboard_bundle_1/الدفعة 3/المحكم-خالد الزهراني.xlsx | dashboard_bundle_1/الدفعة 3/المستشار-عبدالرحمن موسى.xlsx,,dashboard_bundle_1/الدفعة 3/بيانات الجهات3.xlsx | بيانات الجهات!7 || dashboard_bundle_1/الدفعة 3/المحكم-خالد الزهراني.xlsx | جمعية تحفيظ القران بنجران رتل!2 || dashboard_bundle_1/الدفعة 3/المستشار-عبدالرحمن موسى.xlsx | الجمعية الخيرية بنجران رتل!2,عبدالرحمن موسى,خالد الزهراني,,,PRIMARY_ROSTER,43,47,,47,legacy_org_id=LEG-ORG-B3-006,HIGH,,,false
PART-LEG-LEG-ORG-B3-007,ORG-A05-01,جمعية التنمية الأهلية بالباحر,3,دفعة 3,جمعية التنمية الأهلية بالباحر,جمعيهالتنميهالاهليهبالباحر,legacy,LEG-ORG-B3-007,LEG-ORG-B3-007,ORG-A05-01,dashboard_bundle_1/الدفعة 3/بيانات الجهات3.xlsx | dashboard_bundle_1/الدفعة 3/المحكم-خالد الزهراني.xlsx | dashboard_bundle_1/الدفعة 3/المستشار-عبدالرحمن موسى.xlsx,,dashboard_bundle_1/الدفعة 3/بيانات الجهات3.xlsx | بيانات الجهات!8 || dashboard_bundle_1/الدفعة 3/المحكم-خالد الزهراني.xlsx | جمعية التنمية الأهلية بالباحر!2 || dashboard_bundle_1/الدفعة 3/المستشار-عبدالرحمن موسى.xlsx | جمعية التنمية الأهلية بالباحر!2,عبدالرحمن موسى,خالد الزهراني,,,PRIMARY_ROSTER,44,47,,47,legacy_org_id=LEG-ORG-B3-007,HIGH,,,false
PART-LEG-LEG-ORG-B3-008,ORG-A05-02,جمعية الدعوة والارشاد وتوعوية الجاليات بصناعية نجران إشراقة,3,دفعة 3,جمعية الدعوة والارشاد وتوعوية الجاليات بصناعية نجران إشراقة,جمعيهالدعوهوالارشادوتوعويهالجالياتبصناعيهنجراناشراقه,legacy,LEG-ORG-B3-008,LEG-ORG-B3-008,ORG-A05-02,dashboard_bundle_1/الدفعة 3/بيانات الجهات3.xlsx | dashboard_bundle_1/الدفعة 3/المحكم-خالد الزهراني.xlsx | dashboard_bundle_1/الدفعة 3/المستشار-عبدالرحمن موسى.xlsx,,dashboard_bundle_1/الدفعة 3/بيانات الجهات3.xlsx | بيانات الجهات!9 || dashboard_bundle_1/الدفعة 3/المحكم-خالد الزهراني.xlsx | جمعية إشراقة!2 || dashboard_bundle_1/الدفعة 3/المستشار-عبدالرحمن موسى.xlsx | جمعية نجران إشراقة!2,عبدالرحمن موسى,خالد الزهراني,,,PRIMARY_ROSTER,43,47,,47,legacy_org_id=LEG-ORG-B3-008,HIGH,,,false
PART-LEG-LEG-ORG-B3-009,LEG-ORG-B3-009,جمعية نبتون للتاهيل الطبي,3,دفعة 3,جمعية نبتون للتاهيل الطبي,جمعيهنبتونللتاهيلالطبي,legacy,LEG-ORG-B3-009,LEG-ORG-B3-009,,dashboard_bundle_1/الدفعة 3/بيانات الجهات3.xlsx | dashboard_bundle_1/الدفعة 3/المحكم-أحمد خواجي.xlsx | dashboard_bundle_1/الدفعة 3/المستشار-ظافر القرني.xlsx,,dashboard_bundle_1/الدفعة 3/بيانات الجهات3.xlsx | بيانات الجهات!10 || dashboard_bundle_1/الدفعة 3/المحكم-أحمد خواجي.xlsx | جمعية نبتون للتاهيل الطبي!2 || dashboard_bundle_1/الدفعة 3/المستشار-ظافر القرني.xlsx | جمعية نبتون للتاهيل الطبي!2,ظافر القرني,أحمد خواجي,,,PRIMARY_ROSTER,47,47,,47,legacy_org_id=LEG-ORG-B3-009,HIGH,,,false
PART-LEG-LEG-ORG-B3-010,ORG-A04-05,اللجنة الوطنية لرعاية السجناء والمفرج عنهم وأسرهم ( بعسير ),3,دفعة 3,اللجنة الوطنية لرعاية السجناء والمفرج عنهم وأسرهم ( بعسير ),اللجنهالوطنيهلرعايهالسجناءوالمفرجعنهمواسرهم(بعسير),legacy,LEG-ORG-B3-010,LEG-ORG-B3-010,ORG-A04-05,dashboard_bundle_1/الدفعة 3/بيانات الجهات3.xlsx | dashboard_bundle_1/الدفعة 3/المحكم-أحمد خواجي.xlsx | dashboard_bundle_1/الدفعة 3/المستشار-ظافر القرني.xlsx,,dashboard_bundle_1/الدفعة 3/بيانات الجهات3.xlsx | بيانات الجهات!11 || dashboard_bundle_1/الدفعة 3/المحكم-أحمد خواجي.xlsx | رعاية السجناء وأسرهم ( بعسير )!2 || dashboard_bundle_1/الدفعة 3/المستشار-ظافر القرني.xlsx | اللجنة الوطنية لرعاية السجناء!2,ظافر القرني,أحمد خواجي,,,PRIMARY_ROSTER,28,47,,47,legacy_org_id=LEG-ORG-B3-010,HIGH,,,false
PART-LEG-LEG-ORG-B3-011,ORG-A04-04,جمعية عبق الشبابية,3,دفعة 3,جمعية عبق الشبابية,جمعيهعبقالشبابيه,legacy,LEG-ORG-B3-011,LEG-ORG-B3-011,ORG-A04-04,dashboard_bundle_1/الدفعة 3/بيانات الجهات3.xlsx | dashboard_bundle_1/الدفعة 3/المحكم-أحمد خواجي.xlsx | dashboard_bundle_1/الدفعة 3/المستشار-ظافر القرني.xlsx,,dashboard_bundle_1/الدفعة 3/بيانات الجهات3.xlsx | بيانات الجهات!12 || dashboard_bundle_1/الدفعة 3/المحكم-أحمد خواجي.xlsx | جمعية عبق الشبابية!2 || dashboard_bundle_1/الدفعة 3/المستشار-ظافر القرني.xlsx | جمعية عبق الشبابية!2,ظافر القرني,أحمد خواجي,,,PRIMARY_ROSTER,29,47,,47,legacy_org_id=LEG-ORG-B3-011,HIGH,,,false
PART-LEG-LEG-ORG-B3-012,ORG-A04-03,جمعية تحفيظ القرآن الكريم بمحايل عسير ( تَعَاهَد),3,دفعة 3,جمعية تحفيظ القرآن الكريم بمحايل عسير ( تَعَاهَد),جمعيهتحفيظالقرانالكريمبمحايلعسير(تعاهد),legacy,LEG-ORG-B3-012,LEG-ORG-B3-012,ORG-A04-03,dashboard_bundle_1/الدفعة 3/بيانات الجهات3.xlsx | dashboard_bundle_1/الدفعة 3/المحكم-أحمد خواجي.xlsx | dashboard_bundle_1/الدفعة 3/المستشار-ظافر القرني.xlsx,,dashboard_bundle_1/الدفعة 3/بيانات الجهات3.xlsx | بيانات الجهات!13 || dashboard_bundle_1/الدفعة 3/المحكم-أحمد خواجي.xlsx | جمعية محايل عسير ( تَعَاهَد)!2 || dashboard_bundle_1/الدفعة 3/المستشار-ظافر القرني.xlsx | جمعية محايل عسير ( تَعَاهَد)!2,ظافر القرني,أحمد خواجي,,,PRIMARY_ROSTER,29,47,,47,legacy_org_id=LEG-ORG-B3-012,HIGH,,,false
PART-LEG-LEG-ORG-B3-013,ORG-A04-01,جمعية أفق لتطوير العمل الخيري والتطوعي,3,دفعة 3,جمعية أفق لتطوير العمل الخيري والتطوعي,جمعيهافقلتطويرالعملالخيريوالتطوعي,legacy,LEG-ORG-B3-013,LEG-ORG-B3-013,ORG-A04-01,dashboard_bundle_1/الدفعة 3/بيانات الجهات3.xlsx | dashboard_bundle_1/الدفعة 3/المحكم-أحمد خواجي.xlsx | dashboard_bundle_1/الدفعة 3/المستشار-ظافر القرني.xlsx,,dashboard_bundle_1/الدفعة 3/بيانات الجهات3.xlsx | بيانات الجهات!14 || dashboard_bundle_1/الدفعة 3/المحكم-أحمد خواجي.xlsx | جمعية أفق لتطوير العمل الخيري!2 || dashboard_bundle_1/الدفعة 3/المستشار-ظافر القرني.xlsx | جمعية أفق لتطوير العمل الخيري!2,ظافر القرني,أحمد خواجي,,,PRIMARY_ROSTER,29,47,,47,legacy_org_id=LEG-ORG-B3-013,HIGH,,,false
PART-LEG-LEG-ORG-B3-014,ORG-A04-02,جمعية افاق الشبابية,3,دفعة 3,جمعية افاق الشبابية,جمعيهافاقالشبابيه,legacy,LEG-ORG-B3-014,LEG-ORG-B3-014,ORG-A04-02,dashboard_bundle_1/الدفعة 3/بيانات الجهات3.xlsx | dashboard_bundle_1/الدفعة 3/المحكم-أحمد خواجي.xlsx | dashboard_bundle_1/الدفعة 3/المستشار-ظافر القرني.xlsx,,dashboard_bundle_1/الدفعة 3/بيانات الجهات3.xlsx | بيانات الجهات!15 || dashboard_bundle_1/الدفعة 3/المحكم-أحمد خواجي.xlsx | جمعية افاق الشبابية!2 || dashboard_bundle_1/الدفعة 3/المستشار-ظافر القرني.xlsx | جمعية افاق الشبابية!2,ظافر القرني,أحمد خواجي,,,PRIMARY_ROSTER,29,47,,47,legacy_org_id=LEG-ORG-B3-014,HIGH,,,false
PART-LEG-LEG-ORG-B3-015,LEG-ORG-B3-015,جمعية خبرات التعليمة,3,دفعة 3,جمعية خبرات التعليمة,جمعيهخبراتالتعليمه,legacy,LEG-ORG-B3-015,LEG-ORG-B3-015,,dashboard_bundle_1/الدفعة 3/بيانات الجهات3.xlsx | dashboard_bundle_1/الدفعة 3/المحكم-أحمد خواجي.xlsx | dashboard_bundle_1/الدفعة 3/المستشار-ظافر القرني.xlsx,,dashboard_bundle_1/الدفعة 3/بيانات الجهات3.xlsx | بيانات الجهات!16 || dashboard_bundle_1/الدفعة 3/المحكم-أحمد خواجي.xlsx | جمعية خبرات التعليمة!2 || dashboard_bundle_1/الدفعة 3/المستشار-ظافر القرني.xlsx | جمعية خبرات التعليمة!2,ظافر القرني,أحمد خواجي,,,PRIMARY_ROSTER,47,47,,47,legacy_org_id=LEG-ORG-B3-015,HIGH,,,false
PART-LEG-LEG-ORG-B3-016,ORG-A02-03,جمعية مواساة لإكرام الموتى بعسير,3,دفعة 3,جمعية مواساة لإكرام الموتى بعسير,جمعيهمواساهلاكرامالموتيبعسير,legacy,LEG-ORG-B3-016,LEG-ORG-B3-016,ORG-A02-03,dashboard_bundle_1/الدفعة 3/بيانات الجهات3.xlsx | dashboard_bundle_1/الدفعة 3/المحكم-خالد القرني.xlsx | dashboard_bundle_1/الدفعة 3/المستشار-إســراء بـاقيس.xlsx,,dashboard_bundle_1/الدفعة 3/بيانات الجهات3.xlsx | بيانات الجهات!17 || dashboard_bundle_1/الدفعة 3/المحكم-خالد القرني.xlsx | جمعية مواساة لإكرام الموتى!2 || dashboard_bundle_1/الدفعة 3/المستشار-إســراء بـاقيس.xlsx | جمعية مواساة لإكرام الموتى بعسي!2,إسراء باقيس,خالد القرني,,,PRIMARY_ROSTER,29,47,,47,legacy_org_id=LEG-ORG-B3-016,HIGH,,,false
PART-LEG-LEG-ORG-B3-017,LEG-ORG-B3-017,جمعية مرفأ للخدمات الاسرية,3,دفعة 3,جمعية مرفأ للخدمات الاسرية,جمعيهمرفاللخدماتالاسريه,legacy,LEG-ORG-B3-017,LEG-ORG-B3-017,,dashboard_bundle_1/الدفعة 3/بيانات الجهات3.xlsx | dashboard_bundle_1/الدفعة 3/المحكم-خالد القرني.xlsx | dashboard_bundle_1/الدفعة 3/المستشار-إســراء بـاقيس.xlsx,,dashboard_bundle_1/الدفعة 3/بيانات الجهات3.xlsx | بيانات الجهات!18 || dashboard_bundle_1/الدفعة 3/المحكم-خالد القرني.xlsx | جمعية مرفأ للخدمات الاسرية!2 || dashboard_bundle_1/الدفعة 3/المستشار-إســراء بـاقيس.xlsx | جمعية مرفأ للخدمات الاسرية!2,إسراء باقيس,خالد القرني,,,PRIMARY_ROSTER,47,47,,47,legacy_org_id=LEG-ORG-B3-017,HIGH,,,false
PART-LEG-LEG-ORG-B3-018,ORG-A02-04,جمعية الإسكان التنموي بعسير,3,دفعة 3,جمعية الإسكان التنموي بعسير,جمعيهالاسكانالتنمويبعسير,legacy,LEG-ORG-B3-018,LEG-ORG-B3-018,ORG-A02-04,dashboard_bundle_1/الدفعة 3/بيانات الجهات3.xlsx | dashboard_bundle_1/الدفعة 3/المحكم-خالد القرني.xlsx | dashboard_bundle_1/الدفعة 3/المستشار-إســراء بـاقيس.xlsx,,dashboard_bundle_1/الدفعة 3/بيانات الجهات3.xlsx | بيانات الجهات!19 || dashboard_bundle_1/الدفعة 3/المحكم-خالد القرني.xlsx | جمعية الإسكان التنموي بعسير!2 || dashboard_bundle_1/الدفعة 3/المستشار-إســراء بـاقيس.xlsx | جمعية الإسكان التنموي بعسير!2,إسراء باقيس,خالد القرني,,,PRIMARY_ROSTER,31,47,,47,legacy_org_id=LEG-ORG-B3-018,HIGH,,,false
PART-LEG-LEG-ORG-B3-019,ORG-A02-01,جمعية عمارة للعناية بالمساجد بجازان,3,دفعة 3,جمعية عمارة للعناية بالمساجد بجازان,جمعيهعمارهللعنايهبالمساجدبجازان,legacy,LEG-ORG-B3-019,LEG-ORG-B3-019,ORG-A02-01,dashboard_bundle_1/الدفعة 3/بيانات الجهات3.xlsx | dashboard_bundle_1/الدفعة 3/المحكم-خالد القرني.xlsx | dashboard_bundle_1/الدفعة 3/المستشار-إســراء بـاقيس.xlsx,,dashboard_bundle_1/الدفعة 3/بيانات الجهات3.xlsx | بيانات الجهات!20 || dashboard_bundle_1/الدفعة 3/المحكم-خالد القرني.xlsx | جمعية عمارة للعناية بالمساجد!2 || dashboard_bundle_1/الدفعة 3/المستشار-إســراء بـاقيس.xlsx | جمعية عمارة للعناية بالمساجد!2,إسراء باقيس,خالد القرني,,,PRIMARY_ROSTER,30,47,,47,legacy_org_id=LEG-ORG-B3-019,HIGH,,,false
PART-LEG-LEG-ORG-B3-020,ORG-A02-02,جمعية التنمية الأهلية بتبوك شيم,3,دفعة 3,جمعية التنمية الأهلية بتبوك شيم,جمعيهالتنميهالاهليهبتبوكشيم,legacy,LEG-ORG-B3-020,LEG-ORG-B3-020,ORG-A02-02,dashboard_bundle_1/الدفعة 3/بيانات الجهات3.xlsx | dashboard_bundle_1/الدفعة 3/المحكم-خالد القرني.xlsx | dashboard_bundle_1/الدفعة 3/المستشار-إســراء بـاقيس.xlsx,,dashboard_bundle_1/الدفعة 3/بيانات الجهات3.xlsx | بيانات الجهات!21 || dashboard_bundle_1/الدفعة 3/المحكم-خالد القرني.xlsx | جمعية التنمية الأهلية بتبوك شيم!2 || dashboard_bundle_1/الدفعة 3/المستشار-إســراء بـاقيس.xlsx | جمعية التنمية الأهلية بتبوك شيم!2,إسراء باقيس,خالد القرني,,,PRIMARY_ROSTER,29,47,,47,legacy_org_id=LEG-ORG-B3-020,HIGH,,,false
PART-LEG-LEG-ORG-B3-021,ORG-A02-06,جمعية التنمية الأهلية برفحاء,3,دفعة 3,جمعية التنمية الأهلية برفحاء,جمعيهالتنميهالاهليهبرفحاء,legacy,LEG-ORG-B3-021,LEG-ORG-B3-021,ORG-A02-06,dashboard_bundle_1/الدفعة 3/بيانات الجهات3.xlsx | dashboard_bundle_1/الدفعة 3/المحكم-خالد القرني.xlsx | dashboard_bundle_1/الدفعة 3/المستشار-إســراء بـاقيس.xlsx,,dashboard_bundle_1/الدفعة 3/بيانات الجهات3.xlsx | بيانات الجهات!22 || dashboard_bundle_1/الدفعة 3/المحكم-خالد القرني.xlsx | جمعية التنمية الأهلية برفحاء!2 || dashboard_bundle_1/الدفعة 3/المستشار-إســراء بـاقيس.xlsx | جمعية التنمية الأهلية برفحاء!2,إسراء باقيس,خالد القرني,,,PRIMARY_ROSTER,29,47,,47,legacy_org_id=LEG-ORG-B3-021,HIGH,,,false
PART-LEG-LEG-ORG-B3-022,LEG-ORG-B3-022,تحفيظ تبوك,3,دفعة 3,تحفيظ تبوك,تحفيظتبوك,legacy,LEG-ORG-B3-022,LEG-ORG-B3-022,,dashboard_bundle_1/الدفعة 3/بيانات الجهات3.xlsx | dashboard_bundle_1/الدفعة 3/المحكم-خالد القرني.xlsx | dashboard_bundle_1/الدفعة 3/المستشار-إســراء بـاقيس.xlsx,,dashboard_bundle_1/الدفعة 3/بيانات الجهات3.xlsx | بيانات الجهات!23 || dashboard_bundle_1/الدفعة 3/المحكم-خالد القرني.xlsx | تحفيظ تبوك!2 || dashboard_bundle_1/الدفعة 3/المستشار-إســراء بـاقيس.xlsx | تحفيظ تبوك!2,إسراء باقيس,خالد القرني,,,PRIMARY_ROSTER,47,47,,47,legacy_org_id=LEG-ORG-B3-022,HIGH,,,false
PART-LEG-LEG-ORG-B3-023,ORG-A02-05,جمعية نُبل الشبابية,3,دفعة 3,جمعية نُبل الشبابية,جمعيهنبلالشبابيه,legacy,LEG-ORG-B3-023,LEG-ORG-B3-023,ORG-A02-05,dashboard_bundle_1/الدفعة 3/بيانات الجهات3.xlsx | dashboard_bundle_1/الدفعة 3/المحكم-خالد القرني.xlsx | dashboard_bundle_1/الدفعة 3/المستشار-إســراء بـاقيس.xlsx,,dashboard_bundle_1/الدفعة 3/بيانات الجهات3.xlsx | بيانات الجهات!24 || dashboard_bundle_1/الدفعة 3/المحكم-خالد القرني.xlsx | جمعية نُبل الشبابية!2 || dashboard_bundle_1/الدفعة 3/المستشار-إســراء بـاقيس.xlsx | جمعية نُبل الشبابية!2,إسراء باقيس,خالد القرني,,,PRIMARY_ROSTER,29,47,,47,legacy_org_id=LEG-ORG-B3-023,HIGH,,,false
PART-LEG-LEG-ORG-B3-024,ORG-A03-04,جمعية عطاء الاهلية بجدة,3,دفعة 3,جمعية عطاء الاهلية بجدة,جمعيهعطاءالاهليهبجده,legacy,LEG-ORG-B3-024,LEG-ORG-B3-024,ORG-A03-04,dashboard_bundle_1/الدفعة 3/بيانات الجهات3.xlsx | dashboard_bundle_1/الدفعة 3/المستشار-عزيـز التوخـي.xlsx,,dashboard_bundle_1/الدفعة 3/بيانات الجهات3.xlsx | بيانات الجهات!25 || dashboard_bundle_1/الدفعة 3/المستشار-عزيـز التوخـي.xlsx | جمعية عطاء الاهلية بجدة!2,عزيز التوخي,,,,PRIMARY_ROSTER,29,0,,0,legacy_org_id=LEG-ORG-B3-024,HIGH,,,false
PART-LEG-LEG-ORG-B3-025,ORG-A03-03,جمعية نماء المكية للسقاية والرفادة,3,دفعة 3,جمعية نماء المكية للسقاية والرفادة,جمعيهنماءالمكيهللسقايهوالرفاده,legacy,LEG-ORG-B3-025,LEG-ORG-B3-025,ORG-A03-03,dashboard_bundle_1/الدفعة 3/بيانات الجهات3.xlsx | dashboard_bundle_1/الدفعة 3/المستشار-عزيـز التوخـي.xlsx,,dashboard_bundle_1/الدفعة 3/بيانات الجهات3.xlsx | بيانات الجهات!26 || dashboard_bundle_1/الدفعة 3/المستشار-عزيـز التوخـي.xlsx | جمعية نماء المكية للسقاية والرف!2,عزيز التوخي,,,,PRIMARY_ROSTER,26,0,,0,legacy_org_id=LEG-ORG-B3-025,HIGH,,,false
PART-LEG-LEG-ORG-B3-026,LEG-ORG-B3-026,جمعية حفظ النعمة,3,دفعة 3,جمعية حفظ النعمة,جمعيهحفظالنعمه,legacy,LEG-ORG-B3-026,LEG-ORG-B3-026,,dashboard_bundle_1/الدفعة 3/بيانات الجهات3.xlsx | dashboard_bundle_1/الدفعة 3/المستشار-عزيـز التوخـي.xlsx,,dashboard_bundle_1/الدفعة 3/بيانات الجهات3.xlsx | بيانات الجهات!27 || dashboard_bundle_1/الدفعة 3/المستشار-عزيـز التوخـي.xlsx | جمعية حفظ النعمة!2,عزيز التوخي,,,,PRIMARY_ROSTER,0,0,,0,legacy_org_id=LEG-ORG-B3-026,HIGH,,,false
PART-LEG-LEG-ORG-B3-027,ORG-A03-02,جمعية التنمية الإيجابية,3,دفعة 3,جمعية التنمية الإيجابية,جمعيهالتنميهالايجابيه,legacy,LEG-ORG-B3-027,LEG-ORG-B3-027,ORG-A03-02,dashboard_bundle_1/الدفعة 3/بيانات الجهات3.xlsx | dashboard_bundle_1/الدفعة 3/المستشار-عزيـز التوخـي.xlsx,,dashboard_bundle_1/الدفعة 3/بيانات الجهات3.xlsx | بيانات الجهات!28 || dashboard_bundle_1/الدفعة 3/المستشار-عزيـز التوخـي.xlsx | جمعية التنمية الإيجابية!2,عزيز التوخي,,,,PRIMARY_ROSTER,27,0,,0,legacy_org_id=LEG-ORG-B3-027,HIGH,,,false
PART-LEG-LEG-ORG-B3-028,ORG-A03-01,جمعية البر لقرى جنوب مكة,3,دفعة 3,جمعية البر لقرى جنوب مكة,جمعيهالبرلقريجنوبمكه,legacy,LEG-ORG-B3-028,LEG-ORG-B3-028,ORG-A03-01,dashboard_bundle_1/الدفعة 3/بيانات الجهات3.xlsx | dashboard_bundle_1/الدفعة 3/المستشار-عزيـز التوخـي.xlsx,,dashboard_bundle_1/الدفعة 3/بيانات الجهات3.xlsx | بيانات الجهات!29 || dashboard_bundle_1/الدفعة 3/المستشار-عزيـز التوخـي.xlsx | جمعية البر لقرى جنوب مكة!2,عزيز التوخي,,,,PRIMARY_ROSTER,27,0,,0,legacy_org_id=LEG-ORG-B3-028,HIGH,,,false
PART-LEG-LEG-ORG-B3-029,ORG-A03-05,جمعية خبير للمختبرات الطبية,3,دفعة 3,جمعية خبير للمختبرات الطبية,جمعيهخبيرللمختبراتالطبيه,legacy,LEG-ORG-B3-029,LEG-ORG-B3-029,ORG-A03-05,dashboard_bundle_1/الدفعة 3/بيانات الجهات3.xlsx | dashboard_bundle_1/الدفعة 3/المستشار-عزيـز التوخـي.xlsx,,dashboard_bundle_1/الدفعة 3/بيانات الجهات3.xlsx | بيانات الجهات!30 || dashboard_bundle_1/الدفعة 3/المستشار-عزيـز التوخـي.xlsx | جمعية خبير للمختبرات الطبية!2,عزيز التوخي,,,,PRIMARY_ROSTER,38,0,,0,legacy_org_id=LEG-ORG-B3-029,HIGH,,,false
PART-LEG-LEG-ORG-B4-001,ORG-A06-03,ديوان وزارة الداخلية,4,دفعة 4,ديوان وزارة الداخلية,ديوانوزارهالداخليه,legacy,LEG-ORG-B4-001,LEG-ORG-B4-001,ORG-A06-03,dashboard_bundle_1/الدفعة 4/بيانات الجهات4.xlsx | dashboard_bundle_1/الدفعة 4/المستشار-سعيد الغامدي.xlsx,,dashboard_bundle_1/الدفعة 4/بيانات الجهات4.xlsx | 4بيانات الجهات!2 || dashboard_bundle_1/الدفعة 4/المستشار-سعيد الغامدي.xlsx | ديوان وزارة الداخلية!2,سعيد الغامدي,,,,PRIMARY_ROSTER,29,0,,0,legacy_org_id=LEG-ORG-B4-001,HIGH,,,false
PART-LEG-LEG-ORG-B4-002,ORG-A06-01,جمعية الخدمات الاجتماعية بنمران,4,دفعة 4,جمعية الخدمات الاجتماعية بنمران,جمعيهالخدماتالاجتماعيهبنمران,legacy,LEG-ORG-B4-002,LEG-ORG-B4-002,ORG-A06-01,dashboard_bundle_1/الدفعة 4/بيانات الجهات4.xlsx | dashboard_bundle_1/الدفعة 4/المستشار-سعيد الغامدي.xlsx,,dashboard_bundle_1/الدفعة 4/بيانات الجهات4.xlsx | 4بيانات الجهات!3 || dashboard_bundle_1/الدفعة 4/المستشار-سعيد الغامدي.xlsx | جمعية الخدمات الاجتماعية بنمران!2,سعيد الغامدي,,,,PRIMARY_ROSTER,28,0,,0,legacy_org_id=LEG-ORG-B4-002,HIGH,,,false
PART-LEG-LEG-ORG-B4-003,ORG-A06-06,جمعية وسم للتصلب المتعدد,4,دفعة 4,جمعية وسم للتصلب المتعدد,جمعيهوسمللتصلبالمتعدد,legacy,LEG-ORG-B4-003,LEG-ORG-B4-003,ORG-A06-06,dashboard_bundle_1/الدفعة 4/بيانات الجهات4.xlsx | dashboard_bundle_1/الدفعة 4/المستشار-سعيد الغامدي.xlsx,,dashboard_bundle_1/الدفعة 4/بيانات الجهات4.xlsx | 4بيانات الجهات!4 || dashboard_bundle_1/الدفعة 4/المستشار-سعيد الغامدي.xlsx | جمعية وسم للتصلب المتعدد!2,سعيد الغامدي,,,,PRIMARY_ROSTER,29,0,,0,legacy_org_id=LEG-ORG-B4-003,HIGH,,,false
PART-LEG-LEG-ORG-B4-004,ORG-A06-02,جمعية التنمية الأهلية بأحد المسارحة,4,دفعة 4,جمعية التنمية الأهلية بأحد المسارحة,جمعيهالتنميهالاهليهباحدالمسارحه,legacy,LEG-ORG-B4-004,LEG-ORG-B4-004,ORG-A06-02,dashboard_bundle_1/الدفعة 4/بيانات الجهات4.xlsx | dashboard_bundle_1/الدفعة 4/المستشار-سعيد الغامدي.xlsx,,dashboard_bundle_1/الدفعة 4/بيانات الجهات4.xlsx | 4بيانات الجهات!5 || dashboard_bundle_1/الدفعة 4/المستشار-سعيد الغامدي.xlsx | جمعية التنمية الأهلية بأحد المس!2,سعيد الغامدي,,,,PRIMARY_ROSTER,28,0,,0,legacy_org_id=LEG-ORG-B4-004,HIGH,,,false
PART-LEG-LEG-ORG-B4-005,ORG-A06-05,جمعية ترميم للتنمية,4,دفعة 4,جمعية ترميم للتنمية,جمعيهترميمللتنميه,legacy,LEG-ORG-B4-005,LEG-ORG-B4-005,ORG-A06-05,dashboard_bundle_1/الدفعة 4/بيانات الجهات4.xlsx | dashboard_bundle_1/الدفعة 4/المستشار-سعيد الغامدي.xlsx,,dashboard_bundle_1/الدفعة 4/بيانات الجهات4.xlsx | 4بيانات الجهات!6 || dashboard_bundle_1/الدفعة 4/المستشار-سعيد الغامدي.xlsx | جمعية ترميم للتنمية!2,سعيد الغامدي,,,,PRIMARY_ROSTER,28,0,,0,legacy_org_id=LEG-ORG-B4-005,HIGH,,,false
PART-LEG-LEG-ORG-B4-006,ORG-A06-04,جمعيه جمان التعليمية,4,دفعة 4,جمعية جمان التعليمية,جمعيهجمانالتعليميه,legacy,LEG-ORG-B4-006,LEG-ORG-B4-006,ORG-A06-04,dashboard_bundle_1/الدفعة 4/بيانات الجهات4.xlsx | dashboard_bundle_1/الدفعة 4/المستشار-سعيد الغامدي.xlsx,,dashboard_bundle_1/الدفعة 4/بيانات الجهات4.xlsx | 4بيانات الجهات!7 || dashboard_bundle_1/الدفعة 4/المستشار-سعيد الغامدي.xlsx | جمعية جمان التعليمية!2,سعيد الغامدي,,,,PRIMARY_ROSTER,28,0,,0,legacy_org_id=LEG-ORG-B4-006,HIGH,,,false
PART-LEG-LEG-ORG-B4-007,ORG-A06-07,جمعية أصول للمحتوى الدعوي,4,دفعة 4,جمعية أصول للمحتوى الدعوي,جمعيهاصولللمحتويالدعوي,legacy,LEG-ORG-B4-007,LEG-ORG-B4-007,ORG-A06-07,dashboard_bundle_1/الدفعة 4/بيانات الجهات4.xlsx | dashboard_bundle_1/الدفعة 4/المستشار-سعيد الغامدي.xlsx,,dashboard_bundle_1/الدفعة 4/بيانات الجهات4.xlsx | 4بيانات الجهات!8 || dashboard_bundle_1/الدفعة 4/المستشار-سعيد الغامدي.xlsx | جمعية أصول للمحتوى الدعوي!2,سعيد الغامدي,,,,PRIMARY_ROSTER,29,0,,0,legacy_org_id=LEG-ORG-B4-007,HIGH,,,false
PART-LEG-LEG-ORG-B4-008,ORG-A07-06,هيئة تطويرمنطقة المدينة المنورة,4,دفعة 4,هيئة تطويرمنطقة المدينة المنورة,هيئهتطويرمنطقهالمدينهالمنوره,legacy,LEG-ORG-B4-008,LEG-ORG-B4-008,ORG-A07-06,dashboard_bundle_1/الدفعة 4/بيانات الجهات4.xlsx | dashboard_bundle_1/الدفعة 4/المحكم-بندر الحارثي.xlsx | dashboard_bundle_1/الدفعة 4/المستشار-فهد ظافر.xlsx,,dashboard_bundle_1/الدفعة 4/بيانات الجهات4.xlsx | 4بيانات الجهات!9 || dashboard_bundle_1/الدفعة 4/المحكم-بندر الحارثي.xlsx | هيئة تطويرمنطقة المدينة المنورة!2 || dashboard_bundle_1/الدفعة 4/المستشار-فهد ظافر.xlsx | هيئة تطويرمنطقة المدينة المنورة!2,فهد ظافر,بندر الحارثي,,,PRIMARY_ROSTER,28,47,,47,legacy_org_id=LEG-ORG-B4-008,HIGH,,,false
PART-LEG-LEG-ORG-B4-009,ORG-A07-07,جمعية مجلس حي اجيال الاجتماعي,4,دفعة 4,جمعية مجلس حي اجيال الاجتماعي,جمعيهمجلسحياجيالالاجتماعي,legacy,LEG-ORG-B4-009,LEG-ORG-B4-009,ORG-A07-07,dashboard_bundle_1/الدفعة 4/بيانات الجهات4.xlsx | dashboard_bundle_1/الدفعة 4/المحكم-بندر الحارثي.xlsx | dashboard_bundle_1/الدفعة 4/المستشار-فهد ظافر.xlsx,,dashboard_bundle_1/الدفعة 4/بيانات الجهات4.xlsx | 4بيانات الجهات!10 || dashboard_bundle_1/الدفعة 4/المحكم-بندر الحارثي.xlsx | جمعية مجلس حي اجيال الاجتماعي!2 || dashboard_bundle_1/الدفعة 4/المستشار-فهد ظافر.xlsx | جمعية مجلس حي اجيال الاجتماعي!2,فهد ظافر,بندر الحارثي,,,PRIMARY_ROSTER,28,47,,47,legacy_org_id=LEG-ORG-B4-009,HIGH,,,false
PART-LEG-LEG-ORG-B4-010,ORG-A07-01,جمعية سقيا الخيرية,4,دفعة 4,جمعية سقيا الخيرية,جمعيهسقياالخيريه,legacy,LEG-ORG-B4-010,LEG-ORG-B4-010,ORG-A07-01,dashboard_bundle_1/الدفعة 4/بيانات الجهات4.xlsx | dashboard_bundle_1/الدفعة 4/المحكم-بندر الحارثي.xlsx | dashboard_bundle_1/الدفعة 4/المستشار-فهد ظافر.xlsx,,dashboard_bundle_1/الدفعة 4/بيانات الجهات4.xlsx | 4بيانات الجهات!11 || dashboard_bundle_1/الدفعة 4/المحكم-بندر الحارثي.xlsx | جمعية سقيا الخيرية!2 || dashboard_bundle_1/الدفعة 4/المستشار-فهد ظافر.xlsx | جمعية سقيا الخيرية!2,فهد ظافر,بندر الحارثي,,,PRIMARY_ROSTER,28,47,,47,legacy_org_id=LEG-ORG-B4-010,HIGH,,,false
PART-LEG-LEG-ORG-B4-011,ORG-A07-03,جمعية التنمية الأهلية ببداء,4,دفعة 4,جمعية التنمية الأهلية ببداء,جمعيهالتنميهالاهليهببداء,legacy,LEG-ORG-B4-011,LEG-ORG-B4-011,ORG-A07-03,dashboard_bundle_1/الدفعة 4/بيانات الجهات4.xlsx | dashboard_bundle_1/الدفعة 4/المحكم-بندر الحارثي.xlsx | dashboard_bundle_1/الدفعة 4/المستشار-فهد ظافر.xlsx,,dashboard_bundle_1/الدفعة 4/بيانات الجهات4.xlsx | 4بيانات الجهات!12 || dashboard_bundle_1/الدفعة 4/المحكم-بندر الحارثي.xlsx | جمعية التنمية الأهلية ببداء!2 || dashboard_bundle_1/الدفعة 4/المستشار-فهد ظافر.xlsx | جمعية التنمية الأهلية ببداء!2,فهد ظافر,بندر الحارثي,,,PRIMARY_ROSTER,29,47,,47,legacy_org_id=LEG-ORG-B4-011,HIGH,,,false
PART-LEG-LEG-ORG-B4-012,ORG-A07-04,جمعية البر الخيرية بمركز حقال,4,دفعة 4,جمعية البر الخيرية بمركز حقال,جمعيهالبرالخيريهبمركزحقال,legacy,LEG-ORG-B4-012,LEG-ORG-B4-012,ORG-A07-04,dashboard_bundle_1/الدفعة 4/بيانات الجهات4.xlsx | dashboard_bundle_1/الدفعة 4/المحكم-بندر الحارثي.xlsx | dashboard_bundle_1/الدفعة 4/المستشار-فهد ظافر.xlsx,,dashboard_bundle_1/الدفعة 4/بيانات الجهات4.xlsx | 4بيانات الجهات!13 || dashboard_bundle_1/الدفعة 4/المحكم-بندر الحارثي.xlsx | جمعية البر الخيرية بمركز حقال!2 || dashboard_bundle_1/الدفعة 4/المستشار-فهد ظافر.xlsx | جمعية البر الخيرية بمركز حقال!2,فهد ظافر,بندر الحارثي,,,PRIMARY_ROSTER,24,47,,47,legacy_org_id=LEG-ORG-B4-012,HIGH,,,false
PART-LEG-LEG-ORG-B4-013,ORG-A07-05,جمعية حرف التعليمية,4,دفعة 4,جمعية حرف التعليمية,جمعيهحرفالتعليميه,legacy,LEG-ORG-B4-013,LEG-ORG-B4-013,ORG-A07-05,dashboard_bundle_1/الدفعة 4/بيانات الجهات4.xlsx | dashboard_bundle_1/الدفعة 4/المحكم-بندر الحارثي.xlsx | dashboard_bundle_1/الدفعة 4/المستشار-فهد ظافر.xlsx,,dashboard_bundle_1/الدفعة 4/بيانات الجهات4.xlsx | 4بيانات الجهات!14 || dashboard_bundle_1/الدفعة 4/المحكم-بندر الحارثي.xlsx | جمعية حرف التعليمية!2 || dashboard_bundle_1/الدفعة 4/المستشار-فهد ظافر.xlsx | جمعية حرف التعليمية!2,فهد ظافر,بندر الحارثي,,,PRIMARY_ROSTER,28,47,,47,legacy_org_id=LEG-ORG-B4-013,HIGH,,,false
PART-LEG-LEG-ORG-B4-014,ORG-A07-02,هيئة تطوير محمية الإمام عبدالعزيز بن محمد الملكية,4,دفعة 4,هيئة تطوير محمية الإمام عبدالعزيز بن محمد الملكية,هيئهتطويرمحميهالامامعبدالعزيزبنمحمدالملكيه,legacy,LEG-ORG-B4-014,LEG-ORG-B4-014,ORG-A07-02,dashboard_bundle_1/الدفعة 4/بيانات الجهات4.xlsx | dashboard_bundle_1/الدفعة 4/المحكم-بندر الحارثي.xlsx | dashboard_bundle_1/الدفعة 4/المستشار-فهد ظافر.xlsx,,dashboard_bundle_1/الدفعة 4/بيانات الجهات4.xlsx | 4بيانات الجهات!15 || dashboard_bundle_1/الدفعة 4/المحكم-بندر الحارثي.xlsx | هيئة تطوير محمية الإمام!2 || dashboard_bundle_1/الدفعة 4/المستشار-فهد ظافر.xlsx | هيئة تطوير محمية الإمام عبدالعز!2,فهد ظافر,بندر الحارثي,,,PRIMARY_ROSTER,28,47,,47,legacy_org_id=LEG-ORG-B4-014,HIGH,,,false
PART-LEG-LEG-ORG-B4-015,ORG-A08-10,التأمينات الاجتماعية,4,دفعة 4,التأمينات الاجتماعية,التاميناتالاجتماعيه,legacy,LEG-ORG-B4-015,LEG-ORG-B4-015,ORG-A08-10,dashboard_bundle_1/الدفعة 4/بيانات الجهات4.xlsx | dashboard_bundle_1/الدفعة 4/المحكم-محمد العبدالجبار.xlsx | dashboard_bundle_1/الدفعة 4/المستشار-محمد الحليبي.xlsx,,dashboard_bundle_1/الدفعة 4/بيانات الجهات4.xlsx | 4بيانات الجهات!16 || dashboard_bundle_1/الدفعة 4/المحكم-محمد العبدالجبار.xlsx | التأمينات الاجتماعية!2 || dashboard_bundle_1/الدفعة 4/المستشار-محمد الحليبي.xlsx | التأمينات الاجتماعية!2,محمد الحليبي,محمد العبدالجبار,,,PRIMARY_ROSTER,28,47,,47,legacy_org_id=LEG-ORG-B4-015,HIGH,,,false
PART-LEG-LEG-ORG-B4-016,ORG-A08-13,جمعية مسكن للإسكان التنموي,4,دفعة 4,جمعية مسكن للإسكان التنموي,جمعيهمسكنللاسكانالتنموي,legacy,LEG-ORG-B4-016,LEG-ORG-B4-016,ORG-A08-13,dashboard_bundle_1/الدفعة 4/بيانات الجهات4.xlsx | dashboard_bundle_1/الدفعة 4/المحكم-محمد العبدالجبار.xlsx | dashboard_bundle_1/الدفعة 4/المستشار-محمد الحليبي.xlsx,,dashboard_bundle_1/الدفعة 4/بيانات الجهات4.xlsx | 4بيانات الجهات!17 || dashboard_bundle_1/الدفعة 4/المحكم-محمد العبدالجبار.xlsx | جمعية مسكن للإسكان التنموي!2 || dashboard_bundle_1/الدفعة 4/المستشار-محمد الحليبي.xlsx | جمعية مسكن للإسكان التنموي!2,محمد الحليبي,محمد العبدالجبار,,,PRIMARY_ROSTER,28,47,,47,legacy_org_id=LEG-ORG-B4-016,HIGH,,,false
PART-LEG-LEG-ORG-B4-017,ORG-A08-09,جمعية ميراث العلمية,4,دفعة 4,جمعية ميراث العلمية,جمعيهميراثالعلميه,legacy,LEG-ORG-B4-017,LEG-ORG-B4-017,ORG-A08-09,dashboard_bundle_1/الدفعة 4/بيانات الجهات4.xlsx | dashboard_bundle_1/الدفعة 4/المحكم-محمد العبدالجبار.xlsx | dashboard_bundle_1/الدفعة 4/المستشار-محمد الحليبي.xlsx,,dashboard_bundle_1/الدفعة 4/بيانات الجهات4.xlsx | 4بيانات الجهات!18 || dashboard_bundle_1/الدفعة 4/المحكم-محمد العبدالجبار.xlsx | جمعية ميراث العلمية!2 || dashboard_bundle_1/الدفعة 4/المستشار-محمد الحليبي.xlsx | جمعية ميراث العلمية!2,محمد الحليبي,محمد العبدالجبار,,,PRIMARY_ROSTER,28,47,,47,legacy_org_id=LEG-ORG-B4-017,HIGH,,,false
PART-LEG-LEG-ORG-B4-018,ORG-A08-01,جمعية البر الخيرية بالقنفذة,4,دفعة 4,جمعية البر الخيرية بالقنفذة,جمعيهالبرالخيريهبالقنفذه,legacy,LEG-ORG-B4-018,LEG-ORG-B4-018,ORG-A08-01,dashboard_bundle_1/الدفعة 4/بيانات الجهات4.xlsx | dashboard_bundle_1/الدفعة 4/المحكم-محمد العبدالجبار.xlsx | dashboard_bundle_1/الدفعة 4/المستشار-محمد الحليبي.xlsx,,dashboard_bundle_1/الدفعة 4/بيانات الجهات4.xlsx | 4بيانات الجهات!19 || dashboard_bundle_1/الدفعة 4/المحكم-محمد العبدالجبار.xlsx | جمعية البر الخيرية بالقنفذة!2 || dashboard_bundle_1/الدفعة 4/المستشار-محمد الحليبي.xlsx | جمعية البر الخيرية بالقنفذة!2,محمد الحليبي,محمد العبدالجبار,,,PRIMARY_ROSTER,28,47,,47,legacy_org_id=LEG-ORG-B4-018,HIGH,,,false
PART-LEG-LEG-ORG-B4-019,ORG-A08-15,جمعية رواء للتنمية الأسرية,4,دفعة 4,جمعية رواء للتنمية الأسرية,جمعيهرواءللتنميهالاسريه,legacy,LEG-ORG-B4-019,LEG-ORG-B4-019,ORG-A08-15,dashboard_bundle_1/الدفعة 4/بيانات الجهات4.xlsx | dashboard_bundle_1/الدفعة 4/المحكم-محمد العبدالجبار.xlsx | dashboard_bundle_1/الدفعة 4/المستشار-محمد الحليبي.xlsx,,dashboard_bundle_1/الدفعة 4/بيانات الجهات4.xlsx | 4بيانات الجهات!20 || dashboard_bundle_1/الدفعة 4/المحكم-محمد العبدالجبار.xlsx | جمعية رواء للتنمية الأسرية!2 || dashboard_bundle_1/الدفعة 4/المستشار-محمد الحليبي.xlsx | جمعية رواء للتنمية الأسرية!2,محمد الحليبي,محمد العبدالجبار,,,PRIMARY_ROSTER,29,47,,47,legacy_org_id=LEG-ORG-B4-019,HIGH,,,false
PART-LEG-LEG-ORG-B4-020,ORG-A08-03,جمعية مسارات الشبابية,4,دفعة 4,جمعية مسارات الشبابية,جمعيهمساراتالشبابيه,legacy,LEG-ORG-B4-020,LEG-ORG-B4-020,ORG-A08-03,dashboard_bundle_1/الدفعة 4/بيانات الجهات4.xlsx | dashboard_bundle_1/الدفعة 4/المحكم-محمد العبدالجبار.xlsx | dashboard_bundle_1/الدفعة 4/المستشار-محمد الحليبي.xlsx,,dashboard_bundle_1/الدفعة 4/بيانات الجهات4.xlsx | 4بيانات الجهات!21 || dashboard_bundle_1/الدفعة 4/المحكم-محمد العبدالجبار.xlsx | جمعية مسارات الشبابية!2 || dashboard_bundle_1/الدفعة 4/المستشار-محمد الحليبي.xlsx | جمعية مسارات الشبابية!2,محمد الحليبي,محمد العبدالجبار,,,PRIMARY_ROSTER,28,47,,47,legacy_org_id=LEG-ORG-B4-020,HIGH,,,false
PART-LEG-LEG-ORG-B4-021,ORG-A08-06,أمانة المنطقة الشرقية,4,دفعة 4,أمانة المنطقة الشرقية,امانهالمنطقهالشرقيه,legacy,LEG-ORG-B4-021,LEG-ORG-B4-021,ORG-A08-06,dashboard_bundle_1/الدفعة 4/بيانات الجهات4.xlsx | dashboard_bundle_1/الدفعة 4/المحكم-محمد العبدالجبار.xlsx | dashboard_bundle_1/الدفعة 4/المستشار-محمد الحليبي.xlsx,,dashboard_bundle_1/الدفعة 4/بيانات الجهات4.xlsx | 4بيانات الجهات!22 || dashboard_bundle_1/الدفعة 4/المحكم-محمد العبدالجبار.xlsx | أمانة المنطقة الشرقية!2 || dashboard_bundle_1/الدفعة 4/المستشار-محمد الحليبي.xlsx | أمانة المنطقة الشرقية!2,محمد الحليبي,محمد العبدالجبار,,,PRIMARY_ROSTER,28,47,,47,legacy_org_id=LEG-ORG-B4-021,HIGH,,,false
PART-LEG-LEG-ORG-B4-022,ORG-A01-04,جمعية أطفال طيبة,4,دفعة 4,جمعية أطفال طيبة,جمعيهاطفالطيبه,legacy,LEG-ORG-B4-022,LEG-ORG-B4-022,ORG-A01-04,dashboard_bundle_1/الدفعة 4/بيانات الجهات4.xlsx | dashboard_bundle_1/الدفعة 4/المحكم-بتول الرويلي.xlsx | dashboard_bundle_1/الدفعة 4/المستشار-نجود السيد.xlsx,,dashboard_bundle_1/الدفعة 4/بيانات الجهات4.xlsx | 4بيانات الجهات!23 || dashboard_bundle_1/الدفعة 4/المحكم-بتول الرويلي.xlsx | جمعية أطفال طيبة!2 || dashboard_bundle_1/الدفعة 4/المستشار-نجود السيد.xlsx | جمعية أطفال طيبة!2,نجود السيد,بتول الرويلي,,,PRIMARY_ROSTER,29,47,,47,legacy_org_id=LEG-ORG-B4-022,HIGH,,,false
PART-LEG-LEG-ORG-B4-023,ORG-A01-02,مؤسسة الاميرة العنود,4,دفعة 4,مؤسسة الاميرة العنود,مؤسسهالاميرهالعنود,legacy,LEG-ORG-B4-023,LEG-ORG-B4-023,ORG-A01-02,dashboard_bundle_1/الدفعة 4/بيانات الجهات4.xlsx | dashboard_bundle_1/الدفعة 4/المحكم-بتول الرويلي.xlsx | dashboard_bundle_1/الدفعة 4/المستشار-نجود السيد.xlsx,,dashboard_bundle_1/الدفعة 4/بيانات الجهات4.xlsx | 4بيانات الجهات!24 || dashboard_bundle_1/الدفعة 4/المحكم-بتول الرويلي.xlsx | مؤسسة الاميرة العنود!2 || dashboard_bundle_1/الدفعة 4/المستشار-نجود السيد.xlsx | مؤسسة الاميرة العنود!2,نجود السيد,بتول الرويلي,,,PRIMARY_ROSTER,30,47,,47,legacy_org_id=LEG-ORG-B4-023,HIGH,,,false
PART-LEG-LEG-ORG-B4-024,ORG-A01-03,جمعية ابتسم لخدمات طب الأسنان التطوعية,4,دفعة 4,جمعية ابتسم لخدمات طب الأسنان التطوعية,جمعيهابتسملخدماتطبالاسنانالتطوعيه,legacy,LEG-ORG-B4-024,LEG-ORG-B4-024,ORG-A01-03,dashboard_bundle_1/الدفعة 4/بيانات الجهات4.xlsx | dashboard_bundle_1/الدفعة 4/المحكم-بتول الرويلي.xlsx | dashboard_bundle_1/الدفعة 4/المستشار-نجود السيد.xlsx,,dashboard_bundle_1/الدفعة 4/بيانات الجهات4.xlsx | 4بيانات الجهات!25 || dashboard_bundle_1/الدفعة 4/المحكم-بتول الرويلي.xlsx | جمعية ابتسم لخدمات طب الأسنان!2 || dashboard_bundle_1/الدفعة 4/المستشار-نجود السيد.xlsx | جمعية ابتسم لخدمات طب الأسنان!2,نجود السيد,بتول الرويلي,,,PRIMARY_ROSTER,30,47,,47,legacy_org_id=LEG-ORG-B4-024,HIGH,,,false
PART-LEG-LEG-ORG-B4-025,LEG-ORG-B4-025,جمعية اقرأ التعليمية,4,دفعة 4,جمعية اقرأ التعليمية,جمعيهاقراالتعليميه,legacy,LEG-ORG-B4-025,LEG-ORG-B4-025,,dashboard_bundle_1/الدفعة 4/بيانات الجهات4.xlsx | dashboard_bundle_1/الدفعة 4/المحكم-بتول الرويلي.xlsx | dashboard_bundle_1/الدفعة 4/المستشار-نجود السيد.xlsx,,dashboard_bundle_1/الدفعة 4/بيانات الجهات4.xlsx | 4بيانات الجهات!26 || dashboard_bundle_1/الدفعة 4/المحكم-بتول الرويلي.xlsx | جمعية اقرأ التعليمية!2 || dashboard_bundle_1/الدفعة 4/المستشار-نجود السيد.xlsx | جمعية اقرأ التعليمية!2,نجود السيد,بتول الرويلي,,,PRIMARY_ROSTER,47,47,,47,legacy_org_id=LEG-ORG-B4-025,HIGH,,,false
PART-LEG-LEG-ORG-B4-026,ORG-A01-05,جمعية ساعد القانونية لخدمة الأرامل والايتام,4,دفعة 4,جمعية ساعد القانونية لخدمة الأرامل والايتام,جمعيهساعدالقانونيهلخدمهالاراملوالايتام,legacy,LEG-ORG-B4-026,LEG-ORG-B4-026,ORG-A01-05,dashboard_bundle_1/الدفعة 4/بيانات الجهات4.xlsx | dashboard_bundle_1/الدفعة 4/المحكم-بتول الرويلي.xlsx | dashboard_bundle_1/الدفعة 4/المستشار-نجود السيد.xlsx,,dashboard_bundle_1/الدفعة 4/بيانات الجهات4.xlsx | 4بيانات الجهات!27 || dashboard_bundle_1/الدفعة 4/المحكم-بتول الرويلي.xlsx | جمعية ساعد القانونية!2 || dashboard_bundle_1/الدفعة 4/المستشار-نجود السيد.xlsx | جمعية ساعد القانونية لخدمة!2,نجود السيد,بتول الرويلي,,,PRIMARY_ROSTER,30,47,,47,legacy_org_id=LEG-ORG-B4-026,HIGH,,,false
PART-LEG-LEG-ORG-B4-027,ORG-A01-01,جمعية المشي والجري,4,دفعة 4,جمعية المشي والجري,جمعيهالمشيوالجري,legacy,LEG-ORG-B4-027,LEG-ORG-B4-027,ORG-A01-01,dashboard_bundle_1/الدفعة 4/بيانات الجهات4.xlsx | dashboard_bundle_1/الدفعة 4/المحكم-بتول الرويلي.xlsx | dashboard_bundle_1/الدفعة 4/المستشار-نجود السيد.xlsx,,dashboard_bundle_1/الدفعة 4/بيانات الجهات4.xlsx | 4بيانات الجهات!28 || dashboard_bundle_1/الدفعة 4/المحكم-بتول الرويلي.xlsx | جمعية المشي والجري!2 || dashboard_bundle_1/الدفعة 4/المستشار-نجود السيد.xlsx | جمعية المشي والجري!2,نجود السيد,بتول الرويلي,,,PRIMARY_ROSTER,29,47,,47,legacy_org_id=LEG-ORG-B4-027,HIGH,,,false
PART-LEG-LEG-ORG-B4-028,ORG-A08-08,وزارة النقل والخدمات اللوجستية,4,دفعة 4,وزارة النقل والخدمات اللوجستية,وزارهالنقلوالخدماتاللوجستيه,legacy,LEG-ORG-B4-028,LEG-ORG-B4-028,ORG-A08-08,dashboard_bundle_1/الدفعة 4/بيانات الجهات4.xlsx | dashboard_bundle_1/الدفعة 4/المستشار-وديــع الحربي.xlsx,,dashboard_bundle_1/الدفعة 4/بيانات الجهات4.xlsx | 4بيانات الجهات!29 || dashboard_bundle_1/الدفعة 4/المستشار-وديــع الحربي.xlsx | وزارة النقل والخدمات اللوجستية!2,وديع الحربي,,,,PRIMARY_ROSTER,22,0,,0,legacy_org_id=LEG-ORG-B4-028,HIGH,,,false
PART-LEG-LEG-ORG-B4-029,ORG-A08-11,جمعية صدارة,4,دفعة 4,جمعية صدارة,جمعيهصداره,legacy,LEG-ORG-B4-029,LEG-ORG-B4-029,ORG-A08-11,dashboard_bundle_1/الدفعة 4/بيانات الجهات4.xlsx | dashboard_bundle_1/الدفعة 4/المستشار-وديــع الحربي.xlsx,,dashboard_bundle_1/الدفعة 4/بيانات الجهات4.xlsx | 4بيانات الجهات!30 || dashboard_bundle_1/الدفعة 4/المستشار-وديــع الحربي.xlsx | جمعية صدارة!2,وديع الحربي,,,,PRIMARY_ROSTER,30,0,,0,legacy_org_id=LEG-ORG-B4-029,HIGH,,,false
PART-LEG-LEG-ORG-B4-030,ORG-A08-04,جمعية كفاءات الأهلية لبناء قدرات الشباب,4,دفعة 4,جمعية كفاءات الأهلية لبناء قدرات الشباب,جمعيهكفاءاتالاهليهلبناءقدراتالشباب,legacy,LEG-ORG-B4-030,LEG-ORG-B4-030,ORG-A08-04,dashboard_bundle_1/الدفعة 4/بيانات الجهات4.xlsx | dashboard_bundle_1/الدفعة 4/المستشار-وديــع الحربي.xlsx,,dashboard_bundle_1/الدفعة 4/بيانات الجهات4.xlsx | 4بيانات الجهات!31 || dashboard_bundle_1/الدفعة 4/المستشار-وديــع الحربي.xlsx | جمعية كفاءات الأهلية!2,وديع الحربي,,,,PRIMARY_ROSTER,30,0,,0,legacy_org_id=LEG-ORG-B4-030,HIGH,,,false
PART-LEG-LEG-ORG-B4-031,ORG-A08-07,جمعية بلسم الاهلية لمساندة مرضى السرطان,4,دفعة 4,جمعية بلسم الاهلية لمساندة مرضى السرطان,جمعيهبلسمالاهليهلمساندهمرضيالسرطان,legacy,LEG-ORG-B4-031,LEG-ORG-B4-031,ORG-A08-07,dashboard_bundle_1/الدفعة 4/بيانات الجهات4.xlsx | dashboard_bundle_1/الدفعة 4/المستشار-وديــع الحربي.xlsx,,dashboard_bundle_1/الدفعة 4/بيانات الجهات4.xlsx | 4بيانات الجهات!32 || dashboard_bundle_1/الدفعة 4/المستشار-وديــع الحربي.xlsx | جمعية بلسم الاهلية!2,وديع الحربي,,,,PRIMARY_ROSTER,30,0,,0,legacy_org_id=LEG-ORG-B4-031,HIGH,,,false
PART-LEG-LEG-ORG-B4-032,ORG-A08-05,جمعية مُعان الاهلية بمكة,4,دفعة 4,جمعية مُعان الاهلية بمكة,جمعيهمعانالاهليهبمكه,legacy,LEG-ORG-B4-032,LEG-ORG-B4-032,ORG-A08-05,dashboard_bundle_1/الدفعة 4/بيانات الجهات4.xlsx | dashboard_bundle_1/الدفعة 4/المستشار-وديــع الحربي.xlsx,,dashboard_bundle_1/الدفعة 4/بيانات الجهات4.xlsx | 4بيانات الجهات!33 || dashboard_bundle_1/الدفعة 4/المستشار-وديــع الحربي.xlsx | جمعية مُعان الاهلية بمكة!2,وديع الحربي,,,,PRIMARY_ROSTER,32,0,,0,legacy_org_id=LEG-ORG-B4-032,HIGH,,,false
PART-LEG-LEG-ORG-B4-033,ORG-A08-14,وزارة الخارجية,4,دفعة 4,وزارة الخارجية,وزارهالخارجيه,legacy,LEG-ORG-B4-033,LEG-ORG-B4-033,ORG-A08-14,dashboard_bundle_1/الدفعة 4/بيانات الجهات4.xlsx | dashboard_bundle_1/الدفعة 4/المستشار-وديــع الحربي.xlsx,,dashboard_bundle_1/الدفعة 4/بيانات الجهات4.xlsx | 4بيانات الجهات!34 || dashboard_bundle_1/الدفعة 4/المستشار-وديــع الحربي.xlsx | وزارة الخارجية!2,وديع الحربي,,,,PRIMARY_ROSTER,29,0,,0,legacy_org_id=LEG-ORG-B4-033,HIGH,,,false
PART-LEG-LEG-ORG-B4-034,ORG-A08-12,إمارة الجوف,4,دفعة 4,إمارة الجوف,امارهالجوف,legacy,LEG-ORG-B4-034,LEG-ORG-B4-034,ORG-A08-12,dashboard_bundle_1/الدفعة 4/بيانات الجهات4.xlsx | dashboard_bundle_1/الدفعة 4/المستشار-وديــع الحربي.xlsx,,dashboard_bundle_1/الدفعة 4/بيانات الجهات4.xlsx | 4بيانات الجهات!35 || dashboard_bundle_1/الدفعة 4/المستشار-وديــع الحربي.xlsx | إمارة الجوف!2,وديع الحربي,,,,PRIMARY_ROSTER,29,0,,0,legacy_org_id=LEG-ORG-B4-034,HIGH,,,false
PART-LEG-LEG-ORG-B4-035,ORG-A08-02,صندوق الشهداء والمصابين والأسرى والمفقودين,4,دفعة 4,صندوق الشهداء,صندوقالشهداء,legacy,LEG-ORG-B4-035,LEG-ORG-B4-035,ORG-A08-02,dashboard_bundle_1/الدفعة 4/المستشار-وديــع الحربي.xlsx,,dashboard_bundle_1/الدفعة 4/المستشار-وديــع الحربي.xlsx | صندوق الشهداء!2,وديع الحربي,,,,SUPPLEMENTAL_OPERATIONAL,30,0,,0,legacy_org_id=LEG-ORG-B4-035,HIGH,,,false
PART-LOV-ORG-A01-01,ORG-A01-01,جمعية المشي والجري,4,دفعة 4,جمعية المشي والجري,جمعيهالمشيوالجري,current,ORG-A01-01,LEG-ORG-B4-027,ORG-A01-01,lovable_current,,,"[""نجود السيد""]",بتول الرويلي,2026-01-18T20:34:00+03:00,2026-02-14T12:14:00+03:00,,29,29,29,45,lovable_org_id=ORG-A01-01,MEDIUM (inferred from crosswalk to legacy),,,false
PART-LOV-ORG-A01-02,ORG-A01-02,مؤسسة الاميرة العنود,4,دفعة 4,مؤسسة الاميرة العنود,مؤسسهالاميرهالعنود,current,ORG-A01-02,LEG-ORG-B4-023,ORG-A01-02,lovable_current,,,"[""نجود السيد""]",بتول الرويلي,2026-01-18T18:39:00+03:00,2026-02-14T12:18:00+03:00,,30,30,30,45,lovable_org_id=ORG-A01-02,MEDIUM (inferred from crosswalk to legacy),,,false
PART-LOV-ORG-A01-03,ORG-A01-03,جمعية ابتسم لخدمات طب الأسنان التطوعية,4,دفعة 4,جمعية ابتسم لخدمات طب الأسنان التطوعية,جمعيهابتسملخدماتطبالاسنانالتطوعيه,current,ORG-A01-03,LEG-ORG-B4-024,ORG-A01-03,lovable_current,,,"[""نجود السيد""]",بتول الرويلي,2026-01-18T20:18:00+03:00,2026-02-14T11:47:00+03:00,,30,30,30,45,lovable_org_id=ORG-A01-03,MEDIUM (inferred from crosswalk to legacy),,,false
PART-LOV-ORG-A01-04,ORG-A01-04,جمعية أطفال طيبة,4,دفعة 4,جمعية أطفال طيبة,جمعيهاطفالطيبه,current,ORG-A01-04,LEG-ORG-B4-022,ORG-A01-04,lovable_current,,,"[""نجود السيد""]",بتول الرويلي,2026-01-18T19:10:00+03:00,2026-02-14T11:54:00+03:00,,29,29,29,45,lovable_org_id=ORG-A01-04,MEDIUM (inferred from crosswalk to legacy),,,false
PART-LOV-ORG-A01-05,ORG-A01-05,جمعية ساعد القانونية لخدمة الأرامل والايتام,4,دفعة 4,جمعية ساعد القانونية لخدمة الأرامل والايتام,جمعيهساعدالقانونيهلخدمهالاراملوالايتام,current,ORG-A01-05,LEG-ORG-B4-026,ORG-A01-05,lovable_current,,,"[""نجود السيد""]",بتول الرويلي,2026-01-18T20:34:00+03:00,2026-02-14T12:11:00+03:00,,30,30,30,45,lovable_org_id=ORG-A01-05,MEDIUM (inferred from crosswalk to legacy),,,false
PART-LOV-ORG-A02-01,ORG-A02-01,جمعية عمارة للعناية بالمساجد بجازان,3,دفعة 3,جمعية عمارة للعناية بالمساجد بجازان,جمعيهعمارهللعنايهبالمساجدبجازان,current,ORG-A02-01,LEG-ORG-B3-019,ORG-A02-01,lovable_current,,,"[""إسراء باقيس""]",خالد القرني,2026-01-21T00:00:00+03:00,2026-02-01T16:56:00+03:00,,30,30,30,45,lovable_org_id=ORG-A02-01,MEDIUM (inferred from crosswalk to legacy),,,false
PART-LOV-ORG-A02-02,ORG-A02-02,جمعية التنمية الأهلية بتبوك شيم,3,دفعة 3,جمعية التنمية الأهلية بتبوك شيم,جمعيهالتنميهالاهليهبتبوكشيم,current,ORG-A02-02,LEG-ORG-B3-020,ORG-A02-02,lovable_current,,,"[""إسراء باقيس""]",خالد القرني,2026-01-19T02:29:00+03:00,2026-01-29T12:06:00+03:00,,29,29,29,45,lovable_org_id=ORG-A02-02,MEDIUM (inferred from crosswalk to legacy),,,false
PART-LOV-ORG-A02-03,ORG-A02-03,جمعية مواساة لإكرام الموتى بعسير,3,دفعة 3,جمعية مواساة لإكرام الموتى بعسير,جمعيهمواساهلاكرامالموتيبعسير,current,ORG-A02-03,LEG-ORG-B3-016,ORG-A02-03,lovable_current,,,"[""إسراء باقيس""]",خالد القرني,2026-01-19T03:55:00+03:00,2026-02-02T13:33:00+03:00,,29,29,29,45,lovable_org_id=ORG-A02-03,MEDIUM (inferred from crosswalk to legacy),,,false
PART-LOV-ORG-A02-04,ORG-A02-04,جمعية الإسكان التنموي بعسير,3,دفعة 3,جمعية الإسكان التنموي بعسير,جمعيهالاسكانالتنمويبعسير,current,ORG-A02-04,LEG-ORG-B3-018,ORG-A02-04,lovable_current,,,"[""إسراء باقيس""]",خالد القرني,2026-01-21T18:56:00+03:00,2026-02-09T12:51:00+03:00,,31,31,31,45,lovable_org_id=ORG-A02-04,MEDIUM (inferred from crosswalk to legacy),,,false
PART-LOV-ORG-A02-05,ORG-A02-05,جمعية نُبل الشبابية,3,دفعة 3,جمعية نُبل الشبابية,جمعيهنبلالشبابيه,current,ORG-A02-05,LEG-ORG-B3-023,ORG-A02-05,lovable_current,,,"[""إسراء باقيس""]",خالد القرني,2026-01-19T01:43:00+03:00,2026-01-29T23:12:00+03:00,,29,29,29,45,lovable_org_id=ORG-A02-05,MEDIUM (inferred from crosswalk to legacy),,,false
PART-LOV-ORG-A02-06,ORG-A02-06,جمعية التنمية الأهلية برفحاء,3,دفعة 3,جمعية التنمية الأهلية برفحاء,جمعيهالتنميهالاهليهبرفحاء,current,ORG-A02-06,LEG-ORG-B3-021,ORG-A02-06,lovable_current,,,"[""إسراء باقيس""]",خالد القرني,2026-01-19T03:22:00+03:00,2026-02-02T20:33:00+03:00,,29,29,29,45,lovable_org_id=ORG-A02-06,MEDIUM (inferred from crosswalk to legacy),,,false
PART-LOV-ORG-A03-01,ORG-A03-01,جمعية البر لقرى جنوب مكة,3,دفعة 3,جمعية البر لقرى جنوب مكة,جمعيهالبرلقريجنوبمكه,current,ORG-A03-01,LEG-ORG-B3-028,ORG-A03-01,lovable_current,,,"[""عزيز التوخي""]",سارة بالخير,2026-01-21T14:57:00+03:00,2026-03-08T22:24:00+03:00,,27,27,27,45,lovable_org_id=ORG-A03-01,MEDIUM (inferred from crosswalk to legacy),,,false
PART-LOV-ORG-A03-02,ORG-A03-02,جمعية التنمية الإيجابية,3,دفعة 3,جمعية التنمية الإيجابية,جمعيهالتنميهالايجابيه,current,ORG-A03-02,LEG-ORG-B3-027,ORG-A03-02,lovable_current,,,"[""عزيز التوخي""]",سارة بالخير,2026-01-19T14:58:00+03:00,2026-03-08T22:24:00+03:00,,27,27,27,45,lovable_org_id=ORG-A03-02,MEDIUM (inferred from crosswalk to legacy),,,false
PART-LOV-ORG-A03-03,ORG-A03-03,جمعية نماء المكية للسقاية والرفادة,3,دفعة 3,جمعية نماء المكية للسقاية والرفادة,جمعيهنماءالمكيهللسقايهوالرفاده,current,ORG-A03-03,LEG-ORG-B3-025,ORG-A03-03,lovable_current,,,"[""عزيز التوخي""]",سارة بالخير,2026-01-16T20:12:00+03:00,2026-03-08T22:30:00+03:00,,26,26,26,45,lovable_org_id=ORG-A03-03,MEDIUM (inferred from crosswalk to legacy),,,false
PART-LOV-ORG-A03-04,ORG-A03-04,جمعية عطاء الاهلية بجدة,3,دفعة 3,جمعية عطاء الاهلية بجدة,جمعيهعطاءالاهليهبجده,current,ORG-A03-04,LEG-ORG-B3-024,ORG-A03-04,lovable_current,,,"[""عزيز التوخي""]",سارة بالخير,2026-01-19T09:33:00+03:00,2026-01-26T21:23:00+03:00,,29,29,29,45,lovable_org_id=ORG-A03-04,MEDIUM (inferred from crosswalk to legacy),,,false
PART-LOV-ORG-A03-05,ORG-A03-05,جمعية خبير للمختبرات الطبية,3,دفعة 3,جمعية خبير للمختبرات الطبية,جمعيهخبيرللمختبراتالطبيه,current,ORG-A03-05,LEG-ORG-B3-029,ORG-A03-05,lovable_current,,,"[""عزيز التوخي""]",سارة بالخير,2026-01-18T01:15:00+03:00,2026-03-08T22:29:00+03:00,,38,38,38,45,lovable_org_id=ORG-A03-05,MEDIUM (inferred from crosswalk to legacy),,,false
PART-LOV-ORG-A04-01,ORG-A04-01,جمعية أفق لتطوير العمل الخيري والتطوعي,3,دفعة 3,جمعية أفق لتطوير العمل الخيري والتطوعي,جمعيهافقلتطويرالعملالخيريوالتطوعي,current,ORG-A04-01,LEG-ORG-B3-013,ORG-A04-01,lovable_current,,,"[""ظافر القرني""]",د. حسن ابو كافته,2026-01-26T16:40:00+03:00,2026-04-07T15:36:00+03:00,,29,29,29,45,lovable_org_id=ORG-A04-01,MEDIUM (inferred from crosswalk to legacy),,,false
PART-LOV-ORG-A04-02,ORG-A04-02,جمعية افاق الشبابية,3,دفعة 3,جمعية افاق الشبابية,جمعيهافاقالشبابيه,current,ORG-A04-02,LEG-ORG-B3-014,ORG-A04-02,lovable_current,,,"[""ظافر القرني""]",د. حسن ابو كافته,2026-02-04T15:29:00+03:00,2026-04-08T17:24:00+03:00,,29,29,29,45,lovable_org_id=ORG-A04-02,MEDIUM (inferred from crosswalk to legacy),,,false
PART-LOV-ORG-A04-03,ORG-A04-03,جمعية تحفيظ القرآن الكريم بمحايل عسير ( تَعَاهَد),3,دفعة 3,جمعية تحفيظ القرآن الكريم بمحايل عسير ( تَعَاهَد),جمعيهتحفيظالقرانالكريمبمحايلعسير(تعاهد),current,ORG-A04-03,LEG-ORG-B3-012,ORG-A04-03,lovable_current,,,"[""ظافر القرني""]",د. حسن ابو كافته,2026-01-26T13:42:00+03:00,2026-04-05T17:35:00+03:00,,29,29,29,45,lovable_org_id=ORG-A04-03,MEDIUM (inferred from crosswalk to legacy),,,false
PART-LOV-ORG-A04-04,ORG-A04-04,جمعية عبق الشبابية,3,دفعة 3,جمعية عبق الشبابية,جمعيهعبقالشبابيه,current,ORG-A04-04,LEG-ORG-B3-011,ORG-A04-04,lovable_current,,,"[""ظافر القرني""]",د. حسن ابو كافته,2026-01-28T11:18:00+03:00,2026-04-08T18:28:00+03:00,,29,29,29,45,lovable_org_id=ORG-A04-04,MEDIUM (inferred from crosswalk to legacy),,,false
PART-LOV-ORG-A04-05,ORG-A04-05,اللجنة الوطنية لرعاية السجناء والمفرج عنهم وأسرهم ( بعسير ),3,دفعة 3,اللجنة الوطنية لرعاية السجناء والمفرج عنهم وأسرهم ( بعسير ),اللجنهالوطنيهلرعايهالسجناءوالمفرجعنهمواسرهم(بعسير),current,ORG-A04-05,LEG-ORG-B3-010,ORG-A04-05,lovable_current,,,"[""ظافر القرني""]",د. حسن ابو كافته,2026-01-28T10:37:00+03:00,2026-04-07T01:40:00+03:00,,28,28,28,45,lovable_org_id=ORG-A04-05,MEDIUM (inferred from crosswalk to legacy),,,false
PART-LOV-ORG-A05-01,ORG-A05-01,جمعية التنمية الأهلية بالباحر,3,دفعة 3,جمعية التنمية الأهلية بالباحر,جمعيهالتنميهالاهليهبالباحر,current,ORG-A05-01,LEG-ORG-B3-007,ORG-A05-01,lovable_current,,,"[""عبدالرحمن موسى""]",خالد الزهراني,2026-01-24T21:59:00+03:00,2026-03-01T19:43:00+03:00,,44,44,44,45,lovable_org_id=ORG-A05-01,MEDIUM (inferred from crosswalk to legacy),,,false
PART-LOV-ORG-A05-02,ORG-A05-02,جمعية الدعوة والارشاد وتوعوية الجاليات بصناعية نجران إشراقة,3,دفعة 3,جمعية الدعوة والارشاد وتوعوية الجاليات بصناعية نجران إشراقة,جمعيهالدعوهوالارشادوتوعويهالجالياتبصناعيهنجراناشراقه,current,ORG-A05-02,LEG-ORG-B3-008,ORG-A05-02,lovable_current,,,"[""عبدالرحمن موسى""]",خالد الزهراني,2026-01-24T21:48:00+03:00,2026-03-10T18:25:00+03:00,,43,43,43,45,lovable_org_id=ORG-A05-02,MEDIUM (inferred from crosswalk to legacy),,,false
PART-LOV-ORG-A05-03,ORG-A05-03,جمعية التنمية الأهلية بالشقيق,3,دفعة 3,جمعية التنمية الأهلية بالشقيق,جمعيهالتنميهالاهليهبالشقيق,current,ORG-A05-03,LEG-ORG-B3-002,ORG-A05-03,lovable_current,,,"[""عبدالرحمن موسى""]",خالد الزهراني,2026-01-24T22:06:00+03:00,2026-03-01T19:42:00+03:00,,44,44,44,45,lovable_org_id=ORG-A05-03,MEDIUM (inferred from crosswalk to legacy),,,false
PART-LOV-ORG-A05-04,ORG-A05-04,الجمعية الخيرية لتحفيظ القران الكريم بنجران رتل,3,دفعة 3,الجمعية الخيرية لتحفيظ القران الكريم بنجران رتل,الجمعيهالخيريهلتحفيظالقرانالكريمبنجرانرتل,current,ORG-A05-04,LEG-ORG-B3-006,ORG-A05-04,lovable_current,,,"[""عبدالرحمن موسى""]",خالد الزهراني,2026-01-24T21:37:00+03:00,2026-03-10T18:25:00+03:00,,43,43,43,45,lovable_org_id=ORG-A05-04,MEDIUM (inferred from crosswalk to legacy),,,false
PART-LOV-ORG-A05-05,ORG-A05-05,جمعية البر ايتاء ببيشة,3,دفعة 3,جمعية البر ايتاء ببيشة,جمعيهالبرايتاءببيشه,current,ORG-A05-05,LEG-ORG-B3-003,ORG-A05-05,lovable_current,,,"[""عبدالرحمن موسى""]",خالد الزهراني,2026-01-24T22:18:00+03:00,2026-03-01T19:35:00+03:00,,44,44,44,45,lovable_org_id=ORG-A05-05,MEDIUM (inferred from crosswalk to legacy),,,false
PART-LOV-ORG-A05-06,ORG-A05-06,جمعية البر الخيرية بمحافظة بني حسن,3,دفعة 3,جمعية البر الخيرية بمحافظة بني حسن,جمعيهالبرالخيريهبمحافظهبنيحسن,current,ORG-A05-06,LEG-ORG-B3-005,ORG-A05-06,lovable_current,,,"[""عبدالرحمن موسى""]",خالد الزهراني,2026-01-25T14:41:00+03:00,2026-03-10T18:26:00+03:00,,44,44,44,45,lovable_org_id=ORG-A05-06,MEDIUM (inferred from crosswalk to legacy),,,false
PART-LOV-ORG-A05-07,ORG-A05-07,جمعية التنمية الأهلية بوادي جازان,3,دفعة 3,جمعية التنمية الأهلية بوادي جازان,جمعيهالتنميهالاهليهبواديجازان,current,ORG-A05-07,LEG-ORG-B3-004,ORG-A05-07,lovable_current,,,"[""عبدالرحمن موسى""]",خالد الزهراني,2026-01-24T22:10:00+03:00,2026-03-10T18:26:00+03:00,,44,44,44,45,lovable_org_id=ORG-A05-07,MEDIUM (inferred from crosswalk to legacy),,,false
PART-LOV-ORG-A06-01,ORG-A06-01,جمعية الخدمات الاجتماعية بنمران,4,دفعة 4,جمعية الخدمات الاجتماعية بنمران,جمعيهالخدماتالاجتماعيهبنمران,current,ORG-A06-01,LEG-ORG-B4-002,ORG-A06-01,lovable_current,,,"[""سعيد الغامدي""]",الشيخ بن عبدالسلام,2026-01-18T19:11:00+03:00,2026-02-08T17:24:00+03:00,,28,28,28,45,lovable_org_id=ORG-A06-01,MEDIUM (inferred from crosswalk to legacy),,,false
PART-LOV-ORG-A06-02,ORG-A06-02,جمعية التنمية الأهلية بأحد المسارحة,4,دفعة 4,جمعية التنمية الأهلية بأحد المسارحة,جمعيهالتنميهالاهليهباحدالمسارحه,current,ORG-A06-02,LEG-ORG-B4-004,ORG-A06-02,lovable_current,,,"[""سعيد الغامدي""]",الشيخ بن عبدالسلام,2026-01-18T19:10:00+03:00,2026-02-12T17:00:00+03:00,,28,28,28,45,lovable_org_id=ORG-A06-02,MEDIUM (inferred from crosswalk to legacy),,,false
PART-LOV-ORG-A06-03,ORG-A06-03,ديوان وزارة الداخلية,4,دفعة 4,ديوان وزارة الداخلية,ديوانوزارهالداخليه,current,ORG-A06-03,LEG-ORG-B4-001,ORG-A06-03,lovable_current,,,"[""سعيد الغامدي""]",الشيخ بن عبدالسلام,2026-01-18T22:18:00+03:00,2026-02-12T17:07:00+03:00,,29,29,29,45,lovable_org_id=ORG-A06-03,MEDIUM (inferred from crosswalk to legacy),,,false
PART-LOV-ORG-A06-04,ORG-A06-04,جمعيه جمان التعليمية,4,دفعة 4,جمعيه جمان التعليمية,جمعيهجمانالتعليميه,current,ORG-A06-04,LEG-ORG-B4-006,ORG-A06-04,lovable_current,,,"[""سعيد الغامدي""]",الشيخ بن عبدالسلام,2026-01-18T19:13:00+03:00,2026-02-08T19:19:00+03:00,,28,28,28,45,lovable_org_id=ORG-A06-04,MEDIUM (inferred from crosswalk to legacy),,,false
PART-LOV-ORG-A06-05,ORG-A06-05,جمعية ترميم للتنمية,4,دفعة 4,جمعية ترميم للتنمية,جمعيهترميمللتنميه,current,ORG-A06-05,LEG-ORG-B4-005,ORG-A06-05,lovable_current,,,"[""سعيد الغامدي""]",الشيخ بن عبدالسلام,2026-01-18T19:11:00+03:00,2026-02-08T19:28:00+03:00,,28,28,28,45,lovable_org_id=ORG-A06-05,MEDIUM (inferred from crosswalk to legacy),,,false
PART-LOV-ORG-A06-06,ORG-A06-06,جمعية وسم للتصلب المتعدد,4,دفعة 4,جمعية وسم للتصلب المتعدد,جمعيهوسمللتصلبالمتعدد,current,ORG-A06-06,LEG-ORG-B4-003,ORG-A06-06,lovable_current,,,"[""سعيد الغامدي""]",الشيخ بن عبدالسلام,2026-01-18T22:33:00+03:00,2026-02-12T21:23:00+03:00,,29,29,29,45,lovable_org_id=ORG-A06-06,MEDIUM (inferred from crosswalk to legacy),,,false
PART-LOV-ORG-A06-07,ORG-A06-07,جمعية أصول للمحتوى الدعوي,4,دفعة 4,جمعية أصول للمحتوى الدعوي,جمعيهاصولللمحتويالدعوي,current,ORG-A06-07,LEG-ORG-B4-007,ORG-A06-07,lovable_current,,,"[""سعيد الغامدي""]",الشيخ بن عبدالسلام,2026-01-18T19:08:00+03:00,2026-02-12T21:25:00+03:00,,29,29,29,45,lovable_org_id=ORG-A06-07,MEDIUM (inferred from crosswalk to legacy),,,false
PART-LOV-ORG-A07-01,ORG-A07-01,جمعية سقيا الخيرية,4,دفعة 4,جمعية سقيا الخيرية,جمعيهسقياالخيريه,current,ORG-A07-01,LEG-ORG-B4-010,ORG-A07-01,lovable_current,,,"[""فهد ظافر""]",بندر الحارثي,2026-01-14T10:02:00+03:00,2026-02-08T01:16:00+03:00,,28,28,28,45,lovable_org_id=ORG-A07-01,MEDIUM (inferred from crosswalk to legacy),,,false
PART-LOV-ORG-A07-02,ORG-A07-02,هيئة تطوير محمية الإمام عبدالعزيز بن محمد الملكية,4,دفعة 4,هيئة تطوير محمية الإمام عبدالعزيز بن محمد الملكية,هيئهتطويرمحميهالامامعبدالعزيزبنمحمدالملكيه,current,ORG-A07-02,LEG-ORG-B4-014,ORG-A07-02,lovable_current,,,"[""فهد ظافر""]",بندر الحارثي,2026-01-14T10:10:00+03:00,2026-02-08T23:42:00+03:00,,28,28,28,45,lovable_org_id=ORG-A07-02,MEDIUM (inferred from crosswalk to legacy),,,false
PART-LOV-ORG-A07-03,ORG-A07-03,جمعية التنمية الأهلية ببداء,4,دفعة 4,جمعية التنمية الأهلية ببداء,جمعيهالتنميهالاهليهببداء,current,ORG-A07-03,LEG-ORG-B4-011,ORG-A07-03,lovable_current,,,"[""فهد ظافر""]",بندر الحارثي,2026-01-17T09:47:00+03:00,2026-02-08T23:47:00+03:00,,29,29,29,45,lovable_org_id=ORG-A07-03,MEDIUM (inferred from crosswalk to legacy),,,false
PART-LOV-ORG-A07-04,ORG-A07-04,جمعية البر الخيرية بمركز حقال,4,دفعة 4,جمعية البر الخيرية بمركز حقال,جمعيهالبرالخيريهبمركزحقال,current,ORG-A07-04,LEG-ORG-B4-012,ORG-A07-04,lovable_current,,,"[""فهد ظافر""]",بندر الحارثي,2026-01-14T09:39:00+03:00,2026-02-08T23:45:00+03:00,,24,24,24,45,lovable_org_id=ORG-A07-04,MEDIUM (inferred from crosswalk to legacy),,,false
PART-LOV-ORG-A07-05,ORG-A07-05,جمعية حرف التعليمية,4,دفعة 4,جمعية حرف التعليمية,جمعيهحرفالتعليميه,current,ORG-A07-05,LEG-ORG-B4-013,ORG-A07-05,lovable_current,,,"[""فهد ظافر""]",بندر الحارثي,2026-01-13T15:49:00+03:00,2026-02-08T23:43:00+03:00,,28,28,28,45,lovable_org_id=ORG-A07-05,MEDIUM (inferred from crosswalk to legacy),,,false
PART-LOV-ORG-A07-06,ORG-A07-06,هيئة تطويرمنطقة المدينة المنورة,4,دفعة 4,هيئة تطويرمنطقة المدينة المنورة,هيئهتطويرمنطقهالمدينهالمنوره,current,ORG-A07-06,LEG-ORG-B4-008,ORG-A07-06,lovable_current,,,"[""فهد ظافر""]",بندر الحارثي,2026-01-15T11:45:00+03:00,2026-02-08T23:43:00+03:00,,28,28,28,45,lovable_org_id=ORG-A07-06,MEDIUM (inferred from crosswalk to legacy),,,false
PART-LOV-ORG-A07-07,ORG-A07-07,جمعية مجلس حي اجيال الاجتماعي,4,دفعة 4,جمعية مجلس حي اجيال الاجتماعي,جمعيهمجلسحياجيالالاجتماعي,current,ORG-A07-07,LEG-ORG-B4-009,ORG-A07-07,lovable_current,,,"[""فهد ظافر""]",بندر الحارثي,2026-01-17T14:04:00+03:00,2026-02-08T01:08:00+03:00,,28,28,28,45,lovable_org_id=ORG-A07-07,MEDIUM (inferred from crosswalk to legacy),,,false
PART-LOV-ORG-A08-01,ORG-A08-01,جمعية البر الخيرية بالقنفذة,4,دفعة 4,جمعية البر الخيرية بالقنفذة,جمعيهالبرالخيريهبالقنفذه,current,ORG-A08-01,LEG-ORG-B4-018,ORG-A08-01,lovable_current,,,"[""محمد الحليبي""]",محمد العبدالجبار,2026-03-10T06:28:00+03:00,2026-05-11T08:05:00+03:00,,28,28,28,45,lovable_org_id=ORG-A08-01,MEDIUM (inferred from crosswalk to legacy),,,false
PART-LOV-ORG-A08-02,ORG-A08-02,صندوق الشهداء والمصابين والأسرى والمفقودين,4,دفعة 4,صندوق الشهداء والمصابين والأسرى والمفقودين,صندوقالشهداءوالمصابينوالاسريوالمفقودين,current,ORG-A08-02,LEG-ORG-B4-035,ORG-A08-02,lovable_current,,,"[""وديع الحربي""]",محمد العبدالجبار,2026-01-21T22:50:00+03:00,2026-02-03T11:23:00+03:00,,30,30,30,45,lovable_org_id=ORG-A08-02,MEDIUM (inferred from crosswalk to legacy),,,false
PART-LOV-ORG-A08-03,ORG-A08-03,جمعية مسارات الشبابية,4,دفعة 4,جمعية مسارات الشبابية,جمعيهمساراتالشبابيه,current,ORG-A08-03,LEG-ORG-B4-020,ORG-A08-03,lovable_current,,,"[""محمد الحليبي""]",محمد العبدالجبار,2026-02-01T13:54:00+03:00,2026-04-16T15:14:00+03:00,,28,28,28,45,lovable_org_id=ORG-A08-03,MEDIUM (inferred from crosswalk to legacy),,,false
PART-LOV-ORG-A08-04,ORG-A08-04,جمعية كفاءات الأهلية لبناء قدرات الشباب,4,دفعة 4,جمعية كفاءات الأهلية لبناء قدرات الشباب,جمعيهكفاءاتالاهليهلبناءقدراتالشباب,current,ORG-A08-04,LEG-ORG-B4-030,ORG-A08-04,lovable_current,,,"[""وديع الحربي""]",محمد العبدالجبار,2026-01-19T15:17:00+03:00,2026-01-25T15:30:00+03:00,,30,30,30,45,lovable_org_id=ORG-A08-04,MEDIUM (inferred from crosswalk to legacy),,,false
PART-LOV-ORG-A08-05,ORG-A08-05,جمعية مُعان الاهلية بمكة,4,دفعة 4,جمعية مُعان الاهلية بمكة,جمعيهمعانالاهليهبمكه,current,ORG-A08-05,LEG-ORG-B4-032,ORG-A08-05,lovable_current,,,"[""وديع الحربي""]",محمد العبدالجبار,2026-01-19T19:06:00+03:00,2026-01-29T08:36:00+03:00,,32,32,32,45,lovable_org_id=ORG-A08-05,MEDIUM (inferred from crosswalk to legacy),,,false
PART-LOV-ORG-A08-06,ORG-A08-06,أمانة المنطقة الشرقية,4,دفعة 4,أمانة المنطقة الشرقية,امانهالمنطقهالشرقيه,current,ORG-A08-06,LEG-ORG-B4-021,ORG-A08-06,lovable_current,,,"[""محمد الحليبي""]",محمد العبدالجبار,2026-03-08T18:38:00+03:00,2026-04-27T08:48:00+03:00,,28,28,28,45,lovable_org_id=ORG-A08-06,MEDIUM (inferred from crosswalk to legacy),,,false
PART-LOV-ORG-A08-07,ORG-A08-07,جمعية بلسم الاهلية لمساندة مرضى السرطان,4,دفعة 4,جمعية بلسم الاهلية لمساندة مرضى السرطان,جمعيهبلسمالاهليهلمساندهمرضيالسرطان,current,ORG-A08-07,LEG-ORG-B4-031,ORG-A08-07,lovable_current,,,"[""وديع الحربي""]",محمد العبدالجبار,2026-01-18T21:17:00+03:00,2026-01-29T08:36:00+03:00,,30,30,30,45,lovable_org_id=ORG-A08-07,MEDIUM (inferred from crosswalk to legacy),,,false
PART-LOV-ORG-A08-08,ORG-A08-08,وزارة النقل والخدمات اللوجستية,4,دفعة 4,وزارة النقل والخدمات اللوجستية,وزارهالنقلوالخدماتاللوجستيه,current,ORG-A08-08,LEG-ORG-B4-028,ORG-A08-08,lovable_current,,,"[""وديع الحربي""]",محمد العبدالجبار,2026-01-21T12:21:00+03:00,2026-01-29T08:37:00+03:00,,22,22,22,45,lovable_org_id=ORG-A08-08,MEDIUM (inferred from crosswalk to legacy),,,false
PART-LOV-ORG-A08-09,ORG-A08-09,جمعية ميراث العلمية,4,دفعة 4,جمعية ميراث العلمية,جمعيهميراثالعلميه,current,ORG-A08-09,LEG-ORG-B4-017,ORG-A08-09,lovable_current,,,"[""محمد الحليبي""]",محمد العبدالجبار,2026-02-07T17:06:00+03:00,2026-04-30T12:03:00+03:00,,28,28,28,45,lovable_org_id=ORG-A08-09,MEDIUM (inferred from crosswalk to legacy),,,false
PART-LOV-ORG-A08-10,ORG-A08-10,التأمينات الاجتماعية,4,دفعة 4,التأمينات الاجتماعية,التاميناتالاجتماعيه,current,ORG-A08-10,LEG-ORG-B4-015,ORG-A08-10,lovable_current,,,"[""محمد الحليبي""]",محمد العبدالجبار,2026-03-05T06:32:00+03:00,2026-05-10T09:50:00+03:00,,28,28,28,45,lovable_org_id=ORG-A08-10,MEDIUM (inferred from crosswalk to legacy),,,false
PART-LOV-ORG-A08-11,ORG-A08-11,جمعية صدارة,4,دفعة 4,جمعية صدارة,جمعيهصداره,current,ORG-A08-11,LEG-ORG-B4-029,ORG-A08-11,lovable_current,,,"[""وديع الحربي""]",محمد العبدالجبار,2026-01-19T12:39:00+03:00,2026-01-29T08:37:00+03:00,,30,30,30,45,lovable_org_id=ORG-A08-11,MEDIUM (inferred from crosswalk to legacy),,,false
PART-LOV-ORG-A08-12,ORG-A08-12,إمارة الجوف,4,دفعة 4,إمارة الجوف,امارهالجوف,current,ORG-A08-12,LEG-ORG-B4-034,ORG-A08-12,lovable_current,,,"[""وديع الحربي""]",محمد العبدالجبار,2026-01-21T22:55:00+03:00,2026-02-01T08:35:00+03:00,,29,29,29,45,lovable_org_id=ORG-A08-12,MEDIUM (inferred from crosswalk to legacy),,,false
PART-LOV-ORG-A08-13,ORG-A08-13,جمعية مسكن للإسكان التنموي,4,دفعة 4,جمعية مسكن للإسكان التنموي,جمعيهمسكنللاسكانالتنموي,current,ORG-A08-13,LEG-ORG-B4-016,ORG-A08-13,lovable_current,,,"[""محمد الحليبي""]",محمد العبدالجبار,2026-02-01T00:32:00+03:00,2026-04-26T13:50:00+03:00,,28,28,28,45,lovable_org_id=ORG-A08-13,MEDIUM (inferred from crosswalk to legacy),,,false
PART-LOV-ORG-A08-14,ORG-A08-14,وزارة الخارجية,4,دفعة 4,وزارة الخارجية,وزارهالخارجيه,current,ORG-A08-14,LEG-ORG-B4-033,ORG-A08-14,lovable_current,,,"[""وديع الحربي""]",محمد العبدالجبار,2026-01-20T15:52:00+03:00,2026-02-03T11:23:00+03:00,,29,29,29,45,lovable_org_id=ORG-A08-14,MEDIUM (inferred from crosswalk to legacy),,,false
PART-LOV-ORG-A08-15,ORG-A08-15,جمعية رواء للتنمية الأسرية,4,دفعة 4,جمعية رواء للتنمية الأسرية,جمعيهرواءللتنميهالاسريه,current,ORG-A08-15,LEG-ORG-B4-019,ORG-A08-15,lovable_current,,,"[""محمد الحليبي""]",محمد العبدالجبار,2026-02-07T17:26:00+03:00,2026-04-27T08:49:00+03:00,,29,29,29,45,lovable_org_id=ORG-A08-15,MEDIUM (inferred from crosswalk to legacy),,,false
