legacy_duplicate_group_id,use_count,cohorts,organizations_count,organizations,models_count,models,canonical_url,resource_id,decision
LEG-DUP-0001,2,2,2,جمعية البيضاء لدعوة والإرشاد وتوعية الجاليات | جمعية مكافحة السمنة بمنطقة حائل,1,نموذج تقييم أداء المتطوع,https://docs.google.com/document/d/14DZLhhczQb1E1p_KvQfVuxpjaECZwuSQ,14DZLhhczQb1E1p_KvQfVuxpjaECZwuSQ,PRESERVE_AND_FLAG_NO_MERGE
LEG-DUP-0002,2,2,2,جمعية الزاد | جمعية رؤية التنموية الاهلية النسائية,2,نموذج الشكوى والتظلم | نموذج تقييم أداء المتطوع,https://docs.google.com/document/d/15L7Nk0h0vAJQfiOTdng2HGfsBVeS2w-d,15L7Nk0h0vAJQfiOTdng2HGfsBVeS2w-d,PRESERVE_AND_FLAG_NO_MERGE
LEG-DUP-0003,2,2,1,جمعية عروى الخيرية,2,المعيار الوظيفي لمدراء التطوع | الميثاق الأخلاقي للمنظمة ولمدير التطوع,https://docs.google.com/document/d/17Z_UIroO2IyowA1PGbBiJECXEWHLEOSI,17Z_UIroO2IyowA1PGbBiJECXEWHLEOSI,PRESERVE_AND_FLAG_NO_MERGE
LEG-DUP-0004,2,2,1,جمعية صناعة القدرات الشبابية,2,تقرير لقاء التعارف | تقرير ورش العمل مع مجلس الإدارة (أو من يقوم مقامهم) والإدارات الموازية,https://docs.google.com/document/d/18iXaqPj3-FDIBLFnA4BhFI_vyLrH9IHu,18iXaqPj3-FDIBLFnA4BhFI_vyLrH9IHu,PRESERVE_AND_FLAG_NO_MERGE
LEG-DUP-0005,2,2,1,جمعية التنمية الأهلية بحرمة,2,دليل السياسات والإجراءات | نموذج صياغة السياسة العامة للتطوع في الجهة,https://docs.google.com/document/d/1BC7agPa6SPVGq8kme8-2Na7s9uERQLrU,1BC7agPa6SPVGq8kme8-2Na7s9uERQLrU,PRESERVE_AND_FLAG_NO_MERGE
LEG-DUP-0006,2,2,1,جمعية التمور للخدمات الإنسانية,2,نموذج تقييم أداء المتطوع | نموذج تقييم المتطوع لتجربته التطوعية,https://docs.google.com/document/d/1FAU4OwdfRp10rXoY58kvZlJUrimRpUAN,1FAU4OwdfRp10rXoY58kvZlJUrimRpUAN,PRESERVE_AND_FLAG_NO_MERGE
LEG-DUP-0007,5,2,2,جمعية الزاد | جمعية رؤية التنموية الاهلية النسائية,4,الملف التعريفي | الميثاق الأخلاقي للمنظمة ولمدير التطوع | دليل المتطوع | نموذج صياغة منطلقات ورؤية المنظمة للتطوع,https://docs.google.com/document/d/1Ftnjwz6BPL3j1YDMgS6I3J7NuHST9LSr,1Ftnjwz6BPL3j1YDMgS6I3J7NuHST9LSr,PRESERVE_AND_FLAG_NO_MERGE
LEG-DUP-0008,2,2,1,تراحم الرياض,2,دليل السياسات والإجراءات | نموذج صياغة السياسة العامة للتطوع في الجهة,https://docs.google.com/document/d/1IOIDa6aRlyUpdS1JNRiFVRtn9dK-ISJ1,1IOIDa6aRlyUpdS1JNRiFVRtn9dK-ISJ1,PRESERVE_AND_FLAG_NO_MERGE
LEG-DUP-0009,2,2,1,جمعية عروى الخيرية,2,نموذج تحديد الاحتياج التطوعي | نموذج تصميم الفرصة التطوعية,https://docs.google.com/document/d/1JNlMack68T5-EYg2tcc1JKjHOf6YylpR,1JNlMack68T5-EYg2tcc1JKjHOf6YylpR,PRESERVE_AND_FLAG_NO_MERGE
LEG-DUP-0010,2,2,1,جمعية البيضاء لدعوة والإرشاد وتوعية الجاليات,2,نموذج تقييم المتطوع لتجربته التطوعية | نموذج طلب تعويض عن مصروفات,https://docs.google.com/document/d/1KkOF5IXlwkdx2PrtM1c_qvMlkUowpKrT,1KkOF5IXlwkdx2PrtM1c_qvMlkUowpKrT,PRESERVE_AND_FLAG_NO_MERGE
LEG-DUP-0011,2,2,1,تراحم الرياض,2,تقرير لقاء التعارف | تقرير ورش العمل مع مجلس الإدارة (أو من يقوم مقامهم) والإدارات الموازية,https://docs.google.com/document/d/1M6UqqJmdeAQ93VDCHyJWO2uHyadggmfT,1M6UqqJmdeAQ93VDCHyJWO2uHyadggmfT,PRESERVE_AND_FLAG_NO_MERGE
LEG-DUP-0012,3,2,1,جمعية رؤية التنموية الاهلية النسائية,3,المعيار الوظيفي لمدراء التطوع | دليل السياسات والإجراءات | نموذج الهيكل الإداري والوصف الوظيفي,https://docs.google.com/document/d/1Mtg5b5Td8wK7pMvmUkdtGUfVn8G6UZ4o,1Mtg5b5Td8wK7pMvmUkdtGUfVn8G6UZ4o,PRESERVE_AND_FLAG_NO_MERGE
LEG-DUP-0013,2,2,1,جمعية رؤية التنموية الاهلية النسائية,2,نموذج تحديد الاحتياج التدريبي للمتطوعين | نموذج تقييم أداء المتطوع,https://docs.google.com/document/d/1P1Cr9xgDftyDiphj1LOf6n7KmzSGgg7i,1P1Cr9xgDftyDiphj1LOf6n7KmzSGgg7i,PRESERVE_AND_FLAG_NO_MERGE
LEG-DUP-0014,2,2,2,جمعية البيضاء لدعوة والإرشاد وتوعية الجاليات | جمعية مكافحة السمنة بمنطقة حائل,2,الملف التعريفي | نموذج صياغة منطلقات ورؤية المنظمة للتطوع,https://docs.google.com/document/d/1Q2toSsz0dei6Snhkxc9kO2rDfRqCMqJa,1Q2toSsz0dei6Snhkxc9kO2rDfRqCMqJa,PRESERVE_AND_FLAG_NO_MERGE
LEG-DUP-0015,2,2,1,جمعية العناية بالمكتبات الخاصة,2,دليل السياسات والإجراءات | نموذج صياغة السياسة العامة للتطوع في الجهة,https://docs.google.com/document/d/1Q9xhzLJmiPiJlXUsZNjWs9nCLOlzaCaO,1Q9xhzLJmiPiJlXUsZNjWs9nCLOlzaCaO,PRESERVE_AND_FLAG_NO_MERGE
LEG-DUP-0016,2,2,1,جمعية التمور للخدمات الإنسانية,2,تقرير لقاء التعارف | تقرير ورش العمل مع مجلس الإدارة (أو من يقوم مقامهم) والإدارات الموازية,https://docs.google.com/document/d/1XlovNW-Mb3bDuswGfxWs-Oll--gMohu5,1XlovNW-Mb3bDuswGfxWs-Oll--gMohu5,PRESERVE_AND_FLAG_NO_MERGE
LEG-DUP-0017,2,2,1,جمعية مكافحة السمنة بمنطقة حائل,2,نموذج تحديد الاحتياج التطوعي | نموذج تصميم الفرصة التطوعية,https://docs.google.com/document/d/1hdzNGCVX2AuwWPmGJ0Xha-iqyGIuRM-u,1hdzNGCVX2AuwWPmGJ0Xha-iqyGIuRM-u,PRESERVE_AND_FLAG_NO_MERGE
LEG-DUP-0018,2,2,2,جمعية عروى الخيرية | جمعية مكافحة السمنة بمنطقة حائل,1,نموذج صياغة السياسة العامة للتطوع في الجهة,https://docs.google.com/document/d/1ijrH9xckcLOoZk7js6qwwLXi7pHYjmpL,1ijrH9xckcLOoZk7js6qwwLXi7pHYjmpL,PRESERVE_AND_FLAG_NO_MERGE
LEG-DUP-0019,2,2,1,جمعية حوائج لحفظ النعمة,2,نموذج تحديد الاحتياج التطوعي | نموذج تصميم الفرصة التطوعية,https://docs.google.com/document/d/1oFgjVAIHMgv_gsCgCTO_SmVVdWqyWi_o,1oFgjVAIHMgv_gsCgCTO_SmVVdWqyWi_o,PRESERVE_AND_FLAG_NO_MERGE
LEG-DUP-0020,2,2,1,جمعية سلال الغذائية,2,دليل السياسات والإجراءات | نموذج صياغة السياسة العامة للتطوع في الجهة,https://docs.google.com/document/d/1qDvILwKtEIa__c87hn_q3TxLsI-7NZWT,1qDvILwKtEIa__c87hn_q3TxLsI-7NZWT,PRESERVE_AND_FLAG_NO_MERGE
LEG-DUP-0021,2,2,1,جمعية عروى الخيرية,2,الملف التعريفي | نموذج صياغة منطلقات ورؤية المنظمة للتطوع,https://docs.google.com/document/d/1qqGd99mqn2A9EkdDE0giE-L40Nv_o-Fu,1qqGd99mqn2A9EkdDE0giE-L40Nv_o-Fu,PRESERVE_AND_FLAG_NO_MERGE
LEG-DUP-0022,2,2,1,جمعية سلال الغذائية,2,تقرير لقاء التعارف | تقرير ورش العمل مع مجلس الإدارة (أو من يقوم مقامهم) والإدارات الموازية,https://docs.google.com/document/d/1tthluyR4cdm-PHTXEWSNG0oav5FSE_dx,1tthluyR4cdm-PHTXEWSNG0oav5FSE_dx,PRESERVE_AND_FLAG_NO_MERGE
LEG-DUP-0023,2,2,1,جمعية الزاد,2,نموذج تحديد الاحتياج التطوعي | نموذج تصميم الفرصة التطوعية,https://docs.google.com/document/d/1tvjh_VgyMpjwxKnqvjOWKkft6Pduu5Ry,1tvjh_VgyMpjwxKnqvjOWKkft6Pduu5Ry,PRESERVE_AND_FLAG_NO_MERGE
LEG-DUP-0024,2,2,1,جمعية التنمية الأهلية بحرمة,2,تقرير لقاء التعارف | تقرير ورش العمل مع مجلس الإدارة (أو من يقوم مقامهم) والإدارات الموازية,https://docs.google.com/document/d/1uJ--dLuhZ0dvAwsdwQYJoklOj4Ed2k_w,1uJ--dLuhZ0dvAwsdwQYJoklOj4Ed2k_w,PRESERVE_AND_FLAG_NO_MERGE
LEG-DUP-0025,2,2,1,جمعية العناية بالمكتبات الخاصة,2,تقرير لقاء التعارف | تقرير ورش العمل مع مجلس الإدارة (أو من يقوم مقامهم) والإدارات الموازية,https://docs.google.com/document/d/1vKaxNnIldJsbUv8BdvG9mkyvIvIej_ST,1vKaxNnIldJsbUv8BdvG9mkyvIvIej_ST,PRESERVE_AND_FLAG_NO_MERGE
LEG-DUP-0026,2,2,1,جمعية رؤية التنموية الاهلية النسائية,2,نموذج تحديد الاحتياج التطوعي | نموذج تصميم الفرصة التطوعية,https://docs.google.com/document/d/1vcNT9lhIVw7cJ2YEa6VYwAvRzp1yFTbc,1vcNT9lhIVw7cJ2YEa6VYwAvRzp1yFTbc,PRESERVE_AND_FLAG_NO_MERGE
LEG-DUP-0027,2,2,1,جمعية صناعة القدرات الشبابية,2,نموذج الهيكل الإداري والوصف الوظيفي | نموذج تصميم الفرصة التطوعية,https://docs.google.com/document/d/1wjAQSDOHTer4MGREAkaJLFQDerwQ1nxH,1wjAQSDOHTer4MGREAkaJLFQDerwQ1nxH,PRESERVE_AND_FLAG_NO_MERGE
LEG-DUP-0028,17,2,1,جمعية صناعة القدرات الشبابية,17,TOWS Matrix نموذج (الاستدامة) | خارطة الاستراتيجيات | خريطة التعاطف | صياغة سؤال التحدي | نموذج التحليل الشجري | نموذج العصف الذهني Brainstorming. | نموذج تحديد الأولويات | نموذج تحديد التوجه | نموذج تحديد القضايا والتحديات | نموذج تحديد المخاطر والحلول الاحترازية | نموذج تحديد مهام ومؤشرات الخطة | نموذج تحليل الجمهور المستهدف | نموذج تصنيف أصحاب المصلحة | نموذج تلبية توقعات أصحاب المصلحة | نموذج توقعات أصحاب المصلحة | نموذج صياغة التحدي | نموذج مصفوفة أصحاب المصلحة,https://docs.google.com/presentation/d/12ayzHmMyz9Fggzlqv3sy9RFbdpMYjtbW,12ayzHmMyz9Fggzlqv3sy9RFbdpMYjtbW,PRESERVE_AND_FLAG_NO_MERGE
LEG-DUP-0029,4,2,1,لجنة تراحم القصيم,4,TOWS Matrix نموذج (الاستدامة) | نموذج تصنيف أصحاب المصلحة | نموذج توقعات أصحاب المصلحة | نموذج مصفوفة أصحاب المصلحة,https://docs.google.com/presentation/d/1F8jdQs_5-1-LAtnVighjk9ClNlzh78eA,1F8jdQs_5-1-LAtnVighjk9ClNlzh78eA,PRESERVE_AND_FLAG_NO_MERGE
LEG-DUP-0030,2,2,1,جمعية صناعة القدرات الشبابية,2,أداة تقييم الجاهزية | نموذج خطة سد الفجوات,https://docs.google.com/spreadsheets/d/1-hqeQXqv9Gp3FpDp8EOLomIJyVndDWoD,1-hqeQXqv9Gp3FpDp8EOLomIJyVndDWoD,PRESERVE_AND_FLAG_NO_MERGE
LEG-DUP-0031,2,2,1,جمعية مكافحة السمنة بمنطقة حائل,2,أداة تقييم الجاهزية | نموذج خطة سد الفجوات,https://docs.google.com/spreadsheets/d/13e4ijaty8MOBNcGl2NytANbvYVeoTpTX,13e4ijaty8MOBNcGl2NytANbvYVeoTpTX,PRESERVE_AND_FLAG_NO_MERGE
LEG-DUP-0032,2,2,1,جمعية ابوة لرعاية الايتام بعنيزة,2,أداة تقييم الجاهزية | نموذج خطة سد الفجوات,https://docs.google.com/spreadsheets/d/1EoeuSI0Xzry2numijQvdutBIGH1HOeua,1EoeuSI0Xzry2numijQvdutBIGH1HOeua,PRESERVE_AND_FLAG_NO_MERGE
LEG-DUP-0033,2,2,1,جمعية البيضاء لدعوة والإرشاد وتوعية الجاليات,2,أداة تقييم الجاهزية | نموذج خطة سد الفجوات,https://docs.google.com/spreadsheets/d/1LglMeIprbUl77NX47y_BhuTlkZZZC4TG,1LglMeIprbUl77NX47y_BhuTlkZZZC4TG,PRESERVE_AND_FLAG_NO_MERGE
LEG-DUP-0034,2,2,1,جمعية طب القدم والكاحل,2,أداة تقييم الجاهزية | نموذج خطة سد الفجوات,https://docs.google.com/spreadsheets/d/1OJPmjAi8c7DACRyh4O9w3qpmOv1ymCTc,1OJPmjAi8c7DACRyh4O9w3qpmOv1ymCTc,PRESERVE_AND_FLAG_NO_MERGE
LEG-DUP-0035,2,2,1,جمعية سدير الزراعية,2,أداة تقييم الجاهزية | نموذج خطة سد الفجوات,https://docs.google.com/spreadsheets/d/1SB5fqGzXZ2JuHRyndMkGa4CGtla9-zfG,1SB5fqGzXZ2JuHRyndMkGa4CGtla9-zfG,PRESERVE_AND_FLAG_NO_MERGE
LEG-DUP-0036,2,2,1,تراحم الرياض,2,أداة تقييم الجاهزية | نموذج خطة سد الفجوات,https://docs.google.com/spreadsheets/d/1crg3yxuegpvX9dkmhEppcOQMjXE2aoc7,1crg3yxuegpvX9dkmhEppcOQMjXE2aoc7,PRESERVE_AND_FLAG_NO_MERGE
LEG-DUP-0037,2,2,1,جمعية عروى الخيرية,2,أداة تقييم الجاهزية | نموذج خطة سد الفجوات,https://docs.google.com/spreadsheets/d/1d5Q1I2nj0SyJ2Tzq2WD9L4hh9ZdK2oIG,1d5Q1I2nj0SyJ2Tzq2WD9L4hh9ZdK2oIG,PRESERVE_AND_FLAG_NO_MERGE
LEG-DUP-0038,2,2,1,جمعية العناية بالمكتبات الخاصة,2,أداة تقييم الجاهزية | نموذج خطة سد الفجوات,https://docs.google.com/spreadsheets/d/1e-uxR3FehOdTME05YyWXhaW0241KIkQu,1e-uxR3FehOdTME05YyWXhaW0241KIkQu,PRESERVE_AND_FLAG_NO_MERGE
LEG-DUP-0039,2,2,1,جمعية سلال الغذائية,2,أداة تقييم الجاهزية | نموذج خطة سد الفجوات,https://docs.google.com/spreadsheets/d/1et4JRnnSWzno71yn4D5I01ejRg_vmfhY,1et4JRnnSWzno71yn4D5I01ejRg_vmfhY,PRESERVE_AND_FLAG_NO_MERGE
LEG-DUP-0040,4,2,2,جمعية الزاد | جمعية حوائج لحفظ النعمة,2,أداة تقييم الجاهزية | نموذج خطة سد الفجوات,https://docs.google.com/spreadsheets/d/1h1o7q4hGnZLngpmVZgNmLp_l6tNXXTCu,1h1o7q4hGnZLngpmVZgNmLp_l6tNXXTCu,PRESERVE_AND_FLAG_NO_MERGE
LEG-DUP-0041,2,2,2,جمعية العناية بالمكتبات الخاصة | جمعية صناعة القدرات الشبابية,1,المعيار الوظيفي لمدراء التطوع,https://docs.google.com/spreadsheets/d/1rI7d1lv-vIE6xQkfB_Rci65O1ZK6p3mU,1rI7d1lv-vIE6xQkfB_Rci65O1ZK6p3mU,PRESERVE_AND_FLAG_NO_MERGE
LEG-DUP-0042,2,2,1,جمعية رؤية التنموية الاهلية النسائية,2,أداة تقييم الجاهزية | نموذج خطة سد الفجوات,https://docs.google.com/spreadsheets/d/1wLi8GYaQYP4IDV4vM6mzh4E0zuZl6M2I,1wLi8GYaQYP4IDV4vM6mzh4E0zuZl6M2I,PRESERVE_AND_FLAG_NO_MERGE
LEG-DUP-0043,2,2,1,جمعية التنمية الأهلية بحرمة,2,أداة تقييم الجاهزية | نموذج خطة سد الفجوات,https://docs.google.com/spreadsheets/d/1yd3v85ENkNdoeImW8BUk3jnIjUKzVOramnQFBag0Rrk,1yd3v85ENkNdoeImW8BUk3jnIjUKzVOramnQFBag0Rrk,PRESERVE_AND_FLAG_NO_MERGE
LEG-DUP-0044,2,2,1,جمعية ابوة لرعاية الايتام بعنيزة,2,الملف التعريفي | نموذج صياغة منطلقات ورؤية المنظمة للتطوع,https://drive.google.com/file/d/11SdT5vDH89kzmdssumXBEG3BQCb-U3Ym,11SdT5vDH89kzmdssumXBEG3BQCb-U3Ym,PRESERVE_AND_FLAG_NO_MERGE
LEG-DUP-0045,2,2,1,جمعية دعم التعليم تعلم,2,نموذج تحديد الاحتياج التطوعي | نموذج تصميم الفرصة التطوعية,https://drive.google.com/file/d/13tqNtwKjL_r6WJyIiDs2hWLDTaYzzB5Q,13tqNtwKjL_r6WJyIiDs2hWLDTaYzzB5Q,PRESERVE_AND_FLAG_NO_MERGE
LEG-DUP-0046,3,2,1,جمعية سدير الزراعية,3,المعيار الوظيفي لمدراء التطوع | دليل السياسات والإجراءات | نموذج صياغة السياسة العامة للتطوع في الجهة,https://drive.google.com/file/d/19dLDgXsJTWWiU04V7JmN3aA1sE910BGf,19dLDgXsJTWWiU04V7JmN3aA1sE910BGf,PRESERVE_AND_FLAG_NO_MERGE
LEG-DUP-0047,2,2,1,جمعية عضيد للخدمات التطوعية,2,نموذج تحديد الاحتياج التطوعي | نموذج تصميم الفرصة التطوعية,https://drive.google.com/file/d/19yR0kbeuGiNcAPUc-GhEoiNkwY4Ed3Qi,19yR0kbeuGiNcAPUc-GhEoiNkwY4Ed3Qi,PRESERVE_AND_FLAG_NO_MERGE
LEG-DUP-0048,2,2,1,جمعية وطن طموح,2,نموذج تحديد الاحتياج التطوعي | نموذج تصميم الفرصة التطوعية,https://drive.google.com/file/d/1DcetmyC3E-6sRO1gFcBU1vGpKzP0itQj,1DcetmyC3E-6sRO1gFcBU1vGpKzP0itQj,PRESERVE_AND_FLAG_NO_MERGE
LEG-DUP-0049,2,2,2,جمعية البيضاء لدعوة والإرشاد وتوعية الجاليات | جمعية مكافحة السمنة بمنطقة حائل,2,أداة إدارة الفرص التطوعية | نموذج الهيكل الإداري والوصف الوظيفي,https://drive.google.com/file/d/1FPLk3yEnjarvbPoWSdt_JFWrKgRH0D4I,1FPLk3yEnjarvbPoWSdt_JFWrKgRH0D4I,PRESERVE_AND_FLAG_NO_MERGE
LEG-DUP-0050,2,2,1,جمعية ذو النون للرعاية الصحية المنزلية,2,نموذج تحديد الاحتياج التطوعي | نموذج تصميم الفرصة التطوعية,https://drive.google.com/file/d/1Is0v4Ja3yz07lxMP8jt5wq0NWUohi1Yp,1Is0v4Ja3yz07lxMP8jt5wq0NWUohi1Yp,PRESERVE_AND_FLAG_NO_MERGE
LEG-DUP-0051,2,2,1,جمعية ابوة لرعاية الايتام بعنيزة,2,المعيار الوظيفي لمدراء التطوع | نموذج الهيكل الإداري والوصف الوظيفي,https://drive.google.com/file/d/1N_7632a-mqCl1OkkdxUHXjIwsujazWUZ,1N_7632a-mqCl1OkkdxUHXjIwsujazWUZ,PRESERVE_AND_FLAG_NO_MERGE
LEG-DUP-0052,2,2,1,الجمعية الخيرية لتحفيظ القرآن الكريم بمحافظة المذنب,2,نموذج تحديد الاحتياج التطوعي | نموذج تصميم الفرصة التطوعية,https://drive.google.com/file/d/1P-95Yp1jjiACjct37xsl8qK12-ZqI-th,1P-95Yp1jjiACjct37xsl8qK12-ZqI-th,PRESERVE_AND_FLAG_NO_MERGE
LEG-DUP-0053,4,2,1,جمعية وطن طموح,4,TOWS Matrix نموذج (الاستدامة) | نموذج تصنيف أصحاب المصلحة | نموذج توقعات أصحاب المصلحة | نموذج مصفوفة أصحاب المصلحة,https://drive.google.com/file/d/1Sn2mwPJAjvj9IQkKjQVzE0oCY1DsZuib,1Sn2mwPJAjvj9IQkKjQVzE0oCY1DsZuib,PRESERVE_AND_FLAG_NO_MERGE
LEG-DUP-0054,2,2,1,جمعية طب القدم والكاحل,2,دليل السياسات والإجراءات | نموذج تصميم الفرصة التطوعية,https://drive.google.com/file/d/1ZQFR_f5-hDJeL6D9EX9cI4vN4hipxaIf,1ZQFR_f5-hDJeL6D9EX9cI4vN4hipxaIf,PRESERVE_AND_FLAG_NO_MERGE
LEG-DUP-0055,2,2,1,جمعية كبار السن,2,نموذج تحديد الاحتياج التطوعي | نموذج تصميم الفرصة التطوعية,https://drive.google.com/file/d/1a9wGuVIpwDtBJEySjUFzUqHqz0Zi9T7w,1a9wGuVIpwDtBJEySjUFzUqHqz0Zi9T7w,PRESERVE_AND_FLAG_NO_MERGE
LEG-DUP-0056,2,2,1,جمعية أجا النسائية الاهلية,2,نموذج تحديد الاحتياج التطوعي | نموذج تصميم الفرصة التطوعية,https://drive.google.com/file/d/1aAcSiT9N3N6iYc7mQYF97jwek99hi7QT,1aAcSiT9N3N6iYc7mQYF97jwek99hi7QT,PRESERVE_AND_FLAG_NO_MERGE
LEG-DUP-0057,2,2,1,الجمعية السعودية الخيرية للوقاية من السموم,2,نموذج تحديد الاحتياج التطوعي | نموذج تصميم الفرصة التطوعية,https://drive.google.com/file/d/1fzhvQ5HvFYORGIyJD5PYd3af4_03GffS,1fzhvQ5HvFYORGIyJD5PYd3af4_03GffS,PRESERVE_AND_FLAG_NO_MERGE
LEG-DUP-0058,2,2,1,جمعية النخب العلمية,2,نموذج تحديد الاحتياج التطوعي | نموذج تصميم الفرصة التطوعية,https://drive.google.com/file/d/1j6msI8aqJ_60ydrnXI8a-9FXlQ2jcnWP,1j6msI8aqJ_60ydrnXI8a-9FXlQ2jcnWP,PRESERVE_AND_FLAG_NO_MERGE
LEG-DUP-0059,2,2,1,أوقاف إثراء المعرفة,2,نموذج تحديد الاحتياج التطوعي | نموذج تصميم الفرصة التطوعية,https://drive.google.com/file/d/1mz5uDXZhVRpQKkaSfSU66G3JEAh3nJgE,1mz5uDXZhVRpQKkaSfSU66G3JEAh3nJgE,PRESERVE_AND_FLAG_NO_MERGE
LEG-DUP-0060,13,2,1,جمعية طب القدم والكاحل,13,المعيار الوظيفي لمدراء التطوع | الميثاق الأخلاقي للمتطوع | الميثاق الأخلاقي للمنظمة ولمدير التطوع | نموذج الخطة التشغيلية | نموذج الشكوى والتظلم | نموذج المقابلة الشخصية | نموذج تحديد الاحتياج التدريبي للمتطوعين | نموذج تحديد الاحتياج التطوعي | نموذج تخطيط اللقاء التعريفي بالمتطوعين الجدد | نموذج تقييم أداء المتطوع | نموذج تقييم المتطوع لتجربته التطوعية | نموذج صياغة السياسة العامة للتطوع في الجهة | نموذج طلب تعويض عن مصروفات,https://drive.google.com/file/d/1oeagwaFp61WAPbNt-EcxUO9Dy91WjRlq,1oeagwaFp61WAPbNt-EcxUO9Dy91WjRlq,PRESERVE_AND_FLAG_NO_MERGE
LEG-DUP-0061,2,2,1,جمعية المتقاعدين بمنطقة القصيم,2,نموذج تحديد الاحتياج التطوعي | نموذج تصميم الفرصة التطوعية,https://drive.google.com/file/d/1pRUeyMUYN8Cr6IaecPe9Q58OAWwvViaR,1pRUeyMUYN8Cr6IaecPe9Q58OAWwvViaR,PRESERVE_AND_FLAG_NO_MERGE
LEG-DUP-0062,2,2,1,جمعية أخلاقنا لتعزيز القيم,2,نموذج تحديد الاحتياج التطوعي | نموذج تصميم الفرصة التطوعية,https://drive.google.com/file/d/1q71-hBtpbMIXBWOThwVR7A8139P8klfJ,1q71-hBtpbMIXBWOThwVR7A8139P8klfJ,PRESERVE_AND_FLAG_NO_MERGE
LEG-DUP-0063,2,2,1,جمعية صناعة القدرات الشبابية,2,دليل السياسات والإجراءات | نموذج صياغة السياسة العامة للتطوع في الجهة,https://drive.google.com/file/d/1uUQCRIYXy29YccsKJyGWhB82uSveMtg0,1uUQCRIYXy29YccsKJyGWhB82uSveMtg0,PRESERVE_AND_FLAG_NO_MERGE
LEG-DUP-0064,2,2,1,جمعية اكتشاف وتطوير المواهب (رائد),2,نموذج تحديد الاحتياج التطوعي | نموذج تصميم الفرصة التطوعية,https://drive.google.com/file/d/1vLa7OPg92X3_gaORNVKnqQbC_-6EDh0g,1vLa7OPg92X3_gaORNVKnqQbC_-6EDh0g,PRESERVE_AND_FLAG_NO_MERGE
LEG-DUP-0065,7,2,1,جمعية ذو النون للرعاية الصحية المنزلية,7,TOWS Matrix نموذج (الاستدامة) | نموذج التحليل الشجري | نموذج تحديد القضايا والتحديات | نموذج تصنيف أصحاب المصلحة | نموذج تلبية توقعات أصحاب المصلحة | نموذج توقعات أصحاب المصلحة | نموذج مصفوفة أصحاب المصلحة,https://drive.google.com/file/d/1vYU9LRzKBzBoUaVXx2dex5V1F6FmFw8n,1vYU9LRzKBzBoUaVXx2dex5V1F6FmFw8n,PRESERVE_AND_FLAG_NO_MERGE
LEG-DUP-0066,2,2,1,لجنة تراحم القصيم,2,نموذج تحديد الاحتياج التطوعي | نموذج تصميم الفرصة التطوعية,https://drive.google.com/file/d/1wsZZaMTJZZzyz0ak-IzjAiBne0hG64J_,1wsZZaMTJZZzyz0ak-IzjAiBne0hG64J_,PRESERVE_AND_FLAG_NO_MERGE
LEG-DUP-0067,24,2,7,جمعية أخلاقنا لتعزيز القيم | جمعية النخب العلمية | جمعية دعم التعليم تعلم | جمعية ذو النون للرعاية الصحية المنزلية | جمعية عضيد للخدمات التطوعية | جمعية وطن طموح | لجنة تراحم القصيم,6,أداة تقييم الجاهزية | تقرير لقاء التعارف | تقرير ورش العمل مع مجلس الإدارة (أو من يقوم مقامهم) والإدارات الموازية | نموذج التقرير العام عن المنظمة | نموذج تقرير متابعة التشغيل وإغلاق التأسيس | نموذج خطة سد الفجوات,https://mail.google.com/mail/u/0,,PRESERVE_AND_FLAG_NO_MERGE
