legacy_org_id,cohort,organization_name,normalized_name,aliases,roster_status,consultants,evaluators,sector,region,target_group,supervisor,start_date_raw,start_date_iso,graduation_date_raw,graduation_date_iso,source_files,source_rows,record_hash_sha256
LEG-ORG-B1-001,1,جمعية بنيان للخدمات الاجتماعية,جمعيهبنيانللخدماتالاجتماعيه,,PRIMARY_ROSTER,خالد الصفحي,د . حسن أبو كافته,,,,,45610,2024-11-14,45803,2025-05-26,dashboard_bundle_1/الجهات المشاركة في الدفعة الأولى.xlsx | dashboard_bundle_2/جمعيات الدفعة الاولى.xlsx,dashboard_bundle_1/الجهات المشاركة في الدفعة الأولى.xlsx | ورقة1!2 || dashboard_bundle_2/جمعيات الدفعة الاولى.xlsx | ورقة3!25,2e23159823ae41ccad1ef84fdd40f3b5f50a282bab81714b8e0d3d08495d8670
LEG-ORG-B1-002,1,جمعية البرهان لخدمة السنة والقرآن,جمعيهالبرهانلخدمهالسنهوالقران,,PRIMARY_ROSTER,خالد الصفحي,د . حسن أبو كافته,,,,,45610,2024-11-14,45803,2025-05-26,dashboard_bundle_1/الجهات المشاركة في الدفعة الأولى.xlsx | dashboard_bundle_2/جمعيات الدفعة الاولى.xlsx,dashboard_bundle_1/الجهات المشاركة في الدفعة الأولى.xlsx | ورقة1!3 || dashboard_bundle_2/جمعيات الدفعة الاولى.xlsx | ورقة3!24,b77e2c80b3f6a9bbca447d05380ececb269168e1c73ef33f1502eb922a5e1e8f
LEG-ORG-B1-003,1,جمعية الصم وضعاف السمع وذويهم,جمعيهالصموضعافالسمعوذويهم,,PRIMARY_ROSTER,هنادي شعيب,أ . محمد العبدالجبار,,,,,45610,2024-11-14,45782,2025-05-05,dashboard_bundle_1/الجهات المشاركة في الدفعة الأولى.xlsx | dashboard_bundle_2/جمعيات الدفعة الاولى.xlsx,dashboard_bundle_1/الجهات المشاركة في الدفعة الأولى.xlsx | ورقة1!4 || dashboard_bundle_2/جمعيات الدفعة الاولى.xlsx | ورقة3!9,b4ba5ab0d658c0e3a7b66a7fb7dbc48c3b282fae87c46a43341c07d61a5aa073
LEG-ORG-B1-004,1,جمعية أفق للاسكان التنموي,جمعيهافقللاسكانالتنموي,جمعية افق,PRIMARY_ROSTER,إسراء باقيس,د . حسن أبو كافته,,,,,45610,2024-11-14,45773,2025-04-26,dashboard_bundle_1/الجهات المشاركة في الدفعة الأولى.xlsx | dashboard_bundle_2/جمعيات الدفعة الاولى.xlsx,dashboard_bundle_1/الجهات المشاركة في الدفعة الأولى.xlsx | ورقة1!5 || dashboard_bundle_2/جمعيات الدفعة الاولى.xlsx | ورقة3!11,038e6eb409744e62397a8835317cf9105f74758f4d5cb61aa79f1eb5d846de99
LEG-ORG-B1-005,1,الجمعية الخيرية لتيسير الزواج ورعاية الأسرة,الجمعيهالخيريهلتيسيرالزواجورعايهالاسره,,PRIMARY_ROSTER,إسراء باقيس,د . حسن أبو كافته,,,,,45610,2024-11-14,45773,2025-04-26,dashboard_bundle_1/الجهات المشاركة في الدفعة الأولى.xlsx | dashboard_bundle_2/جمعيات الدفعة الاولى.xlsx,dashboard_bundle_1/الجهات المشاركة في الدفعة الأولى.xlsx | ورقة1!6 || dashboard_bundle_2/جمعيات الدفعة الاولى.xlsx | ورقة3!13,42178b9ee85ba1994f28ac19ee820e30ced064f7102d6863abaac83f19e4eb47
LEG-ORG-B1-006,1,جمعية التنمية الأهلية بالحزام الذهبي,جمعيهالتنميهالاهليهبالحزامالذهبي,,PRIMARY_ROSTER,إسراء باقيس,د . حسن أبو كافته,,,,,45610,2024-11-14,45773,2025-04-26,dashboard_bundle_1/الجهات المشاركة في الدفعة الأولى.xlsx | dashboard_bundle_2/جمعيات الدفعة الاولى.xlsx,dashboard_bundle_1/الجهات المشاركة في الدفعة الأولى.xlsx | ورقة1!7 || dashboard_bundle_2/جمعيات الدفعة الاولى.xlsx | ورقة3!15,39b0a0d0cdf932bab4a0b8e2d116b40f96972dff67ce14e9d02b7d3224bc7af3
LEG-ORG-B1-007,1,جمعية الجبيل الأهلية,جمعيهالجبيلالاهليه,,PRIMARY_ROSTER,إسراء باقيس,د . حسن أبو كافته,,,,,45610,2024-11-14,45773,2025-04-26,dashboard_bundle_1/الجهات المشاركة في الدفعة الأولى.xlsx | dashboard_bundle_2/جمعيات الدفعة الاولى.xlsx,dashboard_bundle_1/الجهات المشاركة في الدفعة الأولى.xlsx | ورقة1!8 || dashboard_bundle_2/جمعيات الدفعة الاولى.xlsx | ورقة3!14,42f0e2f4a073d188c6113b899cef5a74d14c0afbc70c3a9e1c42f4f349613357
LEG-ORG-B1-008,1,جمعية تواصل للتنمية الأهلية بأحياء الجامعيين والنزهة وهجر والفردوس,جمعيهتواصلللتنميهالاهليهباحياءالجامعيينوالنزههوهجروالفردوس,,PRIMARY_ROSTER,إسراء باقيس,د . حسن أبو كافته,,,,,45610,2024-11-14,45773,2025-04-26,dashboard_bundle_1/الجهات المشاركة في الدفعة الأولى.xlsx | dashboard_bundle_2/جمعيات الدفعة الاولى.xlsx,dashboard_bundle_1/الجهات المشاركة في الدفعة الأولى.xlsx | ورقة1!9 || dashboard_bundle_2/جمعيات الدفعة الاولى.xlsx | ورقة3!16,30f4b558c682bd8b3a1c4ddeb29ec47795837a1815e3f6fe7dfe0a64310dda45
LEG-ORG-B1-009,1,جمعية المعمار,جمعيهالمعمار,جمعية معمار للاسكان التنموي,PRIMARY_ROSTER,إسراء باقيس,د . حسن أبو كافته,,,,,45610,2024-11-14,45773,2025-04-26,dashboard_bundle_1/الجهات المشاركة في الدفعة الأولى.xlsx | dashboard_bundle_2/جمعيات الدفعة الاولى.xlsx,dashboard_bundle_1/الجهات المشاركة في الدفعة الأولى.xlsx | ورقة1!10 || dashboard_bundle_2/جمعيات الدفعة الاولى.xlsx | ورقة3!12,2e77435cf415f4d3a4dcb1e1685bfe16e5ffaf56b8a777e2b04dd860e47600ae
LEG-ORG-B1-010,1,الجمعية التكاملية لذوي الإعاقة,الجمعيهالتكامليهلذويالاعاقه,الجمعية التكاملية لذوي الاعاقة,PRIMARY_ROSTER,هنادي شعيب,د . حسن أبو كافته,,,,,45610,2024-11-14,45782,2025-05-05,dashboard_bundle_1/الجهات المشاركة في الدفعة الأولى.xlsx | dashboard_bundle_2/جمعيات الدفعة الاولى.xlsx,dashboard_bundle_1/الجهات المشاركة في الدفعة الأولى.xlsx | ورقة1!11 || dashboard_bundle_2/جمعيات الدفعة الاولى.xlsx | ورقة3!8,2cd1bcb7b0e660afc75c19c0c208c6299c49c09d99a58c238940ef455a096cce
LEG-ORG-B1-011,1,الجمعية السعودية لاضطراب فرط الحركة (إشراق ),الجمعيهالسعوديهلاضطرابفرطالحركهاشراق,الجمعية السعودية لاضطراب فرط الحركة وتشتت الانتباه ( إشراق ),PRIMARY_ROSTER,خالد الصفحي,د . حسن أبو كافته,,,,,45610,2024-11-14,45754,2025-04-07,dashboard_bundle_1/الجهات المشاركة في الدفعة الأولى.xlsx | dashboard_bundle_2/جمعيات الدفعة الاولى.xlsx,dashboard_bundle_1/الجهات المشاركة في الدفعة الأولى.xlsx | ورقة1!12 || dashboard_bundle_2/جمعيات الدفعة الاولى.xlsx | ورقة3!27,922ba80dba533c7493370dcd96328480c7afb81ad8efadb1a858ca0447dc2c9b
LEG-ORG-B1-012,1,جمعية دار السلام لإكرام الموتى,جمعيهدارالسلاملاكرامالموتي,,PRIMARY_ROSTER,هشام الغامدي,د . حسن أبو كافته,,,,,45610,2024-11-14,45874,2025-08-05,dashboard_bundle_1/الجهات المشاركة في الدفعة الأولى.xlsx | dashboard_bundle_2/جمعيات الدفعة الاولى.xlsx,dashboard_bundle_1/الجهات المشاركة في الدفعة الأولى.xlsx | ورقة1!13 || dashboard_bundle_2/جمعيات الدفعة الاولى.xlsx | ورقة3!17,ef940adbfc3af0e4c4df9d3bb320a8a74ec6a1b862662ecd81e7baf47dea77f9
LEG-ORG-B1-013,1,المؤسسة الخيرية لرعاية الأيتام - إخاء,الموسسهالخيريهلرعايهالايتاماخاء,المؤسسة الخيرية لرعاية الايتام - إخاء,PRIMARY_ROSTER,هنادي شعيب,أ . محمد العبدالجبار,,,,,45610,2024-11-14,45782,2025-05-05,dashboard_bundle_1/الجهات المشاركة في الدفعة الأولى.xlsx | dashboard_bundle_2/جمعيات الدفعة الاولى.xlsx,dashboard_bundle_1/الجهات المشاركة في الدفعة الأولى.xlsx | ورقة1!14 || dashboard_bundle_2/جمعيات الدفعة الاولى.xlsx | ورقة3!10,2a18941a0a136a68f020f4ff36546efcf610af915dce55ac99b4ac2cb2a469c5
LEG-ORG-B1-014,1,جمعية المحترفون للبحث والإنقاذ,جمعيهالمحترفونللبحثوالانقاذ,,PRIMARY_ROSTER,هنادي شعيب,أ . محمد العبدالجبار,,,,,45610,2024-11-14,45782,2025-05-05,dashboard_bundle_1/الجهات المشاركة في الدفعة الأولى.xlsx | dashboard_bundle_2/جمعيات الدفعة الاولى.xlsx,dashboard_bundle_1/الجهات المشاركة في الدفعة الأولى.xlsx | ورقة1!15 || dashboard_bundle_2/جمعيات الدفعة الاولى.xlsx | ورقة3!5,8ef68556597a6a36288abcb2e13bc2a4c8d0c1ec567852c976a2a556f8e6f68b
LEG-ORG-B1-015,1,جمعية مكث النسائية للريادة الشبابية,جمعيهمكثالنساييهللريادهالشبابيه,جمعية مُكث النسائية للريادة الشبابية,PRIMARY_ROSTER,هنادي شعيب,أ . محمد العبدالجبار,,,,,45610,2024-11-14,45782,2025-05-05,dashboard_bundle_1/الجهات المشاركة في الدفعة الأولى.xlsx | dashboard_bundle_2/جمعيات الدفعة الاولى.xlsx,dashboard_bundle_1/الجهات المشاركة في الدفعة الأولى.xlsx | ورقة1!16 || dashboard_bundle_2/جمعيات الدفعة الاولى.xlsx | ورقة3!7,cdc43e6ce32fa3dbc1f71bbccd3b1fabdd35b273ce2bb3bcfb99a6f2e7734c36
LEG-ORG-B1-016,1,جمعية وفاء للخدمات القانونية للمرأة,جمعيهوفاءللخدماتالقانونيهللمراه,جميعة وفاء للخدمات القانونية للمرأة,PRIMARY_ROSTER,هنادي شعيب,أ . محمد العبدالجبار,,,,,45610,2024-11-14,45782,2025-05-05,dashboard_bundle_1/الجهات المشاركة في الدفعة الأولى.xlsx | dashboard_bundle_2/جمعيات الدفعة الاولى.xlsx,dashboard_bundle_1/الجهات المشاركة في الدفعة الأولى.xlsx | ورقة1!17 || dashboard_bundle_2/جمعيات الدفعة الاولى.xlsx | ورقة3!6,39df80ffdb4d47cbcc58b4d7f94ab94388bfa028a9b34bb83ab8a58dfc48b4a9
LEG-ORG-B1-017,1,مؤسسة عبدالمنعم الراشد الإنسانية,موسسهعبدالمنعمالراشدالانسانيه,,PRIMARY_ROSTER,هشام الغامدي,أ . محمد العبدالجبار,,,,,45610,2024-11-14,27,,dashboard_bundle_1/الجهات المشاركة في الدفعة الأولى.xlsx | dashboard_bundle_2/جمعيات الدفعة الاولى.xlsx,dashboard_bundle_1/الجهات المشاركة في الدفعة الأولى.xlsx | ورقة1!18 || dashboard_bundle_2/جمعيات الدفعة الاولى.xlsx | ورقة3!22,9f177d85aeb17a584d09c0760f218db99ba566d1809a14667d3d3313ad483591
LEG-ORG-B1-018,1,جمعية واعد الشبابية,جمعيهواعدالشبابيه,,PRIMARY_ROSTER,هشام الغامدي,أ . محمد العبدالجبار,,,,,45610,2024-11-14,45865,2025-07-27,dashboard_bundle_1/الجهات المشاركة في الدفعة الأولى.xlsx | dashboard_bundle_2/جمعيات الدفعة الاولى.xlsx,dashboard_bundle_1/الجهات المشاركة في الدفعة الأولى.xlsx | ورقة1!19 || dashboard_bundle_2/جمعيات الدفعة الاولى.xlsx | ورقة3!18,b8e5f49b8a80e83ce45f98ea49f8c0facf78a7281588571f5d7b5fa25670733f
LEG-ORG-B1-019,1,جمعية التنمية الأهلية بالصالحية,جمعيهالتنميهالاهليهبالصالحيه,جمعية التنمية الأهلية بأحياء الصالحية وتوابعها,PRIMARY_ROSTER,خالد الصفحي,أ . محمد العبدالجبار,,,,,45610,2024-11-14,45858,2025-07-20,dashboard_bundle_1/الجهات المشاركة في الدفعة الأولى.xlsx | dashboard_bundle_2/جمعيات الدفعة الاولى.xlsx,dashboard_bundle_1/الجهات المشاركة في الدفعة الأولى.xlsx | ورقة1!20 || dashboard_bundle_2/جمعيات الدفعة الاولى.xlsx | ورقة3!23,8d5446c0840c70ace1c984785bf4619c019604ab09a2daeea695921cefe7d0e7
LEG-ORG-B1-020,1,جمعية العناية بشؤون الموتى إحسان,جمعيهالعنايهبشوونالموتياحسان,,PRIMARY_ROSTER,خالد الصفحي,أ . محمد العبدالجبار,,,,,45610,2024-11-14,45858,2025-07-20,dashboard_bundle_1/الجهات المشاركة في الدفعة الأولى.xlsx | dashboard_bundle_2/جمعيات الدفعة الاولى.xlsx,dashboard_bundle_1/الجهات المشاركة في الدفعة الأولى.xlsx | ورقة1!21 || dashboard_bundle_2/جمعيات الدفعة الاولى.xlsx | ورقة3!28,42c2f9b4161dddf855ffe4eab56e3fbce75bba3c3336e79b91d5b78d6e5c11ab
LEG-ORG-B1-021,1,جمعية التنمية الأهلية بالملاحة,جمعيهالتنميهالاهليهبالملاحه,جمعيه التنميه الاهليه بالملاحه,PRIMARY_ROSTER,هشام الغامدي,أ . محمد العبدالجبار,,,,,45610,2024-11-14,45865,2025-07-27,dashboard_bundle_1/الجهات المشاركة في الدفعة الأولى.xlsx | dashboard_bundle_2/جمعيات الدفعة الاولى.xlsx,dashboard_bundle_1/الجهات المشاركة في الدفعة الأولى.xlsx | ورقة1!22 || dashboard_bundle_2/جمعيات الدفعة الاولى.xlsx | ورقة3!21,3619e15aba8372f99732277f3f658dece0d1ccb1ca00a1f8c2c516872b94f31b
LEG-ORG-B1-022,1,جمعية سند للمسؤولية الاجتماعية بالأحساء,جمعيهسندللمسووليهالاجتماعيهبالاحساء,,PRIMARY_ROSTER,هشام الغامدي,أ . محمد العبدالجبار,,,,,45610,2024-11-14,45865,2025-07-27,dashboard_bundle_1/الجهات المشاركة في الدفعة الأولى.xlsx | dashboard_bundle_2/جمعيات الدفعة الاولى.xlsx,dashboard_bundle_1/الجهات المشاركة في الدفعة الأولى.xlsx | ورقة1!23 || dashboard_bundle_2/جمعيات الدفعة الاولى.xlsx | ورقة3!20,028df213873d68fbdf1e99139f1793729fa866125bf146d34ecc3b93acca5f8a
LEG-ORG-B1-023,1,جمعية العمل التطوعي,جمعيهالعملالتطوعي,,SUPPLEMENTAL_ROSTER,,,,,,,,,,,dashboard_bundle_2/جمعيات الدفعة الاولى.xlsx,dashboard_bundle_2/جمعيات الدفعة الاولى.xlsx | ورقة3!19,b9374f8aa27a33d793aee07331fb7acaf395a5a510585097c955fa9750fb98e5
LEG-ORG-B1-024,1,بيت الثقافة بالدمام (مشروع هيئة المكتبات),بيتالثقافهبالدماممشروعهييهالمكتبات,,SUPPLEMENTAL_ROSTER,,,,,,,,,,,dashboard_bundle_2/جمعيات الدفعة الاولى.xlsx,dashboard_bundle_2/جمعيات الدفعة الاولى.xlsx | ورقة3!26,d11fbe2026ed3a11c6f712a419246dbf766ab4afaf776c3bc75a5187e8351040
LEG-ORG-B2-001,2,جمعية عروى الخيرية,جمعيهعرويالخيريه,,PRIMARY_ROSTER,عزيز التوخي,معلوي ال ناصر,خدمة مجتمعية,عروى,,وزارة الموارد البشرية والتنمية الاجتماعية,,,,,dashboard_bundle_1/الدفعة 2/تقرير أداء الدفعة.xlsx | dashboard_bundle_1/الدفعة 2/المستشار-عزيز التوخي.xlsx | dashboard_bundle_1/المحكم-معلوي ال ناصر.xlsx,dashboard_bundle_1/الدفعة 2/تقرير أداء الدفعة.xlsx | بيانات الجهات!2 || dashboard_bundle_1/الدفعة 2/المستشار-عزيز التوخي.xlsx | جمعية عروى الخيرية!2 || dashboard_bundle_1/المحكم-معلوي ال ناصر.xlsx | جمعية عروى الخيرية!2,7a124dd060befe891ecd2b1ba465ab8592d8a0d2df4bdb07a77a42b4b59306fd
LEG-ORG-B2-002,2,جمعية مكافحة السمنة بمنطقة حائل,جمعيهمكافحهالسمنهبمنطقهحايل,جمعية مكافحة السمنة,PRIMARY_ROSTER,عزيز التوخي,معلوي ال ناصر,الصحة,حائل,الكبار,وزارة الصحة,,,,,dashboard_bundle_1/الدفعة 2/تقرير أداء الدفعة.xlsx | dashboard_bundle_1/الدفعة 2/المستشار-عزيز التوخي.xlsx | dashboard_bundle_1/المحكم-معلوي ال ناصر.xlsx,dashboard_bundle_1/الدفعة 2/تقرير أداء الدفعة.xlsx | بيانات الجهات!3 || dashboard_bundle_1/الدفعة 2/المستشار-عزيز التوخي.xlsx | جمعية مكافحة السمنة!2 || dashboard_bundle_1/المحكم-معلوي ال ناصر.xlsx | جمعية مكافحة السمنة بمنطقة حائل!2,021002b8d9ad10c75b4184687387b863e3df59d4e8f746da43a9792d72bb43df
LEG-ORG-B2-003,2,جمعية ابوة لرعاية الايتام بعنيزة,جمعيهابوهلرعايهالايتامبعنيزه,جمعية ابوة لرعاية الايتام,PRIMARY_ROSTER,عزيز التوخي,معلوي ال ناصر,ارشاد وتوجيه,عنيزة,,وزارة الموارد البشرية والتنمية الاجتماعية,,,,,dashboard_bundle_1/الدفعة 2/تقرير أداء الدفعة.xlsx | dashboard_bundle_1/الدفعة 2/المستشار-عزيز التوخي.xlsx | dashboard_bundle_1/المحكم-معلوي ال ناصر.xlsx,dashboard_bundle_1/الدفعة 2/تقرير أداء الدفعة.xlsx | بيانات الجهات!4 || dashboard_bundle_1/الدفعة 2/المستشار-عزيز التوخي.xlsx | جمعية ابوة لرعاية الايتام!2 || dashboard_bundle_1/المحكم-معلوي ال ناصر.xlsx | جمعية ابوة لرعاية الايتام!2,55c1c77fabd457ec6a109ae19334ea5f7d58ff9f0c44e24268bae419342376d9
LEG-ORG-B2-004,2,جمعية حوائج لحفظ النعمة,جمعيهحوايجلحفظالنعمه,,PRIMARY_ROSTER,عزيز التوخي,معلوي ال ناصر,,الرياض,,وزارة البلديات والاسكان,,,,,dashboard_bundle_1/الدفعة 2/تقرير أداء الدفعة.xlsx | dashboard_bundle_1/الدفعة 2/المستشار-عزيز التوخي.xlsx | dashboard_bundle_1/المحكم-معلوي ال ناصر.xlsx,dashboard_bundle_1/الدفعة 2/تقرير أداء الدفعة.xlsx | بيانات الجهات!5 || dashboard_bundle_1/الدفعة 2/المستشار-عزيز التوخي.xlsx | جمعية حوائج لحفظ النعمة!2 || dashboard_bundle_1/المحكم-معلوي ال ناصر.xlsx | جمعية حوائج لحفظ النعمة!2,3b2c869a13d11ac06cdd36c14468a67d4f524ea61ba7fa63eef5b5b7540f96fe
LEG-ORG-B2-005,2,جمعية طب القدم والكاحل,جمعيهطبالقدموالكاحل,,PRIMARY_ROSTER,عزيز التوخي,معلوي ال ناصر,الصحة,الرياض,,الجهة الاشرافية بوزارة الصحة,,,,,dashboard_bundle_1/الدفعة 2/تقرير أداء الدفعة.xlsx | dashboard_bundle_1/الدفعة 2/المستشار-عزيز التوخي.xlsx | dashboard_bundle_1/المحكم-معلوي ال ناصر.xlsx,dashboard_bundle_1/الدفعة 2/تقرير أداء الدفعة.xlsx | بيانات الجهات!6 || dashboard_bundle_1/الدفعة 2/المستشار-عزيز التوخي.xlsx | جمعية طب القدم والكاحل!2 || dashboard_bundle_1/المحكم-معلوي ال ناصر.xlsx | جمعية طب القدم والكاحل!2,ee5ea3efe67d36e530244925691ee8ebf0d1b7e488c56d905a97e439c93d1901
LEG-ORG-B2-006,2,جمعية البيضاء لدعوة والإرشاد وتوعية الجاليات,جمعيهالبيضاءلدعوهوالارشادوتوعيهالجاليات,جمعية البيضاء,PRIMARY_ROSTER,عزيز التوخي,معلوي ال ناصر,,الرياض,,وزارة الشؤون الإسلامية والدعوة والإرشاد,,,,,dashboard_bundle_1/الدفعة 2/تقرير أداء الدفعة.xlsx | dashboard_bundle_1/الدفعة 2/المستشار-عزيز التوخي.xlsx | dashboard_bundle_1/المحكم-معلوي ال ناصر.xlsx,dashboard_bundle_1/الدفعة 2/تقرير أداء الدفعة.xlsx | بيانات الجهات!7 || dashboard_bundle_1/الدفعة 2/المستشار-عزيز التوخي.xlsx | جمعية البيضاء!2 || dashboard_bundle_1/المحكم-معلوي ال ناصر.xlsx | جمعية البيضاء!2,2e7cffa9e49fe60ed77fa5d9c853b8feac272fdf5a923e908651456437a72a8d
LEG-ORG-B2-007,2,جمعية الزاد,جمعيهالزاد,,PRIMARY_ROSTER,عزيز التوخي,معلوي ال ناصر,,بريدة,,المركز الوطني لتنمية القطاع غير الربحي,,,,,dashboard_bundle_1/الدفعة 2/تقرير أداء الدفعة.xlsx | dashboard_bundle_1/الدفعة 2/المستشار-عزيز التوخي.xlsx | dashboard_bundle_1/المحكم-معلوي ال ناصر.xlsx,dashboard_bundle_1/الدفعة 2/تقرير أداء الدفعة.xlsx | بيانات الجهات!8 || dashboard_bundle_1/الدفعة 2/المستشار-عزيز التوخي.xlsx | جمعية الزاد!2 || dashboard_bundle_1/المحكم-معلوي ال ناصر.xlsx | جمعية الزاد!2,011a2e2a60b763b7490ee3a07bf0442526dd26c4c287e396ede4ff1be47ad644
LEG-ORG-B2-008,2,جمعية رؤية التنموية الاهلية النسائية,جمعيهرويهالتنمويهالاهليهالنساييه,جمعية رؤية التنموية | جمعية رؤية التنموية الاهلية,PRIMARY_ROSTER,عزيز التوخي,معلوي ال ناصر,,البكيرية,,وزارة الموارد البشرية و التنمية الاجتماعية,,,,,dashboard_bundle_1/الدفعة 2/تقرير أداء الدفعة.xlsx | dashboard_bundle_1/الدفعة 2/المستشار-عزيز التوخي.xlsx | dashboard_bundle_1/المحكم-معلوي ال ناصر.xlsx,dashboard_bundle_1/الدفعة 2/تقرير أداء الدفعة.xlsx | بيانات الجهات!9 || dashboard_bundle_1/الدفعة 2/المستشار-عزيز التوخي.xlsx | جمعية رؤية التنموية!2 || dashboard_bundle_1/المحكم-معلوي ال ناصر.xlsx | جمعية رؤية التنموية الاهلية!2,5fe06e4b5b0412b5f0851efd7973f4919c38ef08c7f13ed3d6375f140fbc7db2
LEG-ORG-B2-009,2,جمعية المتقاعدين بمنطقة القصيم,جمعيهالمتقاعدينبمنطقهالقصيم,,PRIMARY_ROSTER,فهد النوفل,أبرار جيلاني,,بريدة,,المركز الوطني لتنمية القطاع غير ربحي,,,,,dashboard_bundle_1/الدفعة 2/تقرير أداء الدفعة.xlsx | dashboard_bundle_1/الدفعة 2/المستشار-فهد النوفل.xlsx | dashboard_bundle_1/المحكم-أبرار جيلاني.xlsx,dashboard_bundle_1/الدفعة 2/تقرير أداء الدفعة.xlsx | بيانات الجهات!10 || dashboard_bundle_1/الدفعة 2/المستشار-فهد النوفل.xlsx | جمعية المتقاعدين بمنطقة القصيم!2 || dashboard_bundle_1/المحكم-أبرار جيلاني.xlsx | جمعية المتقاعدين بمنطقة القصيم!2,f62588da16473bbef33b6494916fd1e871a3bde8466a79c178de6c20ac35d9b0
LEG-ORG-B2-010,2,الجمعية السعودية الخيرية للوقاية من السموم,الجمعيهالسعوديهالخيريهللوقايهمنالسموم,الجمعية السعودية للوقاية | جمعية الوقاية من السموم,PRIMARY_ROSTER,فهد النوفل,أبرار جيلاني,الصحة,بريدة,,وزراة الصحة,,,,,dashboard_bundle_1/الدفعة 2/تقرير أداء الدفعة.xlsx | dashboard_bundle_1/الدفعة 2/المستشار-فهد النوفل.xlsx | dashboard_bundle_1/المحكم-أبرار جيلاني.xlsx,dashboard_bundle_1/الدفعة 2/تقرير أداء الدفعة.xlsx | بيانات الجهات!11 || dashboard_bundle_1/الدفعة 2/المستشار-فهد النوفل.xlsx | الجمعية السعودية للوقاية!2 || dashboard_bundle_1/المحكم-أبرار جيلاني.xlsx | جمعية الوقاية من السموم!2,d0b66ae0bdc29bbbb6d2dde2c8df5d9076d1bba3531c08ea86a4a9d278d50ef1
LEG-ORG-B2-011,2,أوقاف إثراء المعرفة,اوقافاثراءالمعرفه,,PRIMARY_ROSTER,فهد النوفل,أبرار جيلاني,,الرياض,,الهيئة العامة للأوقاف,,,,,dashboard_bundle_1/الدفعة 2/تقرير أداء الدفعة.xlsx | dashboard_bundle_1/الدفعة 2/المستشار-فهد النوفل.xlsx | dashboard_bundle_1/المحكم-أبرار جيلاني.xlsx,dashboard_bundle_1/الدفعة 2/تقرير أداء الدفعة.xlsx | بيانات الجهات!12 || dashboard_bundle_1/الدفعة 2/المستشار-فهد النوفل.xlsx | أوقاف إثراء المعرفة!2 || dashboard_bundle_1/المحكم-أبرار جيلاني.xlsx | أوقاف إثراء المعرفة!2,b79e91238ba3eda8c2627c6982a15501691b8012b8bedaa48e8728649d24f81a
LEG-ORG-B2-012,2,جمعية اكتشاف وتطوير المواهب (رائد),جمعيهاكتشافوتطويرالمواهبرايد,جمعية اكتشاف وتطوير المواهب,PRIMARY_ROSTER,فهد النوفل,أبرار جيلاني,التعليم,الرياض,,وزارة التعليم,,,,,dashboard_bundle_1/الدفعة 2/تقرير أداء الدفعة.xlsx | dashboard_bundle_1/الدفعة 2/المستشار-فهد النوفل.xlsx | dashboard_bundle_1/المحكم-أبرار جيلاني.xlsx,dashboard_bundle_1/الدفعة 2/تقرير أداء الدفعة.xlsx | بيانات الجهات!13 || dashboard_bundle_1/الدفعة 2/المستشار-فهد النوفل.xlsx | جمعية اكتشاف وتطوير المواهب!2 || dashboard_bundle_1/المحكم-أبرار جيلاني.xlsx | جمعية اكتشاف وتطوير المواهب!2,dffadfe1778da3fe607a24b94f0c3ed1ff205e179098ce6151b25bf1583daea5
LEG-ORG-B2-013,2,جمعية كبار السن,جمعيهكبارالسن,,PRIMARY_ROSTER,فهد النوفل,أبرار جيلاني,,الرياض,,وزراة الموارد البشرية والتنمية الاجتماعية,,,,,dashboard_bundle_1/الدفعة 2/تقرير أداء الدفعة.xlsx | dashboard_bundle_1/الدفعة 2/المستشار-فهد النوفل.xlsx | dashboard_bundle_1/المحكم-أبرار جيلاني.xlsx,dashboard_bundle_1/الدفعة 2/تقرير أداء الدفعة.xlsx | بيانات الجهات!14 || dashboard_bundle_1/الدفعة 2/المستشار-فهد النوفل.xlsx | جمعية كبار السن!2 || dashboard_bundle_1/المحكم-أبرار جيلاني.xlsx | جمعية كبار السن!2,42610c4bbc5a6f1587fc5cc5806ee5c645ba9c37ea3671eaa27e0427815e04f9
LEG-ORG-B2-014,2,الجمعية الخيرية لتحفيظ القرآن الكريم بمحافظة المذنب,الجمعيهالخيريهلتحفيظالقرانالكريمبمحافظهالمذنب,الجمعية الخيريةبمحافظة المذنب | جمعية تحفيظ القرآن المذنب,PRIMARY_ROSTER,فهد النوفل,أبرار جيلاني,,المذنب,,وزارة الشؤون الإسلامية والدعوة والإرشاد,,,,,dashboard_bundle_1/الدفعة 2/تقرير أداء الدفعة.xlsx | dashboard_bundle_1/الدفعة 2/المستشار-فهد النوفل.xlsx | dashboard_bundle_1/المحكم-أبرار جيلاني.xlsx,dashboard_bundle_1/الدفعة 2/تقرير أداء الدفعة.xlsx | بيانات الجهات!15 || dashboard_bundle_1/الدفعة 2/المستشار-فهد النوفل.xlsx | الجمعية الخيريةبمحافظة المذنب!2 || dashboard_bundle_1/المحكم-أبرار جيلاني.xlsx | جمعية تحفيظ القرآن  المذنب!2,ddf18d346edc534d4b39df31abbe463e17a0b3a0caa574b01536142592b6022d
LEG-ORG-B2-015,2,الجمعية الخيرية لتحفيظ القران الكريم بمحافظة رماح,الجمعيهالخيريهلتحفيظالقرانالكريمبمحافظهرماح,الجمعية الخيرية بمحافظة رماح | جمعية تحفيظ القران رماح,PRIMARY_ROSTER,فهد النوفل,أبرار جيلاني,,رماح,,وزارة الشؤون الاسلامية,,,,,dashboard_bundle_1/الدفعة 2/تقرير أداء الدفعة.xlsx | dashboard_bundle_1/الدفعة 2/المستشار-فهد النوفل.xlsx | dashboard_bundle_1/المحكم-أبرار جيلاني.xlsx,dashboard_bundle_1/الدفعة 2/تقرير أداء الدفعة.xlsx | بيانات الجهات!16 || dashboard_bundle_1/الدفعة 2/المستشار-فهد النوفل.xlsx | الجمعية الخيرية  بمحافظة رماح!2 || dashboard_bundle_1/المحكم-أبرار جيلاني.xlsx | جمعية تحفيظ القران رماح!2,ecca4270ec67b77c0628690525c3cf09f460f4355954aed0c8279f9864d25af6
LEG-ORG-B2-016,2,جمعية أجا النسائية الاهلية,جمعيهاجاالنساييهالاهليه,,PRIMARY_ROSTER,فهد النوفل,أبرار جيلاني,,حائل,,المركز الوطني للقطاع الغير الربحي,,,,,dashboard_bundle_1/الدفعة 2/تقرير أداء الدفعة.xlsx | dashboard_bundle_1/الدفعة 2/المستشار-فهد النوفل.xlsx | dashboard_bundle_1/المحكم-أبرار جيلاني.xlsx,dashboard_bundle_1/الدفعة 2/تقرير أداء الدفعة.xlsx | بيانات الجهات!17 || dashboard_bundle_1/الدفعة 2/المستشار-فهد النوفل.xlsx | جمعية أجا النسائية الاهلية!2 || dashboard_bundle_1/المحكم-أبرار جيلاني.xlsx | جمعية أجا النسائية الاهلية!2,43d59bcdd115129d28682b64fc5588a6ceee41d2bd88caad12ce2fc58525371f
LEG-ORG-B2-017,2,جمعية التمور للخدمات الإنسانية,جمعيهالتمورللخدماتالانسانيه,,PRIMARY_ROSTER,سارة أبو الخير,حسين عواجي,,الرياض,,الوحدة الاشرافية لوزارة البلديات والاسكان,,,,,dashboard_bundle_1/الدفعة 2/تقرير أداء الدفعة.xlsx | dashboard_bundle_1/الدفعة 2/المستشار-سارة أبو الخير .xlsx | dashboard_bundle_1/المحكم-حسين عواجي.xlsx,dashboard_bundle_1/الدفعة 2/تقرير أداء الدفعة.xlsx | بيانات الجهات!18 || dashboard_bundle_1/الدفعة 2/المستشار-سارة أبو الخير .xlsx | جمعية التمور للخدمات الإنسانية!2 || dashboard_bundle_1/المحكم-حسين عواجي.xlsx | جمعية التمور للخدمات الإنسانية!2,e75e7a774891f7e3380b77f477784b1207fee04a41666fa083bc7e1581da194b
LEG-ORG-B2-018,2,جمعية سدير الزراعية,جمعيهسديرالزراعيه,,PRIMARY_ROSTER,سارة أبو الخير,حسين عواجي,,حوطة سدير,,وزارة البيئة والمياه والزراعة,,,,,dashboard_bundle_1/الدفعة 2/تقرير أداء الدفعة.xlsx | dashboard_bundle_1/الدفعة 2/المستشار-سارة أبو الخير .xlsx | dashboard_bundle_1/المحكم-حسين عواجي.xlsx,dashboard_bundle_1/الدفعة 2/تقرير أداء الدفعة.xlsx | بيانات الجهات!19 || dashboard_bundle_1/الدفعة 2/المستشار-سارة أبو الخير .xlsx | جمعية سدير الزراعية!2 || dashboard_bundle_1/المحكم-حسين عواجي.xlsx | جمعية سدير الزراعية!2,83c1a3bb5edc1b34121887e4e826e3d290bc56e4a6631f2ecc164c9ad344fdd1
LEG-ORG-B2-019,2,جمعية سلال الغذائية,جمعيهسلالالغذاييه,,PRIMARY_ROSTER,سارة أبو الخير,حسين عواجي,,الرياض,,وزارة البيئه والمياه والزراعه,,,,,dashboard_bundle_1/الدفعة 2/تقرير أداء الدفعة.xlsx | dashboard_bundle_1/الدفعة 2/المستشار-سارة أبو الخير .xlsx | dashboard_bundle_1/المحكم-حسين عواجي.xlsx,dashboard_bundle_1/الدفعة 2/تقرير أداء الدفعة.xlsx | بيانات الجهات!20 || dashboard_bundle_1/الدفعة 2/المستشار-سارة أبو الخير .xlsx | جمعية سلال الغذائية!2 || dashboard_bundle_1/المحكم-حسين عواجي.xlsx | جمعية سلال الغذائية!2,0f84c18750eea272636c9da3a6933de94a30904586f7192f778648968c096f75
LEG-ORG-B2-020,2,جمعية التنمية الأهلية بحرمة,جمعيهالتنميهالاهليهبحرمه,,PRIMARY_ROSTER,سارة أبو الخير,حسين عواجي,,محافظة المجمعة - مركز حرمة,,المركز الوطني للقطاع الغير ربحي,,,,,dashboard_bundle_1/الدفعة 2/تقرير أداء الدفعة.xlsx | dashboard_bundle_1/الدفعة 2/المستشار-سارة أبو الخير .xlsx | dashboard_bundle_1/المحكم-حسين عواجي.xlsx,dashboard_bundle_1/الدفعة 2/تقرير أداء الدفعة.xlsx | بيانات الجهات!21 || dashboard_bundle_1/الدفعة 2/المستشار-سارة أبو الخير .xlsx | جمعية التنمية الأهلية بحرمة!2 || dashboard_bundle_1/المحكم-حسين عواجي.xlsx | جمعية التنمية الأهلية بحرمة!2,326ad2d947b4edde21769ad7e521a8399669a29683d86e6dd67186dc33df7613
LEG-ORG-B2-021,2,جمعية العناية بالمكتبات الخاصة,جمعيهالعنايهبالمكتباتالخاصه,,PRIMARY_ROSTER,سارة أبو الخير,حسين عواجي,الثقافة,الرياض,,وزارة الثقافة,,,,,dashboard_bundle_1/الدفعة 2/تقرير أداء الدفعة.xlsx | dashboard_bundle_1/الدفعة 2/المستشار-سارة أبو الخير .xlsx | dashboard_bundle_1/المحكم-حسين عواجي.xlsx,dashboard_bundle_1/الدفعة 2/تقرير أداء الدفعة.xlsx | بيانات الجهات!22 || dashboard_bundle_1/الدفعة 2/المستشار-سارة أبو الخير .xlsx | جمعية العناية بالمكتبات الخاصة!2 || dashboard_bundle_1/المحكم-حسين عواجي.xlsx | جمعية العناية بالمكتبات الخاصة!2,ba8580451d451d5ec60b1b58a1533b4ac4988ccf44bc7265347a64aae338e6e8
LEG-ORG-B2-022,2,تراحم الرياض,تراحمالرياض,,PRIMARY_ROSTER,سارة أبو الخير,حسين عواجي,,الرياض,,اللجنة الوطنية لرعاية السجناء والمفرج عنهم وأسرهم تراحم,,,,,dashboard_bundle_1/الدفعة 2/تقرير أداء الدفعة.xlsx | dashboard_bundle_1/الدفعة 2/المستشار-سارة أبو الخير .xlsx | dashboard_bundle_1/المحكم-حسين عواجي.xlsx,dashboard_bundle_1/الدفعة 2/تقرير أداء الدفعة.xlsx | بيانات الجهات!23 || dashboard_bundle_1/الدفعة 2/المستشار-سارة أبو الخير .xlsx | تراحم الرياض!2 || dashboard_bundle_1/المحكم-حسين عواجي.xlsx | تراحم الرياض!2,9b1733393f795063752ec802eca352ff3c0ff3bd1352ceeec026d2eb584e6848
LEG-ORG-B2-023,2,جمعية صناعة القدرات الشبابية,جمعيهصناعهالقدراتالشبابيه,,PRIMARY_ROSTER,سارة أبو الخير,حسين عواجي,ارشاد وتوجيه,الرياض,,وزارة الموارد البشرية,,,,,dashboard_bundle_1/الدفعة 2/تقرير أداء الدفعة.xlsx | dashboard_bundle_1/الدفعة 2/المستشار-سارة أبو الخير .xlsx | dashboard_bundle_1/المحكم-حسين عواجي.xlsx,dashboard_bundle_1/الدفعة 2/تقرير أداء الدفعة.xlsx | بيانات الجهات!24 || dashboard_bundle_1/الدفعة 2/المستشار-سارة أبو الخير .xlsx | جمعية صناعة القدرات الشبابية!2 || dashboard_bundle_1/المحكم-حسين عواجي.xlsx | جمعية صناعة القدرات الشبابية!2,540de70b235f68319a7cdf925e114988df638535d6e44cfdac7068e5b3e317df
LEG-ORG-B2-024,2,لجنة تراحم القصيم,لجنهتراحمالقصيم,,PRIMARY_ROSTER,وديع الحربي,علي الدوسري,خدمة مجتمعية,بريدة,الأسر,الأمانة العامة للجنة الوطنية لرعاية السجناء والمفرج عنهم وأسرهم (تراحم),,,,,dashboard_bundle_1/الدفعة 2/تقرير أداء الدفعة.xlsx | dashboard_bundle_1/الدفعة 2/المستشار-وديع الحربي.xlsx | dashboard_bundle_1/المحكم-علي الدوسري.xlsx,dashboard_bundle_1/الدفعة 2/تقرير أداء الدفعة.xlsx | بيانات الجهات!25 || dashboard_bundle_1/الدفعة 2/المستشار-وديع الحربي.xlsx | لجنة تراحم القصيم!2 || dashboard_bundle_1/المحكم-علي الدوسري.xlsx | لجنة تراحم القصيم!2,6fbb7c29ac3bf0467c7c249cee1d814975bb829e2637b5c002816591a493ae2a
LEG-ORG-B2-025,2,جمعية وطن طموح,جمعيهوطنطموح,,PRIMARY_ROSTER,وديع الحربي,علي الدوسري,التطوع,الرياض,الشباب,المركز الوطني لتنمية القطاع غير الربحي,,,,,dashboard_bundle_1/الدفعة 2/تقرير أداء الدفعة.xlsx | dashboard_bundle_1/الدفعة 2/المستشار-وديع الحربي.xlsx | dashboard_bundle_1/المحكم-علي الدوسري.xlsx,dashboard_bundle_1/الدفعة 2/تقرير أداء الدفعة.xlsx | بيانات الجهات!26 || dashboard_bundle_1/الدفعة 2/المستشار-وديع الحربي.xlsx | جمعية وطن طموح!2 || dashboard_bundle_1/المحكم-علي الدوسري.xlsx | جمعية وطن طموح!2,9bbc94860881baec4c4b81f17fea429b1627c5a1168ed334b6c99df50fcf01f0
LEG-ORG-B2-026,2,جمعية دعم التعليم تعلم,جمعيهدعمالتعليمتعلم,,PRIMARY_ROSTER,وديع الحربي,علي الدوسري,التعليم,الرياض,,مركز التنمية بالرياض,,,,,dashboard_bundle_1/الدفعة 2/تقرير أداء الدفعة.xlsx | dashboard_bundle_1/الدفعة 2/المستشار-وديع الحربي.xlsx | dashboard_bundle_1/المحكم-علي الدوسري.xlsx,dashboard_bundle_1/الدفعة 2/تقرير أداء الدفعة.xlsx | بيانات الجهات!27 || dashboard_bundle_1/الدفعة 2/المستشار-وديع الحربي.xlsx | جمعية دعم التعليم تعلم!2 || dashboard_bundle_1/المحكم-علي الدوسري.xlsx | جمعية دعم التعليم تعلم!2,a1fa759ccbb178158075d793d56bd537307dc81a8f27d4da36271165221d9f22
LEG-ORG-B2-027,2,جمعية عضيد للخدمات التطوعية,جمعيهعضيدللخدماتالتطوعيه,,PRIMARY_ROSTER,وديع الحربي,علي الدوسري,التطوع,بريده,,المركز الوطني لتنمية القطاع غير الربحي,,,,,dashboard_bundle_1/الدفعة 2/تقرير أداء الدفعة.xlsx | dashboard_bundle_1/الدفعة 2/المستشار-وديع الحربي.xlsx | dashboard_bundle_1/المحكم-علي الدوسري.xlsx,dashboard_bundle_1/الدفعة 2/تقرير أداء الدفعة.xlsx | بيانات الجهات!28 || dashboard_bundle_1/الدفعة 2/المستشار-وديع الحربي.xlsx | جمعية عضيد للخدمات التطوعية!2 || dashboard_bundle_1/المحكم-علي الدوسري.xlsx | جمعية عضيد للخدمات التطوعية!2,dce06edbc0723cd3c29f3f2847c31c1e798a5c3069ae7fffe3b4b206cfb18c5a
LEG-ORG-B2-028,2,جمعية النخب العلمية,جمعيهالنخبالعلميه,,PRIMARY_ROSTER,وديع الحربي,علي الدوسري,التعليم,بريدة,,وزارة التعليم,,,,,dashboard_bundle_1/الدفعة 2/تقرير أداء الدفعة.xlsx | dashboard_bundle_1/الدفعة 2/المستشار-وديع الحربي.xlsx | dashboard_bundle_1/المحكم-علي الدوسري.xlsx,dashboard_bundle_1/الدفعة 2/تقرير أداء الدفعة.xlsx | بيانات الجهات!29 || dashboard_bundle_1/الدفعة 2/المستشار-وديع الحربي.xlsx | جمعية النخب العلمية!2 || dashboard_bundle_1/المحكم-علي الدوسري.xlsx | جمعية النخب العلمية!2,947b5831a6f2a3e10d446020d36dc7063892c2866f00dca6b758193bb782668b
LEG-ORG-B2-029,2,جمعية ذو النون للرعاية الصحية المنزلية,جمعيهذوالنونللرعايهالصحيهالمنزليه,جمعية ذو النون | جمعية ذو النون للرعاية الصحية,PRIMARY_ROSTER,وديع الحربي,علي الدوسري,الصحة,حائل,,الوحدة الاشرافية لوزارة الصحة,,,,,dashboard_bundle_1/الدفعة 2/تقرير أداء الدفعة.xlsx | dashboard_bundle_1/الدفعة 2/المستشار-وديع الحربي.xlsx | dashboard_bundle_1/المحكم-علي الدوسري.xlsx,dashboard_bundle_1/الدفعة 2/تقرير أداء الدفعة.xlsx | بيانات الجهات!30 || dashboard_bundle_1/الدفعة 2/المستشار-وديع الحربي.xlsx | جمعية ذو النون!2 || dashboard_bundle_1/المحكم-علي الدوسري.xlsx | جمعية ذو النون للرعاية الصحية!2,dc45ca1292e386093ba07adae96b564632792d5afc6f386c8626db0966c6eabd
LEG-ORG-B2-030,2,جمعية أخلاقنا لتعزيز القيم,جمعيهاخلاقنالتعزيزالقيم,,PRIMARY_ROSTER,وديع الحربي,علي الدوسري,ارشاد وتوجيه,الرياض,,المركز الوطني لتنمية القطاع غير الربحي,,,,,dashboard_bundle_1/الدفعة 2/تقرير أداء الدفعة.xlsx | dashboard_bundle_1/الدفعة 2/المستشار-وديع الحربي.xlsx | dashboard_bundle_1/المحكم-علي الدوسري.xlsx,dashboard_bundle_1/الدفعة 2/تقرير أداء الدفعة.xlsx | بيانات الجهات!31 || dashboard_bundle_1/الدفعة 2/المستشار-وديع الحربي.xlsx | جمعية أخلاقنا لتعزيز القيم!2 || dashboard_bundle_1/المحكم-علي الدوسري.xlsx | جمعية أخلاقنا لتعزيز القيم!2,d4beb624767f430649ddb68a64e8e3cb6cf17a8f55cc61b2d690f78a9e8da4e4
LEG-ORG-B3-001,3,مؤسسة منارات الهدى الوقفية,موسسهمناراتالهديالوقفيه,,PRIMARY_ROSTER,عبدالرحمن موسى,خالد الزهراني,,منطقة نجران,,الهيئة العامة للأوقاف,,,,,dashboard_bundle_1/الدفعة 3/بيانات الجهات3.xlsx | dashboard_bundle_1/الدفعة 3/المحكم-خالد الزهراني.xlsx | dashboard_bundle_1/الدفعة 3/المستشار-عبدالرحمن موسى.xlsx,dashboard_bundle_1/الدفعة 3/بيانات الجهات3.xlsx | بيانات الجهات!2 || dashboard_bundle_1/الدفعة 3/المحكم-خالد الزهراني.xlsx | مؤسسة منارات الهدى الوقفية!2 || dashboard_bundle_1/الدفعة 3/المستشار-عبدالرحمن موسى.xlsx | مؤسسة منارات الهدى الوقفية!2,c8e7ea3de9a3b0925cfeed387ead1f7d9629ebb0284920c86d24dc355f1d4f4f
LEG-ORG-B3-002,3,جمعية التنمية الأهلية بالشقيق,جمعيهالتنميهالاهليهبالشقيق,,PRIMARY_ROSTER,عبدالرحمن موسى,خالد الزهراني,,منطقة جازان,,المركز الوطني لتنمية القطاع غير الربحي,,,,,dashboard_bundle_1/الدفعة 3/بيانات الجهات3.xlsx | dashboard_bundle_1/الدفعة 3/المحكم-خالد الزهراني.xlsx | dashboard_bundle_1/الدفعة 3/المستشار-عبدالرحمن موسى.xlsx,dashboard_bundle_1/الدفعة 3/بيانات الجهات3.xlsx | بيانات الجهات!3 || dashboard_bundle_1/الدفعة 3/المحكم-خالد الزهراني.xlsx | جمعية التنمية الأهلية بالشقيق!2 || dashboard_bundle_1/الدفعة 3/المستشار-عبدالرحمن موسى.xlsx | جمعية التنمية الأهلية بالشقيق!2,5ffcfa04b0fa08814e4f5813302d0f41645ac677a8113f02881bf0aaf7ef4de0
LEG-ORG-B3-003,3,جمعية البر ايتاء ببيشة,جمعيهالبرايتاءببيشه,,PRIMARY_ROSTER,عبدالرحمن موسى,خالد الزهراني,,منطقة عسير,,المركز الوطني لتنمية القطاع الغير ربحي,,,,,dashboard_bundle_1/الدفعة 3/بيانات الجهات3.xlsx | dashboard_bundle_1/الدفعة 3/المحكم-خالد الزهراني.xlsx | dashboard_bundle_1/الدفعة 3/المستشار-عبدالرحمن موسى.xlsx,dashboard_bundle_1/الدفعة 3/بيانات الجهات3.xlsx | بيانات الجهات!4 || dashboard_bundle_1/الدفعة 3/المحكم-خالد الزهراني.xlsx | جمعية البر ايتاء ببيشة!2 || dashboard_bundle_1/الدفعة 3/المستشار-عبدالرحمن موسى.xlsx | جمعية البر ايتاء ببيشة!2,4c209e0e5886351c986f2b95f4dcae96131d829939aadf72ab8aa05f66b7d9c4
LEG-ORG-B3-004,3,جمعية التنمية الأهلية بوادي جازان,جمعيهالتنميهالاهليهبواديجازان,جمعية التنمية بوادي جازان,PRIMARY_ROSTER,عبدالرحمن موسى,خالد الزهراني,,منطقة جازان,,المركز الوطني لتنمية القطاع الغير ربحي,,,,,dashboard_bundle_1/الدفعة 3/بيانات الجهات3.xlsx | dashboard_bundle_1/الدفعة 3/المحكم-خالد الزهراني.xlsx | dashboard_bundle_1/الدفعة 3/المستشار-عبدالرحمن موسى.xlsx,dashboard_bundle_1/الدفعة 3/بيانات الجهات3.xlsx | بيانات الجهات!5 || dashboard_bundle_1/الدفعة 3/المحكم-خالد الزهراني.xlsx | جمعية التنمية بوادي جازان!2 || dashboard_bundle_1/الدفعة 3/المستشار-عبدالرحمن موسى.xlsx | جمعية التنمية بوادي جازان!2,dc5bb903f16dcf05c05ac79e713736669d24778f4ee0df82f207c1644bc140f8
LEG-ORG-B3-005,3,جمعية البر الخيرية بمحافظة بني حسن,جمعيهالبرالخيريهبمحافظهبنيحسن,جمعية البر بمحافظة بني حسن,PRIMARY_ROSTER,عبدالرحمن موسى,خالد الزهراني,,منطقة الباحة,,المركز الوطني للقطاع الغير ربحي,,,,,dashboard_bundle_1/الدفعة 3/بيانات الجهات3.xlsx | dashboard_bundle_1/الدفعة 3/المحكم-خالد الزهراني.xlsx | dashboard_bundle_1/الدفعة 3/المستشار-عبدالرحمن موسى.xlsx,dashboard_bundle_1/الدفعة 3/بيانات الجهات3.xlsx | بيانات الجهات!6 || dashboard_bundle_1/الدفعة 3/المحكم-خالد الزهراني.xlsx | جمعية البر بمحافظة بني حسن!2 || dashboard_bundle_1/الدفعة 3/المستشار-عبدالرحمن موسى.xlsx | جمعية البر بمحافظة بني حسن!2,f3d3453a5f843508c32dc3dc5baaec6bcb62c0f53f36a66c625f4616dd7f4ea0
LEG-ORG-B3-006,3,الجمعية الخيرية لتحفيظ القران الكريم بنجران رتل,الجمعيهالخيريهلتحفيظالقرانالكريمبنجرانرتل,جمعية تحفيظ القران بنجران رتل | الجمعية الخيرية بنجران رتل,PRIMARY_ROSTER,عبدالرحمن موسى,خالد الزهراني,,منطقة نجران,,وزارة الشؤون الإسلامية,,,,,dashboard_bundle_1/الدفعة 3/بيانات الجهات3.xlsx | dashboard_bundle_1/الدفعة 3/المحكم-خالد الزهراني.xlsx | dashboard_bundle_1/الدفعة 3/المستشار-عبدالرحمن موسى.xlsx,dashboard_bundle_1/الدفعة 3/بيانات الجهات3.xlsx | بيانات الجهات!7 || dashboard_bundle_1/الدفعة 3/المحكم-خالد الزهراني.xlsx | جمعية تحفيظ القران بنجران رتل!2 || dashboard_bundle_1/الدفعة 3/المستشار-عبدالرحمن موسى.xlsx | الجمعية الخيرية بنجران رتل!2,35d0097e3a17d6d1921c519de22ae5517de2deebb204e3c3a91226730990e775
LEG-ORG-B3-007,3,جمعية التنمية الأهلية بالباحر,جمعيهالتنميهالاهليهبالباحر,,PRIMARY_ROSTER,عبدالرحمن موسى,خالد الزهراني,,منطقة جازان,,المركز الوطني لتنمية القطاع غير الربحي,,,,,dashboard_bundle_1/الدفعة 3/بيانات الجهات3.xlsx | dashboard_bundle_1/الدفعة 3/المحكم-خالد الزهراني.xlsx | dashboard_bundle_1/الدفعة 3/المستشار-عبدالرحمن موسى.xlsx,dashboard_bundle_1/الدفعة 3/بيانات الجهات3.xlsx | بيانات الجهات!8 || dashboard_bundle_1/الدفعة 3/المحكم-خالد الزهراني.xlsx | جمعية التنمية الأهلية بالباحر!2 || dashboard_bundle_1/الدفعة 3/المستشار-عبدالرحمن موسى.xlsx | جمعية التنمية الأهلية بالباحر!2,1bf91a645f96e659d7285e2b85f7e291d71cc89c63d337a7ee859c7a19e9eec3
LEG-ORG-B3-008,3,جمعية الدعوة والارشاد وتوعوية الجاليات بصناعية نجران إشراقة,جمعيهالدعوهوالارشادوتوعويهالجالياتبصناعيهنجراناشراقه,جمعية إشراقة | جمعية نجران إشراقة,PRIMARY_ROSTER,عبدالرحمن موسى,خالد الزهراني,الدعوة,منطقة نجران,,وزارة الموارد البشرية,,,,,dashboard_bundle_1/الدفعة 3/بيانات الجهات3.xlsx | dashboard_bundle_1/الدفعة 3/المحكم-خالد الزهراني.xlsx | dashboard_bundle_1/الدفعة 3/المستشار-عبدالرحمن موسى.xlsx,dashboard_bundle_1/الدفعة 3/بيانات الجهات3.xlsx | بيانات الجهات!9 || dashboard_bundle_1/الدفعة 3/المحكم-خالد الزهراني.xlsx | جمعية إشراقة!2 || dashboard_bundle_1/الدفعة 3/المستشار-عبدالرحمن موسى.xlsx | جمعية نجران إشراقة!2,27ec78f03e3dada74ab944df00a84008e62861c51a67c3fdd3843a27990de546
LEG-ORG-B3-009,3,جمعية نبتون للتاهيل الطبي,جمعيهنبتونللتاهيلالطبي,,PRIMARY_ROSTER,ظافر القرني,أحمد خواجي,الصحة,منطقة جازان,,المركز الوطني لتنمية القطاع الغير ربحي,,,,,dashboard_bundle_1/الدفعة 3/بيانات الجهات3.xlsx | dashboard_bundle_1/الدفعة 3/المحكم-أحمد خواجي.xlsx | dashboard_bundle_1/الدفعة 3/المستشار-ظافر القرني.xlsx,dashboard_bundle_1/الدفعة 3/بيانات الجهات3.xlsx | بيانات الجهات!10 || dashboard_bundle_1/الدفعة 3/المحكم-أحمد خواجي.xlsx | جمعية نبتون للتاهيل الطبي!2 || dashboard_bundle_1/الدفعة 3/المستشار-ظافر القرني.xlsx | جمعية نبتون للتاهيل الطبي!2,db5f498a2fa9b0e74d6cecc0bbdd84cc1a1509059252c9c3cc8c44ddd3645385
LEG-ORG-B3-010,3,اللجنة الوطنية لرعاية السجناء والمفرج عنهم وأسرهم ( بعسير ),اللجنهالوطنيهلرعايهالسجناءوالمفرجعنهمواسرهمبعسير,رعاية السجناء وأسرهم ( بعسير ) | اللجنة الوطنية لرعاية السجناء,PRIMARY_ROSTER,ظافر القرني,أحمد خواجي,,منطقة عسير,,الأمانة العامة للجنة الوطنية لرعاية السجناء والمفرج عنهم وأسرهم ( تراحم ) بالرياض,,,,,dashboard_bundle_1/الدفعة 3/بيانات الجهات3.xlsx | dashboard_bundle_1/الدفعة 3/المحكم-أحمد خواجي.xlsx | dashboard_bundle_1/الدفعة 3/المستشار-ظافر القرني.xlsx,dashboard_bundle_1/الدفعة 3/بيانات الجهات3.xlsx | بيانات الجهات!11 || dashboard_bundle_1/الدفعة 3/المحكم-أحمد خواجي.xlsx | رعاية السجناء وأسرهم ( بعسير )!2 || dashboard_bundle_1/الدفعة 3/المستشار-ظافر القرني.xlsx | اللجنة الوطنية لرعاية السجناء!2,5b49975f8f2601ccdf6d8a539515e63afc205a89b9421c1deb906445e682d46a
LEG-ORG-B3-011,3,جمعية عبق الشبابية,جمعيهعبقالشبابيه,,PRIMARY_ROSTER,ظافر القرني,أحمد خواجي,,منطقة عسير,,المركز الوطني لتنمية القطاع غير الربحي,,,,,dashboard_bundle_1/الدفعة 3/بيانات الجهات3.xlsx | dashboard_bundle_1/الدفعة 3/المحكم-أحمد خواجي.xlsx | dashboard_bundle_1/الدفعة 3/المستشار-ظافر القرني.xlsx,dashboard_bundle_1/الدفعة 3/بيانات الجهات3.xlsx | بيانات الجهات!12 || dashboard_bundle_1/الدفعة 3/المحكم-أحمد خواجي.xlsx | جمعية عبق الشبابية!2 || dashboard_bundle_1/الدفعة 3/المستشار-ظافر القرني.xlsx | جمعية عبق الشبابية!2,f30357b0bf2d2296031c1fef6a5c6a525e160db72860c869e590eb13da868d03
LEG-ORG-B3-012,3,جمعية تحفيظ القرآن الكريم بمحايل عسير ( تَعَاهَد),جمعيهتحفيظالقرانالكريمبمحايلعسيرتعاهد,جمعية محايل عسير ( تَعَاهَد),PRIMARY_ROSTER,ظافر القرني,أحمد خواجي,,منطقة عسير,,وزارة الشؤون الإسلامية,,,,,dashboard_bundle_1/الدفعة 3/بيانات الجهات3.xlsx | dashboard_bundle_1/الدفعة 3/المحكم-أحمد خواجي.xlsx | dashboard_bundle_1/الدفعة 3/المستشار-ظافر القرني.xlsx,dashboard_bundle_1/الدفعة 3/بيانات الجهات3.xlsx | بيانات الجهات!13 || dashboard_bundle_1/الدفعة 3/المحكم-أحمد خواجي.xlsx | جمعية محايل عسير ( تَعَاهَد)!2 || dashboard_bundle_1/الدفعة 3/المستشار-ظافر القرني.xlsx | جمعية محايل عسير ( تَعَاهَد)!2,8cf7b7bb0e9491505acaddfc392c871960de664bb0c98ef3aa9beb4b9f47e7d0
LEG-ORG-B3-013,3,جمعية أفق لتطوير العمل الخيري والتطوعي,جمعيهافقلتطويرالعملالخيريوالتطوعي,جمعية أفق لتطوير العمل الخيري,PRIMARY_ROSTER,ظافر القرني,أحمد خواجي,,منطقة عسير,,المركز الوطني لتنمية القطاع الغير ربحي,,,,,dashboard_bundle_1/الدفعة 3/بيانات الجهات3.xlsx | dashboard_bundle_1/الدفعة 3/المحكم-أحمد خواجي.xlsx | dashboard_bundle_1/الدفعة 3/المستشار-ظافر القرني.xlsx,dashboard_bundle_1/الدفعة 3/بيانات الجهات3.xlsx | بيانات الجهات!14 || dashboard_bundle_1/الدفعة 3/المحكم-أحمد خواجي.xlsx | جمعية أفق لتطوير العمل الخيري!2 || dashboard_bundle_1/الدفعة 3/المستشار-ظافر القرني.xlsx | جمعية أفق لتطوير العمل الخيري!2,f03ade07302cdc24728b067f0ce684112216e65fbe66c30c5795550b32fd6f80
LEG-ORG-B3-014,3,جمعية افاق الشبابية,جمعيهافاقالشبابيه,,PRIMARY_ROSTER,ظافر القرني,أحمد خواجي,,منطقة جازان,,مركز التنمية بمنطقة جازان,,,,,dashboard_bundle_1/الدفعة 3/بيانات الجهات3.xlsx | dashboard_bundle_1/الدفعة 3/المحكم-أحمد خواجي.xlsx | dashboard_bundle_1/الدفعة 3/المستشار-ظافر القرني.xlsx,dashboard_bundle_1/الدفعة 3/بيانات الجهات3.xlsx | بيانات الجهات!15 || dashboard_bundle_1/الدفعة 3/المحكم-أحمد خواجي.xlsx | جمعية افاق الشبابية!2 || dashboard_bundle_1/الدفعة 3/المستشار-ظافر القرني.xlsx | جمعية افاق الشبابية!2,5de5be0fcb922511a3b9179fc9e3f7eeb151b7d0c0d2fc0ded12fe472a1d26fa
LEG-ORG-B3-015,3,جمعية خبرات التعليمة,جمعيهخبراتالتعليمه,,PRIMARY_ROSTER,ظافر القرني,أحمد خواجي,التعليم,منطقة جازان,,وزارة التعليم,,,,,dashboard_bundle_1/الدفعة 3/بيانات الجهات3.xlsx | dashboard_bundle_1/الدفعة 3/المحكم-أحمد خواجي.xlsx | dashboard_bundle_1/الدفعة 3/المستشار-ظافر القرني.xlsx,dashboard_bundle_1/الدفعة 3/بيانات الجهات3.xlsx | بيانات الجهات!16 || dashboard_bundle_1/الدفعة 3/المحكم-أحمد خواجي.xlsx | جمعية خبرات التعليمة!2 || dashboard_bundle_1/الدفعة 3/المستشار-ظافر القرني.xlsx | جمعية خبرات التعليمة!2,564cdf9a7648ea82fb64d9f75c017c26fe6e6a4f27aba21772b1701f45b88521
LEG-ORG-B3-016,3,جمعية مواساة لإكرام الموتى بعسير,جمعيهمواساهلاكرامالموتيبعسير,جمعية مواساة لإكرام الموتى | جمعية مواساة لإكرام الموتى بعسي,PRIMARY_ROSTER,إسراء باقيس,خالد القرني,,منطقة عسير,,البلدية ولإسكان,,,,,dashboard_bundle_1/الدفعة 3/بيانات الجهات3.xlsx | dashboard_bundle_1/الدفعة 3/المحكم-خالد القرني.xlsx | dashboard_bundle_1/الدفعة 3/المستشار-إســراء بـاقيس.xlsx,dashboard_bundle_1/الدفعة 3/بيانات الجهات3.xlsx | بيانات الجهات!17 || dashboard_bundle_1/الدفعة 3/المحكم-خالد القرني.xlsx | جمعية مواساة لإكرام الموتى!2 || dashboard_bundle_1/الدفعة 3/المستشار-إســراء بـاقيس.xlsx | جمعية مواساة لإكرام الموتى بعسي!2,1bb103ceed2d6bc43a6cab4bc702bf8ff9258f8aa17a8bbb474e36348e60d96d
LEG-ORG-B3-017,3,جمعية مرفأ للخدمات الاسرية,جمعيهمرفاللخدماتالاسريه,,PRIMARY_ROSTER,إسراء باقيس,خالد القرني,الاسرة,منطقة جازان,,المركز الوطني للقطاع الغير ربحي,,,,,dashboard_bundle_1/الدفعة 3/بيانات الجهات3.xlsx | dashboard_bundle_1/الدفعة 3/المحكم-خالد القرني.xlsx | dashboard_bundle_1/الدفعة 3/المستشار-إســراء بـاقيس.xlsx,dashboard_bundle_1/الدفعة 3/بيانات الجهات3.xlsx | بيانات الجهات!18 || dashboard_bundle_1/الدفعة 3/المحكم-خالد القرني.xlsx | جمعية مرفأ للخدمات الاسرية!2 || dashboard_bundle_1/الدفعة 3/المستشار-إســراء بـاقيس.xlsx | جمعية مرفأ للخدمات الاسرية!2,221ad47505a14b187b242f05fd06bec0d98940a730fa4fc1ad2e0e136355198d
LEG-ORG-B3-018,3,جمعية الإسكان التنموي بعسير,جمعيهالاسكانالتنمويبعسير,,PRIMARY_ROSTER,إسراء باقيس,خالد القرني,الاسكان,منطقة عسير,,وزارة البلديات والإسكان,,,,,dashboard_bundle_1/الدفعة 3/بيانات الجهات3.xlsx | dashboard_bundle_1/الدفعة 3/المحكم-خالد القرني.xlsx | dashboard_bundle_1/الدفعة 3/المستشار-إســراء بـاقيس.xlsx,dashboard_bundle_1/الدفعة 3/بيانات الجهات3.xlsx | بيانات الجهات!19 || dashboard_bundle_1/الدفعة 3/المحكم-خالد القرني.xlsx | جمعية الإسكان التنموي بعسير!2 || dashboard_bundle_1/الدفعة 3/المستشار-إســراء بـاقيس.xlsx | جمعية الإسكان التنموي بعسير!2,526b3041e879523e1886375304b7425ad1422609b156293b4f4244c1bbb4eeb1
LEG-ORG-B3-019,3,جمعية عمارة للعناية بالمساجد بجازان,جمعيهعمارهللعنايهبالمساجدبجازان,جمعية عمارة للعناية بالمساجد,PRIMARY_ROSTER,إسراء باقيس,خالد القرني,,منطقة جازان,,وزارة الشؤون الإسلامية والدعوة والإرشاد,,,,,dashboard_bundle_1/الدفعة 3/بيانات الجهات3.xlsx | dashboard_bundle_1/الدفعة 3/المحكم-خالد القرني.xlsx | dashboard_bundle_1/الدفعة 3/المستشار-إســراء بـاقيس.xlsx,dashboard_bundle_1/الدفعة 3/بيانات الجهات3.xlsx | بيانات الجهات!20 || dashboard_bundle_1/الدفعة 3/المحكم-خالد القرني.xlsx | جمعية عمارة للعناية بالمساجد!2 || dashboard_bundle_1/الدفعة 3/المستشار-إســراء بـاقيس.xlsx | جمعية عمارة للعناية بالمساجد!2,e38bd5d16b86efb06294681fd93994a3f58bb43538bc78e1c4e86c1de8192623
LEG-ORG-B3-020,3,جمعية التنمية الأهلية بتبوك شيم,جمعيهالتنميهالاهليهبتبوكشيم,,PRIMARY_ROSTER,إسراء باقيس,خالد القرني,,منطقة تبوك,,المركز الوطني لتنمية القطاع غير الربحي,,,,,dashboard_bundle_1/الدفعة 3/بيانات الجهات3.xlsx | dashboard_bundle_1/الدفعة 3/المحكم-خالد القرني.xlsx | dashboard_bundle_1/الدفعة 3/المستشار-إســراء بـاقيس.xlsx,dashboard_bundle_1/الدفعة 3/بيانات الجهات3.xlsx | بيانات الجهات!21 || dashboard_bundle_1/الدفعة 3/المحكم-خالد القرني.xlsx | جمعية التنمية الأهلية بتبوك شيم!2 || dashboard_bundle_1/الدفعة 3/المستشار-إســراء بـاقيس.xlsx | جمعية التنمية الأهلية بتبوك شيم!2,70ce975ead103b722dad31878e642d6ecbbb556b4623001fa069a55a4c185f7a
LEG-ORG-B3-021,3,جمعية التنمية الأهلية برفحاء,جمعيهالتنميهالاهليهبرفحاء,,PRIMARY_ROSTER,إسراء باقيس,خالد القرني,,منطقة الحدود الشمالية,,المركز الوطني لتنمية القطاع غير الربحي,,,,,dashboard_bundle_1/الدفعة 3/بيانات الجهات3.xlsx | dashboard_bundle_1/الدفعة 3/المحكم-خالد القرني.xlsx | dashboard_bundle_1/الدفعة 3/المستشار-إســراء بـاقيس.xlsx,dashboard_bundle_1/الدفعة 3/بيانات الجهات3.xlsx | بيانات الجهات!22 || dashboard_bundle_1/الدفعة 3/المحكم-خالد القرني.xlsx | جمعية التنمية الأهلية برفحاء!2 || dashboard_bundle_1/الدفعة 3/المستشار-إســراء بـاقيس.xlsx | جمعية التنمية الأهلية برفحاء!2,0d694faab7389931999555d00dd1f98b2832ae6d82104e6064331ac049b1db8c
LEG-ORG-B3-022,3,تحفيظ تبوك,تحفيظتبوك,,PRIMARY_ROSTER,إسراء باقيس,خالد القرني,,منطقة تبوك,,الشؤون الاسلامية,,,,,dashboard_bundle_1/الدفعة 3/بيانات الجهات3.xlsx | dashboard_bundle_1/الدفعة 3/المحكم-خالد القرني.xlsx | dashboard_bundle_1/الدفعة 3/المستشار-إســراء بـاقيس.xlsx,dashboard_bundle_1/الدفعة 3/بيانات الجهات3.xlsx | بيانات الجهات!23 || dashboard_bundle_1/الدفعة 3/المحكم-خالد القرني.xlsx | تحفيظ تبوك!2 || dashboard_bundle_1/الدفعة 3/المستشار-إســراء بـاقيس.xlsx | تحفيظ تبوك!2,75778cff20cceefa14f5dbe08bd00eb3436a65ffb9adb8233bdf70cbf990eb3a
LEG-ORG-B3-023,3,جمعية نُبل الشبابية,جمعيهنبلالشبابيه,,PRIMARY_ROSTER,إسراء باقيس,خالد القرني,,منطقة الجوف,,وزارة الموارد البشرية و التنمية الاجتماعية,,,,,dashboard_bundle_1/الدفعة 3/بيانات الجهات3.xlsx | dashboard_bundle_1/الدفعة 3/المحكم-خالد القرني.xlsx | dashboard_bundle_1/الدفعة 3/المستشار-إســراء بـاقيس.xlsx,dashboard_bundle_1/الدفعة 3/بيانات الجهات3.xlsx | بيانات الجهات!24 || dashboard_bundle_1/الدفعة 3/المحكم-خالد القرني.xlsx | جمعية نُبل الشبابية!2 || dashboard_bundle_1/الدفعة 3/المستشار-إســراء بـاقيس.xlsx | جمعية نُبل الشبابية!2,3089fe87f3533ac6f5dbb157182f2ade5ab627e995ae00342389a62a58d3df92
LEG-ORG-B3-024,3,جمعية عطاء الاهلية بجدة,جمعيهعطاءالاهليهبجده,,PRIMARY_ROSTER,عزيز التوخي,,,منطقة مكة المكرمة,,وزارة الموارد البشرية والتنمية الاجتماعية,,,,,dashboard_bundle_1/الدفعة 3/بيانات الجهات3.xlsx | dashboard_bundle_1/الدفعة 3/المستشار-عزيـز التوخـي.xlsx,dashboard_bundle_1/الدفعة 3/بيانات الجهات3.xlsx | بيانات الجهات!25 || dashboard_bundle_1/الدفعة 3/المستشار-عزيـز التوخـي.xlsx | جمعية عطاء الاهلية بجدة!2,590187fb9d531f6c0165edd82c45646e581f7b2711ce52b6ea1dffca1a446a26
LEG-ORG-B3-025,3,جمعية نماء المكية للسقاية والرفادة,جمعيهنماءالمكيهللسقايهوالرفاده,جمعية نماء المكية للسقاية والرف,PRIMARY_ROSTER,عزيز التوخي,,,منطقة مكة المكرمة,,إداريا وماليا (المركز الوطني لتنمية القطاع غير الربحي ) فنيا (وزارة البيئة والمياة والزراعة),,,,,dashboard_bundle_1/الدفعة 3/بيانات الجهات3.xlsx | dashboard_bundle_1/الدفعة 3/المستشار-عزيـز التوخـي.xlsx,dashboard_bundle_1/الدفعة 3/بيانات الجهات3.xlsx | بيانات الجهات!26 || dashboard_bundle_1/الدفعة 3/المستشار-عزيـز التوخـي.xlsx | جمعية نماء المكية للسقاية والرف!2,487a7799985193262141783caa00becf2b15dbe939d68556ffbe682cb4802fae
LEG-ORG-B3-026,3,جمعية حفظ النعمة,جمعيهحفظالنعمه,,PRIMARY_ROSTER,عزيز التوخي,,,منطقة المدينة المنورة,,وزراء الزراعة,,,,,dashboard_bundle_1/الدفعة 3/بيانات الجهات3.xlsx | dashboard_bundle_1/الدفعة 3/المستشار-عزيـز التوخـي.xlsx,dashboard_bundle_1/الدفعة 3/بيانات الجهات3.xlsx | بيانات الجهات!27 || dashboard_bundle_1/الدفعة 3/المستشار-عزيـز التوخـي.xlsx | جمعية حفظ النعمة!2,8c12c1b67ae53dbbf7e33749080b7500486d8c27ee7d0cc865a501c7f35f065f
LEG-ORG-B3-027,3,جمعية التنمية الإيجابية,جمعيهالتنميهالايجابيه,,PRIMARY_ROSTER,عزيز التوخي,,خدمة مجتمعية,منطقة مكة المكرمة,,المركز الوطني لتنمية القطاع الغير الربحي,,,,,dashboard_bundle_1/الدفعة 3/بيانات الجهات3.xlsx | dashboard_bundle_1/الدفعة 3/المستشار-عزيـز التوخـي.xlsx,dashboard_bundle_1/الدفعة 3/بيانات الجهات3.xlsx | بيانات الجهات!28 || dashboard_bundle_1/الدفعة 3/المستشار-عزيـز التوخـي.xlsx | جمعية التنمية الإيجابية!2,0ff3ea6ecc6e28cdc554583f28b984a3b0a25adf63b4e46a83027894c85c7cb6
LEG-ORG-B3-028,3,جمعية البر لقرى جنوب مكة,جمعيهالبرلقريجنوبمكه,,PRIMARY_ROSTER,عزيز التوخي,,خدمة مجتمعية,منطقة مكة المكرمة,,المركز الوطني لتنمية القطاع الغير ربحي,,,,,dashboard_bundle_1/الدفعة 3/بيانات الجهات3.xlsx | dashboard_bundle_1/الدفعة 3/المستشار-عزيـز التوخـي.xlsx,dashboard_bundle_1/الدفعة 3/بيانات الجهات3.xlsx | بيانات الجهات!29 || dashboard_bundle_1/الدفعة 3/المستشار-عزيـز التوخـي.xlsx | جمعية البر لقرى جنوب مكة!2,377b68dd73c9a68f20e8c98a8c9755fc375710089b5699a6e8137a05521ec44b
LEG-ORG-B3-029,3,جمعية خبير للمختبرات الطبية,جمعيهخبيرللمختبراتالطبيه,,PRIMARY_ROSTER,عزيز التوخي,,الصحة,منطقة مكة المكرمة,,وزارة الصحة,,,,,dashboard_bundle_1/الدفعة 3/بيانات الجهات3.xlsx | dashboard_bundle_1/الدفعة 3/المستشار-عزيـز التوخـي.xlsx,dashboard_bundle_1/الدفعة 3/بيانات الجهات3.xlsx | بيانات الجهات!30 || dashboard_bundle_1/الدفعة 3/المستشار-عزيـز التوخـي.xlsx | جمعية خبير للمختبرات الطبية!2,2fb91e72a90cf24c7925bc9d6d85ddca7a837a8cc33090006c7d22a8a94e3cf7
LEG-ORG-B4-001,4,ديوان وزارة الداخلية,ديوانوزارهالداخليه,,PRIMARY_ROSTER,سعيد الغامدي,,,منطقة الرياض,,,,,,,dashboard_bundle_1/الدفعة 4/بيانات الجهات4.xlsx | dashboard_bundle_1/الدفعة 4/المستشار-سعيد الغامدي.xlsx,dashboard_bundle_1/الدفعة 4/بيانات الجهات4.xlsx | 4بيانات الجهات!2 || dashboard_bundle_1/الدفعة 4/المستشار-سعيد الغامدي.xlsx | ديوان وزارة الداخلية!2,9c03742c1563ba26dca9c04b352b5105ae4c2acf255145501d6a0e6e3bc0970b
LEG-ORG-B4-002,4,جمعية الخدمات الاجتماعية بنمران,جمعيهالخدماتالاجتماعيهبنمران,,PRIMARY_ROSTER,سعيد الغامدي,,خدمة مجتمعية,منطقة مكة المكرمة,,المركز الوطني لتنمية القطاع غير الربحي,,,,,dashboard_bundle_1/الدفعة 4/بيانات الجهات4.xlsx | dashboard_bundle_1/الدفعة 4/المستشار-سعيد الغامدي.xlsx,dashboard_bundle_1/الدفعة 4/بيانات الجهات4.xlsx | 4بيانات الجهات!3 || dashboard_bundle_1/الدفعة 4/المستشار-سعيد الغامدي.xlsx | جمعية الخدمات الاجتماعية بنمران!2,5d2c3d48453c29a97bf1567d0d8c95d500d9002021c3a0033f95a5fd5e3ce61f
LEG-ORG-B4-003,4,جمعية وسم للتصلب المتعدد,جمعيهوسمللتصلبالمتعدد,,PRIMARY_ROSTER,سعيد الغامدي,,الصحة,منطقة مكة المكرمة,,وزارة الصحه,,,,,dashboard_bundle_1/الدفعة 4/بيانات الجهات4.xlsx | dashboard_bundle_1/الدفعة 4/المستشار-سعيد الغامدي.xlsx,dashboard_bundle_1/الدفعة 4/بيانات الجهات4.xlsx | 4بيانات الجهات!4 || dashboard_bundle_1/الدفعة 4/المستشار-سعيد الغامدي.xlsx | جمعية وسم للتصلب المتعدد!2,c8bc056d20b57e117f59ff8c0695655fe92ce25d1fe26dafc5982e12887fde72
LEG-ORG-B4-004,4,جمعية التنمية الأهلية بأحد المسارحة,جمعيهالتنميهالاهليهباحدالمسارحه,جمعية التنمية الأهلية بأحد المس,PRIMARY_ROSTER,سعيد الغامدي,,,منطقة جازان,,المركز الوطني,,,,,dashboard_bundle_1/الدفعة 4/بيانات الجهات4.xlsx | dashboard_bundle_1/الدفعة 4/المستشار-سعيد الغامدي.xlsx,dashboard_bundle_1/الدفعة 4/بيانات الجهات4.xlsx | 4بيانات الجهات!5 || dashboard_bundle_1/الدفعة 4/المستشار-سعيد الغامدي.xlsx | جمعية التنمية الأهلية بأحد المس!2,9208c4f29376d74a4a788744ef59b452caedfcb771d730b7571925b3f1ddd963
LEG-ORG-B4-005,4,جمعية ترميم للتنمية,جمعيهترميمللتنميه,,PRIMARY_ROSTER,سعيد الغامدي,,الإسكان,منطقة مكة المكرمة,,وزارة الإسكان,,,,,dashboard_bundle_1/الدفعة 4/بيانات الجهات4.xlsx | dashboard_bundle_1/الدفعة 4/المستشار-سعيد الغامدي.xlsx,dashboard_bundle_1/الدفعة 4/بيانات الجهات4.xlsx | 4بيانات الجهات!6 || dashboard_bundle_1/الدفعة 4/المستشار-سعيد الغامدي.xlsx | جمعية ترميم للتنمية!2,244aa952a70e2aafc4a29f1b389ed933f594853a996d0f2bd80342e1c23bb009
LEG-ORG-B4-006,4,جمعية جمان التعليمية,جمعيهجمانالتعليميه,,PRIMARY_ROSTER,سعيد الغامدي,,التعليم,منطقة الرياض,,وزاره التعليم,,,,,dashboard_bundle_1/الدفعة 4/بيانات الجهات4.xlsx | dashboard_bundle_1/الدفعة 4/المستشار-سعيد الغامدي.xlsx,dashboard_bundle_1/الدفعة 4/بيانات الجهات4.xlsx | 4بيانات الجهات!7 || dashboard_bundle_1/الدفعة 4/المستشار-سعيد الغامدي.xlsx | جمعية جمان التعليمية!2,b32cc14d04575507429c7d67b8f8f4eb0d27b59251fe871e345eacc9c2751477
LEG-ORG-B4-007,4,جمعية أصول للمحتوى الدعوي,جمعيهاصولللمحتويالدعوي,,PRIMARY_ROSTER,سعيد الغامدي,,,منطقة الرياض,,المركز الوطني لتنمية القطاع غير الربحي,,,,,dashboard_bundle_1/الدفعة 4/بيانات الجهات4.xlsx | dashboard_bundle_1/الدفعة 4/المستشار-سعيد الغامدي.xlsx,dashboard_bundle_1/الدفعة 4/بيانات الجهات4.xlsx | 4بيانات الجهات!8 || dashboard_bundle_1/الدفعة 4/المستشار-سعيد الغامدي.xlsx | جمعية أصول للمحتوى الدعوي!2,66089708b3f5873596d117acaa365348a5d0cf8dce0f2f8e8754af4520ea918a
LEG-ORG-B4-008,4,هيئة تطويرمنطقة المدينة المنورة,هييهتطويرمنطقهالمدينهالمنوره,,PRIMARY_ROSTER,فهد ظافر,بندر الحارثي,,منطقة المدينة المنورة,,,,,,,dashboard_bundle_1/الدفعة 4/بيانات الجهات4.xlsx | dashboard_bundle_1/الدفعة 4/المحكم-بندر الحارثي.xlsx | dashboard_bundle_1/الدفعة 4/المستشار-فهد ظافر.xlsx,dashboard_bundle_1/الدفعة 4/بيانات الجهات4.xlsx | 4بيانات الجهات!9 || dashboard_bundle_1/الدفعة 4/المحكم-بندر الحارثي.xlsx | هيئة تطويرمنطقة المدينة المنورة!2 || dashboard_bundle_1/الدفعة 4/المستشار-فهد ظافر.xlsx | هيئة تطويرمنطقة المدينة المنورة!2,b5fe44809e5b9036526061f331b2b19533784c2025b7ded76d06eaf6b67666fe
LEG-ORG-B4-009,4,جمعية مجلس حي اجيال الاجتماعي,جمعيهمجلسحياجيالالاجتماعي,,PRIMARY_ROSTER,فهد ظافر,بندر الحارثي,خدمة مجتمعية,منطقة الشرقية,,وزارة البلديات والإسكان,,,,,dashboard_bundle_1/الدفعة 4/بيانات الجهات4.xlsx | dashboard_bundle_1/الدفعة 4/المحكم-بندر الحارثي.xlsx | dashboard_bundle_1/الدفعة 4/المستشار-فهد ظافر.xlsx,dashboard_bundle_1/الدفعة 4/بيانات الجهات4.xlsx | 4بيانات الجهات!10 || dashboard_bundle_1/الدفعة 4/المحكم-بندر الحارثي.xlsx | جمعية مجلس حي اجيال الاجتماعي!2 || dashboard_bundle_1/الدفعة 4/المستشار-فهد ظافر.xlsx | جمعية مجلس حي اجيال الاجتماعي!2,5afc031d22b83fe5472cce3ae130ac195a2e99d680e4bbd975772bfb94024ab5
LEG-ORG-B4-010,4,جمعية سقيا الخيرية,جمعيهسقياالخيريه,,PRIMARY_ROSTER,فهد ظافر,بندر الحارثي,,منطقة المدينة المنورة,,وزارة البيئة والمياه والزراعة,,,,,dashboard_bundle_1/الدفعة 4/بيانات الجهات4.xlsx | dashboard_bundle_1/الدفعة 4/المحكم-بندر الحارثي.xlsx | dashboard_bundle_1/الدفعة 4/المستشار-فهد ظافر.xlsx,dashboard_bundle_1/الدفعة 4/بيانات الجهات4.xlsx | 4بيانات الجهات!11 || dashboard_bundle_1/الدفعة 4/المحكم-بندر الحارثي.xlsx | جمعية سقيا الخيرية!2 || dashboard_bundle_1/الدفعة 4/المستشار-فهد ظافر.xlsx | جمعية سقيا الخيرية!2,600422f5511e3163747b83e3228a74aafe510fc990d0881e3a46213bf460994c
LEG-ORG-B4-011,4,جمعية التنمية الأهلية ببداء,جمعيهالتنميهالاهليهببداء,,PRIMARY_ROSTER,فهد ظافر,بندر الحارثي,,منطقة تبوك,,المركز الوطني لتنمية القطاع غير الربحي,,,,,dashboard_bundle_1/الدفعة 4/بيانات الجهات4.xlsx | dashboard_bundle_1/الدفعة 4/المحكم-بندر الحارثي.xlsx | dashboard_bundle_1/الدفعة 4/المستشار-فهد ظافر.xlsx,dashboard_bundle_1/الدفعة 4/بيانات الجهات4.xlsx | 4بيانات الجهات!12 || dashboard_bundle_1/الدفعة 4/المحكم-بندر الحارثي.xlsx | جمعية التنمية الأهلية ببداء!2 || dashboard_bundle_1/الدفعة 4/المستشار-فهد ظافر.xlsx | جمعية التنمية الأهلية ببداء!2,e82beedf32b9af59cda30f40bb1001a0343a1867ac36d985824c5f2584002654
LEG-ORG-B4-012,4,جمعية البر الخيرية بمركز حقال,جمعيهالبرالخيريهبمركزحقال,,PRIMARY_ROSTER,فهد ظافر,بندر الحارثي,,منطقة مكة المكرمة,,وزارة الموارد البشرية و التنمية الاجتماعية,,,,,dashboard_bundle_1/الدفعة 4/بيانات الجهات4.xlsx | dashboard_bundle_1/الدفعة 4/المحكم-بندر الحارثي.xlsx | dashboard_bundle_1/الدفعة 4/المستشار-فهد ظافر.xlsx,dashboard_bundle_1/الدفعة 4/بيانات الجهات4.xlsx | 4بيانات الجهات!13 || dashboard_bundle_1/الدفعة 4/المحكم-بندر الحارثي.xlsx | جمعية البر الخيرية بمركز حقال!2 || dashboard_bundle_1/الدفعة 4/المستشار-فهد ظافر.xlsx | جمعية البر الخيرية بمركز حقال!2,fc4c8c0729d5b9214091dcc73c97aa14d019f177666896924de8d92395ce6b08
LEG-ORG-B4-013,4,جمعية حرف التعليمية,جمعيهحرفالتعليميه,,PRIMARY_ROSTER,فهد ظافر,بندر الحارثي,التعليم,منطقة جازان,,وزارة التعليم,,,,,dashboard_bundle_1/الدفعة 4/بيانات الجهات4.xlsx | dashboard_bundle_1/الدفعة 4/المحكم-بندر الحارثي.xlsx | dashboard_bundle_1/الدفعة 4/المستشار-فهد ظافر.xlsx,dashboard_bundle_1/الدفعة 4/بيانات الجهات4.xlsx | 4بيانات الجهات!14 || dashboard_bundle_1/الدفعة 4/المحكم-بندر الحارثي.xlsx | جمعية حرف التعليمية!2 || dashboard_bundle_1/الدفعة 4/المستشار-فهد ظافر.xlsx | جمعية حرف التعليمية!2,8068b200cd3761089713dd4b53a3b24653813d35bf93dd47f2eb462041d41ddd
LEG-ORG-B4-014,4,هيئة تطوير محمية الإمام عبدالعزيز بن محمد الملكية,هييهتطويرمحميهالامامعبدالعزيزبنمحمدالملكيه,هيئة تطوير محمية الإمام | هيئة تطوير محمية الإمام عبدالعز,PRIMARY_ROSTER,فهد ظافر,بندر الحارثي,,منطقة الرياض,,,,,,,dashboard_bundle_1/الدفعة 4/بيانات الجهات4.xlsx | dashboard_bundle_1/الدفعة 4/المحكم-بندر الحارثي.xlsx | dashboard_bundle_1/الدفعة 4/المستشار-فهد ظافر.xlsx,dashboard_bundle_1/الدفعة 4/بيانات الجهات4.xlsx | 4بيانات الجهات!15 || dashboard_bundle_1/الدفعة 4/المحكم-بندر الحارثي.xlsx | هيئة تطوير محمية الإمام!2 || dashboard_bundle_1/الدفعة 4/المستشار-فهد ظافر.xlsx | هيئة تطوير محمية الإمام عبدالعز!2,69eca9c04435bf28d6fa46cd96920475ca21c52370345f8b599de99e0ffaaf99
LEG-ORG-B4-015,4,التأمينات الاجتماعية,التاميناتالاجتماعيه,,PRIMARY_ROSTER,محمد الحليبي,محمد العبدالجبار,,منطقة الرياض,,,,,,,dashboard_bundle_1/الدفعة 4/بيانات الجهات4.xlsx | dashboard_bundle_1/الدفعة 4/المحكم-محمد العبدالجبار.xlsx | dashboard_bundle_1/الدفعة 4/المستشار-محمد الحليبي.xlsx,dashboard_bundle_1/الدفعة 4/بيانات الجهات4.xlsx | 4بيانات الجهات!16 || dashboard_bundle_1/الدفعة 4/المحكم-محمد العبدالجبار.xlsx | التأمينات الاجتماعية!2 || dashboard_bundle_1/الدفعة 4/المستشار-محمد الحليبي.xlsx | التأمينات الاجتماعية!2,9c5af77a37a7d1d6325c863ec52b42771aad281aaa54bf208790afcd8ceb16d4
LEG-ORG-B4-016,4,جمعية مسكن للإسكان التنموي,جمعيهمسكنللاسكانالتنموي,,PRIMARY_ROSTER,محمد الحليبي,محمد العبدالجبار,الإسكان,منطقة جازان,,وزارة البلديات والاسكان,,,,,dashboard_bundle_1/الدفعة 4/بيانات الجهات4.xlsx | dashboard_bundle_1/الدفعة 4/المحكم-محمد العبدالجبار.xlsx | dashboard_bundle_1/الدفعة 4/المستشار-محمد الحليبي.xlsx,dashboard_bundle_1/الدفعة 4/بيانات الجهات4.xlsx | 4بيانات الجهات!17 || dashboard_bundle_1/الدفعة 4/المحكم-محمد العبدالجبار.xlsx | جمعية مسكن للإسكان التنموي!2 || dashboard_bundle_1/الدفعة 4/المستشار-محمد الحليبي.xlsx | جمعية مسكن للإسكان التنموي!2,4b96a369d3a7b22248f0173d2760ab9bd51023845aaca4b100c871b1d308fc28
LEG-ORG-B4-017,4,جمعية ميراث العلمية,جمعيهميراثالعلميه,,PRIMARY_ROSTER,محمد الحليبي,محمد العبدالجبار,التعليم,منطقة مكة المكرمة,,وزارة التعليم,,,,,dashboard_bundle_1/الدفعة 4/بيانات الجهات4.xlsx | dashboard_bundle_1/الدفعة 4/المحكم-محمد العبدالجبار.xlsx | dashboard_bundle_1/الدفعة 4/المستشار-محمد الحليبي.xlsx,dashboard_bundle_1/الدفعة 4/بيانات الجهات4.xlsx | 4بيانات الجهات!18 || dashboard_bundle_1/الدفعة 4/المحكم-محمد العبدالجبار.xlsx | جمعية ميراث العلمية!2 || dashboard_bundle_1/الدفعة 4/المستشار-محمد الحليبي.xlsx | جمعية ميراث العلمية!2,317b2c2c4e91462b1b7e52b9b2a2f0fc82989ea4b35e88a9b0cc0d88adf796d4
LEG-ORG-B4-018,4,جمعية البر الخيرية بالقنفذة,جمعيهالبرالخيريهبالقنفذه,,PRIMARY_ROSTER,محمد الحليبي,محمد العبدالجبار,خدمة مجتمعية,منطقة مكة المكرمة,,المركز الوطني لتنمية القطاع غير الربحي,,,,,dashboard_bundle_1/الدفعة 4/بيانات الجهات4.xlsx | dashboard_bundle_1/الدفعة 4/المحكم-محمد العبدالجبار.xlsx | dashboard_bundle_1/الدفعة 4/المستشار-محمد الحليبي.xlsx,dashboard_bundle_1/الدفعة 4/بيانات الجهات4.xlsx | 4بيانات الجهات!19 || dashboard_bundle_1/الدفعة 4/المحكم-محمد العبدالجبار.xlsx | جمعية البر الخيرية بالقنفذة!2 || dashboard_bundle_1/الدفعة 4/المستشار-محمد الحليبي.xlsx | جمعية البر الخيرية بالقنفذة!2,f7485228ac472d2d8e50982460e43a1f6f6ee58072c49764f576f7124960d843
LEG-ORG-B4-019,4,جمعية رواء للتنمية الأسرية,جمعيهرواءللتنميهالاسريه,,PRIMARY_ROSTER,محمد الحليبي,محمد العبدالجبار,,منطقة مكة المكرمة,,وزارة الموارد البشرية والتنمية الإجتماعية,,,,,dashboard_bundle_1/الدفعة 4/بيانات الجهات4.xlsx | dashboard_bundle_1/الدفعة 4/المحكم-محمد العبدالجبار.xlsx | dashboard_bundle_1/الدفعة 4/المستشار-محمد الحليبي.xlsx,dashboard_bundle_1/الدفعة 4/بيانات الجهات4.xlsx | 4بيانات الجهات!20 || dashboard_bundle_1/الدفعة 4/المحكم-محمد العبدالجبار.xlsx | جمعية رواء للتنمية الأسرية!2 || dashboard_bundle_1/الدفعة 4/المستشار-محمد الحليبي.xlsx | جمعية رواء للتنمية الأسرية!2,78c8eae70881bf427dc61e94a29658a37e04f4ce86e488e262690ce92f55ec8b
LEG-ORG-B4-020,4,جمعية مسارات الشبابية,جمعيهمساراتالشبابيه,,PRIMARY_ROSTER,محمد الحليبي,محمد العبدالجبار,,منطقة مكة المكرمة,,المركز الوطني لتنمية القطاغ غير الربحي,,,,,dashboard_bundle_1/الدفعة 4/بيانات الجهات4.xlsx | dashboard_bundle_1/الدفعة 4/المحكم-محمد العبدالجبار.xlsx | dashboard_bundle_1/الدفعة 4/المستشار-محمد الحليبي.xlsx,dashboard_bundle_1/الدفعة 4/بيانات الجهات4.xlsx | 4بيانات الجهات!21 || dashboard_bundle_1/الدفعة 4/المحكم-محمد العبدالجبار.xlsx | جمعية مسارات الشبابية!2 || dashboard_bundle_1/الدفعة 4/المستشار-محمد الحليبي.xlsx | جمعية مسارات الشبابية!2,0f09dbff82f94e71b894e931381cfa2d60c7079412768079c8ddee3a06c05742
LEG-ORG-B4-021,4,أمانة المنطقة الشرقية,امانهالمنطقهالشرقيه,,PRIMARY_ROSTER,محمد الحليبي,محمد العبدالجبار,,منطقة الشرقية,,,,,,,dashboard_bundle_1/الدفعة 4/بيانات الجهات4.xlsx | dashboard_bundle_1/الدفعة 4/المحكم-محمد العبدالجبار.xlsx | dashboard_bundle_1/الدفعة 4/المستشار-محمد الحليبي.xlsx,dashboard_bundle_1/الدفعة 4/بيانات الجهات4.xlsx | 4بيانات الجهات!22 || dashboard_bundle_1/الدفعة 4/المحكم-محمد العبدالجبار.xlsx | أمانة المنطقة الشرقية!2 || dashboard_bundle_1/الدفعة 4/المستشار-محمد الحليبي.xlsx | أمانة المنطقة الشرقية!2,cf52731176457638d78c930f2ab44cb20a0ce8c1c896db50cc20dc22720bd661
LEG-ORG-B4-022,4,جمعية أطفال طيبة,جمعيهاطفالطيبه,,PRIMARY_ROSTER,نجود السيد,بتول الرويلي,,منطقة المدينة المنورة,,وزارة الموارد البشرية والتنمية الاجتماعية,,,,,dashboard_bundle_1/الدفعة 4/بيانات الجهات4.xlsx | dashboard_bundle_1/الدفعة 4/المحكم-بتول الرويلي.xlsx | dashboard_bundle_1/الدفعة 4/المستشار-نجود السيد.xlsx,dashboard_bundle_1/الدفعة 4/بيانات الجهات4.xlsx | 4بيانات الجهات!23 || dashboard_bundle_1/الدفعة 4/المحكم-بتول الرويلي.xlsx | جمعية أطفال طيبة!2 || dashboard_bundle_1/الدفعة 4/المستشار-نجود السيد.xlsx | جمعية أطفال طيبة!2,59ec3705b946da6e0ce939a189b36947080137a5d8468d3c42d76df04e330d98
LEG-ORG-B4-023,4,مؤسسة الاميرة العنود,موسسهالاميرهالعنود,,PRIMARY_ROSTER,نجود السيد,بتول الرويلي,,منطقة الرياض,,لا توجد جهة اشرافية,,,,,dashboard_bundle_1/الدفعة 4/بيانات الجهات4.xlsx | dashboard_bundle_1/الدفعة 4/المحكم-بتول الرويلي.xlsx | dashboard_bundle_1/الدفعة 4/المستشار-نجود السيد.xlsx,dashboard_bundle_1/الدفعة 4/بيانات الجهات4.xlsx | 4بيانات الجهات!24 || dashboard_bundle_1/الدفعة 4/المحكم-بتول الرويلي.xlsx | مؤسسة الاميرة العنود!2 || dashboard_bundle_1/الدفعة 4/المستشار-نجود السيد.xlsx | مؤسسة الاميرة العنود!2,9a41123f7a0957bd9b92d7a81593fd65b57d9d84dce6a15ba27a7ba45c849d07
LEG-ORG-B4-024,4,جمعية ابتسم لخدمات طب الأسنان التطوعية,جمعيهابتسملخدماتطبالاسنانالتطوعيه,جمعية ابتسم لخدمات طب الأسنان,PRIMARY_ROSTER,نجود السيد,بتول الرويلي,الصحة,منطقة مكة المكرمة,,وزارة الصحة,,,,,dashboard_bundle_1/الدفعة 4/بيانات الجهات4.xlsx | dashboard_bundle_1/الدفعة 4/المحكم-بتول الرويلي.xlsx | dashboard_bundle_1/الدفعة 4/المستشار-نجود السيد.xlsx,dashboard_bundle_1/الدفعة 4/بيانات الجهات4.xlsx | 4بيانات الجهات!25 || dashboard_bundle_1/الدفعة 4/المحكم-بتول الرويلي.xlsx | جمعية ابتسم لخدمات طب الأسنان!2 || dashboard_bundle_1/الدفعة 4/المستشار-نجود السيد.xlsx | جمعية ابتسم لخدمات طب الأسنان!2,2fb0a2feeae97ce2ee105262a459a1cd73478fff1eb3df644c3fd4259afc03d2
LEG-ORG-B4-025,4,جمعية اقرأ التعليمية,جمعيهاقراالتعليميه,,PRIMARY_ROSTER,نجود السيد,بتول الرويلي,التعليم,منطقة الرياض,,وزارة التعليم,,,,,dashboard_bundle_1/الدفعة 4/بيانات الجهات4.xlsx | dashboard_bundle_1/الدفعة 4/المحكم-بتول الرويلي.xlsx | dashboard_bundle_1/الدفعة 4/المستشار-نجود السيد.xlsx,dashboard_bundle_1/الدفعة 4/بيانات الجهات4.xlsx | 4بيانات الجهات!26 || dashboard_bundle_1/الدفعة 4/المحكم-بتول الرويلي.xlsx | جمعية اقرأ التعليمية!2 || dashboard_bundle_1/الدفعة 4/المستشار-نجود السيد.xlsx | جمعية اقرأ التعليمية!2,3cf700b045a91d14ec4de77b0965be1da70af430089db62ca4b0bd24d6d57424
LEG-ORG-B4-026,4,جمعية ساعد القانونية لخدمة الأرامل والايتام,جمعيهساعدالقانونيهلخدمهالاراملوالايتام,جمعية ساعد القانونية | جمعية ساعد القانونية لخدمة,PRIMARY_ROSTER,نجود السيد,بتول الرويلي,خدمة مجتمعية,منطقة الرياض,,المركز الوطني لتنمية القطاع غير الربحي / وزارة العدل,,,,,dashboard_bundle_1/الدفعة 4/بيانات الجهات4.xlsx | dashboard_bundle_1/الدفعة 4/المحكم-بتول الرويلي.xlsx | dashboard_bundle_1/الدفعة 4/المستشار-نجود السيد.xlsx,dashboard_bundle_1/الدفعة 4/بيانات الجهات4.xlsx | 4بيانات الجهات!27 || dashboard_bundle_1/الدفعة 4/المحكم-بتول الرويلي.xlsx | جمعية ساعد القانونية!2 || dashboard_bundle_1/الدفعة 4/المستشار-نجود السيد.xlsx | جمعية ساعد القانونية لخدمة!2,6cfe8df099320e20bc43ccaf6852c74ca629a40849eeda2e3f52788d0f30342b
LEG-ORG-B4-027,4,جمعية المشي والجري,جمعيهالمشيوالجري,,PRIMARY_ROSTER,نجود السيد,بتول الرويلي,الرياضة,منطقة الشرقية,,وزارة الرياضة,,,,,dashboard_bundle_1/الدفعة 4/بيانات الجهات4.xlsx | dashboard_bundle_1/الدفعة 4/المحكم-بتول الرويلي.xlsx | dashboard_bundle_1/الدفعة 4/المستشار-نجود السيد.xlsx,dashboard_bundle_1/الدفعة 4/بيانات الجهات4.xlsx | 4بيانات الجهات!28 || dashboard_bundle_1/الدفعة 4/المحكم-بتول الرويلي.xlsx | جمعية المشي والجري!2 || dashboard_bundle_1/الدفعة 4/المستشار-نجود السيد.xlsx | جمعية المشي والجري!2,4786be54b588d537604d2e0eb19db8d93705c20a2568a3f1fb4ed75983f42860
LEG-ORG-B4-028,4,وزارة النقل والخدمات اللوجستية,وزارهالنقلوالخدماتاللوجستيه,,PRIMARY_ROSTER,وديع الحربي,,,منطقة الرياض,,,,,,,dashboard_bundle_1/الدفعة 4/بيانات الجهات4.xlsx | dashboard_bundle_1/الدفعة 4/المستشار-وديــع الحربي.xlsx,dashboard_bundle_1/الدفعة 4/بيانات الجهات4.xlsx | 4بيانات الجهات!29 || dashboard_bundle_1/الدفعة 4/المستشار-وديــع الحربي.xlsx | وزارة النقل والخدمات اللوجستية!2,b45c4062ace1ae64a16caf575edc38dd46939bc023012d297528309805d05855
LEG-ORG-B4-029,4,جمعية صدارة,جمعيهصداره,,PRIMARY_ROSTER,وديع الحربي,,,منطقة الرياض,,وزارة الموارد البشرية والتنمية الاجتماعية,,,,,dashboard_bundle_1/الدفعة 4/بيانات الجهات4.xlsx | dashboard_bundle_1/الدفعة 4/المستشار-وديــع الحربي.xlsx,dashboard_bundle_1/الدفعة 4/بيانات الجهات4.xlsx | 4بيانات الجهات!30 || dashboard_bundle_1/الدفعة 4/المستشار-وديــع الحربي.xlsx | جمعية صدارة!2,770849010837b5562894eb80a4f69d2cf0ba0adbc4b8c41b3b1bc7381dc25bfc
LEG-ORG-B4-030,4,جمعية كفاءات الأهلية لبناء قدرات الشباب,جمعيهكفاءاتالاهليهلبناءقدراتالشباب,جمعية كفاءات الأهلية,PRIMARY_ROSTER,وديع الحربي,,,منطقة القصيم,,المركز الوطني لتنمية القطاع غير الربحي,,,,,dashboard_bundle_1/الدفعة 4/بيانات الجهات4.xlsx | dashboard_bundle_1/الدفعة 4/المستشار-وديــع الحربي.xlsx,dashboard_bundle_1/الدفعة 4/بيانات الجهات4.xlsx | 4بيانات الجهات!31 || dashboard_bundle_1/الدفعة 4/المستشار-وديــع الحربي.xlsx | جمعية كفاءات الأهلية!2,62a6d834fd3a01fded27809e0fbde7068516fbcd0672bba48f6f4bf717b6335f
LEG-ORG-B4-031,4,جمعية بلسم الاهلية لمساندة مرضى السرطان,جمعيهبلسمالاهليهلمساندهمرضيالسرطان,جمعية بلسم الاهلية,PRIMARY_ROSTER,وديع الحربي,,الصحة,منطقة القصيم,,وزارة الصحة,,,,,dashboard_bundle_1/الدفعة 4/بيانات الجهات4.xlsx | dashboard_bundle_1/الدفعة 4/المستشار-وديــع الحربي.xlsx,dashboard_bundle_1/الدفعة 4/بيانات الجهات4.xlsx | 4بيانات الجهات!32 || dashboard_bundle_1/الدفعة 4/المستشار-وديــع الحربي.xlsx | جمعية بلسم الاهلية!2,a4386a2edfe304ae3c595e08947c34ad821a2275281ea434a29e2bb1937290ee
LEG-ORG-B4-032,4,جمعية مُعان الاهلية بمكة,جمعيهمعانالاهليهبمكه,,PRIMARY_ROSTER,وديع الحربي,,,منطقة مكة المكرمة,,وزارة الموارد البشرية والتنمية الاجتماعية,,,,,dashboard_bundle_1/الدفعة 4/بيانات الجهات4.xlsx | dashboard_bundle_1/الدفعة 4/المستشار-وديــع الحربي.xlsx,dashboard_bundle_1/الدفعة 4/بيانات الجهات4.xlsx | 4بيانات الجهات!33 || dashboard_bundle_1/الدفعة 4/المستشار-وديــع الحربي.xlsx | جمعية مُعان الاهلية بمكة!2,efe951da5c3277a4f16003c56520186ad579c5ba7c88c44d1202b1f0369523db
LEG-ORG-B4-033,4,وزارة الخارجية,وزارهالخارجيه,,PRIMARY_ROSTER,وديع الحربي,,,منطقة الرياض,,,,,,,dashboard_bundle_1/الدفعة 4/بيانات الجهات4.xlsx | dashboard_bundle_1/الدفعة 4/المستشار-وديــع الحربي.xlsx,dashboard_bundle_1/الدفعة 4/بيانات الجهات4.xlsx | 4بيانات الجهات!34 || dashboard_bundle_1/الدفعة 4/المستشار-وديــع الحربي.xlsx | وزارة الخارجية!2,99d4f2c80163f1dd636186a0d8390ccb3dd3271db850316d754f890501c3d19d
LEG-ORG-B4-034,4,إمارة الجوف,امارهالجوف,,PRIMARY_ROSTER,وديع الحربي,,,الجوف,,,,,,,dashboard_bundle_1/الدفعة 4/بيانات الجهات4.xlsx | dashboard_bundle_1/الدفعة 4/المستشار-وديــع الحربي.xlsx,dashboard_bundle_1/الدفعة 4/بيانات الجهات4.xlsx | 4بيانات الجهات!35 || dashboard_bundle_1/الدفعة 4/المستشار-وديــع الحربي.xlsx | إمارة الجوف!2,47d0b1e07c7893c2875aa1edf2ba2be6d3ac68116ed57c6d9f20bc3d8706e90a
LEG-ORG-B4-035,4,صندوق الشهداء,صندوقالشهداء,,SUPPLEMENTAL_OPERATIONAL,وديع الحربي,,,,,,,,,,dashboard_bundle_1/الدفعة 4/المستشار-وديــع الحربي.xlsx,dashboard_bundle_1/الدفعة 4/المستشار-وديــع الحربي.xlsx | صندوق الشهداء!2,dac75ee249dad49e8174b936240138153a2505951ba05ac73cba31448fa149d1
