current_org_id,current_organization_name,legacy_org_id,legacy_organization_name,legacy_cohort,match_status,match_score,runner_up_score,sequence_score,token_jaccard,token_containment,merge_decision,review_required
ORG-A01-01,جمعية المشي والجري,LEG-ORG-B4-027,جمعية المشي والجري,4,EXACT_NORMALIZED,1.0,0.7143,1.0,1.0,1.0,CROSSWALK_ONLY_NO_RECORD_MERGE,False
ORG-A01-02,مؤسسة الاميرة العنود,LEG-ORG-B4-023,مؤسسة الاميرة العنود,4,EXACT_NORMALIZED,1.0,0.5366,1.0,1.0,1.0,CROSSWALK_ONLY_NO_RECORD_MERGE,False
ORG-A01-03,جمعية ابتسم لخدمات طب الأسنان التطوعية,LEG-ORG-B4-024,جمعية ابتسم لخدمات طب الأسنان التطوعية,4,EXACT_NORMALIZED,1.0,0.7333,1.0,1.0,1.0,CROSSWALK_ONLY_NO_RECORD_MERGE,False
ORG-A01-04,جمعية أطفال طيبة,LEG-ORG-B4-022,جمعية أطفال طيبة,4,EXACT_NORMALIZED,1.0,0.7097,1.0,1.0,1.0,CROSSWALK_ONLY_NO_RECORD_MERGE,False
ORG-A01-05,جمعية ساعد القانونية لخدمة الأرامل والايتام,LEG-ORG-B4-026,جمعية ساعد القانونية لخدمة الأرامل والايتام,4,EXACT_NORMALIZED,1.0,0.597,1.0,1.0,1.0,CROSSWALK_ONLY_NO_RECORD_MERGE,False
ORG-A02-01,جمعية عمارة للعناية بالمساجد بجازان,LEG-ORG-B3-019,جمعية عمارة للعناية بالمساجد بجازان,3,EXACT_NORMALIZED,1.0,0.6552,1.0,1.0,1.0,CROSSWALK_ONLY_NO_RECORD_MERGE,False
ORG-A02-02,جمعية التنمية الأهلية بتبوك شيم,LEG-ORG-B3-020,جمعية التنمية الأهلية بتبوك شيم,3,EXACT_NORMALIZED,1.0,0.8302,1.0,1.0,1.0,CROSSWALK_ONLY_NO_RECORD_MERGE,False
ORG-A02-03,جمعية مواساة لإكرام الموتى بعسير,LEG-ORG-B3-016,جمعية مواساة لإكرام الموتى بعسير,3,EXACT_NORMALIZED,1.0,0.6667,1.0,1.0,1.0,CROSSWALK_ONLY_NO_RECORD_MERGE,False
ORG-A02-04,جمعية الإسكان التنموي بعسير,LEG-ORG-B3-018,جمعية الإسكان التنموي بعسير,3,EXACT_NORMALIZED,1.0,0.8261,1.0,1.0,1.0,CROSSWALK_ONLY_NO_RECORD_MERGE,False
ORG-A02-05,جمعية نُبل الشبابية,LEG-ORG-B3-023,جمعية نُبل الشبابية,3,EXACT_NORMALIZED,1.0,0.875,1.0,1.0,1.0,CROSSWALK_ONLY_NO_RECORD_MERGE,False
ORG-A02-06,جمعية التنمية الأهلية برفحاء,LEG-ORG-B3-021,جمعية التنمية الأهلية برفحاء,3,EXACT_NORMALIZED,1.0,0.898,1.0,1.0,1.0,CROSSWALK_ONLY_NO_RECORD_MERGE,False
ORG-A03-01,جمعية البر لقرى جنوب مكة,LEG-ORG-B3-028,جمعية البر لقرى جنوب مكة,3,EXACT_NORMALIZED,1.0,0.6667,1.0,1.0,1.0,CROSSWALK_ONLY_NO_RECORD_MERGE,False
ORG-A03-02,جمعية التنمية الإيجابية,LEG-ORG-B3-027,جمعية التنمية الإيجابية,3,EXACT_NORMALIZED,1.0,0.7727,1.0,1.0,1.0,CROSSWALK_ONLY_NO_RECORD_MERGE,False
ORG-A03-03,جمعية نماء المكية للسقاية والرفادة,LEG-ORG-B3-025,جمعية نماء المكية للسقاية والرفادة,3,EXACT_NORMALIZED,1.0,0.5763,1.0,1.0,1.0,CROSSWALK_ONLY_NO_RECORD_MERGE,False
ORG-A03-04,جمعية عطاء الاهلية بجدة,LEG-ORG-B3-024,جمعية عطاء الاهلية بجدة,3,EXACT_NORMALIZED,1.0,0.8,1.0,1.0,1.0,CROSSWALK_ONLY_NO_RECORD_MERGE,False
ORG-A03-05,جمعية خبير للمختبرات الطبية,LEG-ORG-B3-029,جمعية خبير للمختبرات الطبية,3,EXACT_NORMALIZED,1.0,0.6667,1.0,1.0,1.0,CROSSWALK_ONLY_NO_RECORD_MERGE,False
ORG-A04-01,جمعية أفق لتطوير العمل الخيري والتطوعي,LEG-ORG-B3-013,جمعية أفق لتطوير العمل الخيري والتطوعي,3,EXACT_NORMALIZED,1.0,0.68,1.0,1.0,1.0,CROSSWALK_ONLY_NO_RECORD_MERGE,False
ORG-A04-02,جمعية افاق الشبابية,LEG-ORG-B3-014,جمعية افاق الشبابية,3,EXACT_NORMALIZED,1.0,0.8485,1.0,1.0,1.0,CROSSWALK_ONLY_NO_RECORD_MERGE,False
ORG-A04-03,جمعية تحفيظ القرآن الكريم بمحايل عسير ( تَعَاهَد),LEG-ORG-B3-012,جمعية تحفيظ القرآن الكريم بمحايل عسير ( تَعَاهَد),3,EXACT_NORMALIZED,1.0,0.7,1.0,1.0,1.0,CROSSWALK_ONLY_NO_RECORD_MERGE,False
ORG-A04-04,جمعية عبق الشبابية,LEG-ORG-B3-011,جمعية عبق الشبابية,3,EXACT_NORMALIZED,1.0,0.875,1.0,1.0,1.0,CROSSWALK_ONLY_NO_RECORD_MERGE,False
ORG-A04-05,اللجنة الوطنية لرعاية السجناء والمفرج عنهم وأسرهم ( بعسير ),LEG-ORG-B3-010,اللجنة الوطنية لرعاية السجناء والمفرج عنهم وأسرهم ( بعسير ),3,EXACT_NORMALIZED,1.0,0.5,1.0,1.0,1.0,CROSSWALK_ONLY_NO_RECORD_MERGE,False
ORG-A05-01,جمعية التنمية الأهلية بالباحر,LEG-ORG-B3-007,جمعية التنمية الأهلية بالباحر,3,EXACT_NORMALIZED,1.0,0.9057,1.0,1.0,1.0,CROSSWALK_ONLY_NO_RECORD_MERGE,False
ORG-A05-02,جمعية الدعوة والارشاد وتوعوية الجاليات بصناعية نجران إشراقة,LEG-ORG-B3-008,جمعية الدعوة والارشاد وتوعوية الجاليات بصناعية نجران إشراقة,3,EXACT_NORMALIZED,1.0,0.7253,1.0,1.0,1.0,CROSSWALK_ONLY_NO_RECORD_MERGE,False
ORG-A05-03,جمعية التنمية الأهلية بالشقيق,LEG-ORG-B3-002,جمعية التنمية الأهلية بالشقيق,3,EXACT_NORMALIZED,1.0,0.8519,1.0,1.0,1.0,CROSSWALK_ONLY_NO_RECORD_MERGE,False
ORG-A05-04,الجمعية الخيرية لتحفيظ القران الكريم بنجران رتل,LEG-ORG-B3-006,الجمعية الخيرية لتحفيظ القران الكريم بنجران رتل,3,EXACT_NORMALIZED,1.0,0.8333,1.0,1.0,1.0,CROSSWALK_ONLY_NO_RECORD_MERGE,False
ORG-A05-05,جمعية البر ايتاء ببيشة,LEG-ORG-B3-003,جمعية البر ايتاء ببيشة,3,EXACT_NORMALIZED,1.0,0.6857,1.0,1.0,1.0,CROSSWALK_ONLY_NO_RECORD_MERGE,False
ORG-A05-06,جمعية البر الخيرية بمحافظة بني حسن,LEG-ORG-B3-005,جمعية البر الخيرية بمحافظة بني حسن,3,EXACT_NORMALIZED,1.0,0.7547,1.0,1.0,1.0,CROSSWALK_ONLY_NO_RECORD_MERGE,False
ORG-A05-07,جمعية التنمية الأهلية بوادي جازان,LEG-ORG-B3-004,جمعية التنمية الأهلية بوادي جازان,3,EXACT_NORMALIZED,1.0,0.8,1.0,1.0,1.0,CROSSWALK_ONLY_NO_RECORD_MERGE,False
ORG-A06-01,جمعية الخدمات الاجتماعية بنمران,LEG-ORG-B4-002,جمعية الخدمات الاجتماعية بنمران,4,EXACT_NORMALIZED,1.0,0.8,1.0,1.0,1.0,CROSSWALK_ONLY_NO_RECORD_MERGE,False
ORG-A06-02,جمعية التنمية الأهلية بأحد المسارحة,LEG-ORG-B4-004,جمعية التنمية الأهلية بأحد المسارحة,4,EXACT_NORMALIZED,1.0,0.8966,1.0,1.0,1.0,CROSSWALK_ONLY_NO_RECORD_MERGE,False
ORG-A06-03,ديوان وزارة الداخلية,LEG-ORG-B4-001,ديوان وزارة الداخلية,4,EXACT_NORMALIZED,1.0,0.6452,1.0,1.0,1.0,CROSSWALK_ONLY_NO_RECORD_MERGE,False
ORG-A06-04,جمعيه جمان التعليمية,LEG-ORG-B4-006,جمعية جمان التعليمية,4,EXACT_NORMALIZED,1.0,0.8333,1.0,1.0,1.0,CROSSWALK_ONLY_NO_RECORD_MERGE,False
ORG-A06-05,جمعية ترميم للتنمية,LEG-ORG-B4-005,جمعية ترميم للتنمية,4,EXACT_NORMALIZED,1.0,0.7059,1.0,1.0,1.0,CROSSWALK_ONLY_NO_RECORD_MERGE,False
ORG-A06-06,جمعية وسم للتصلب المتعدد,LEG-ORG-B4-003,جمعية وسم للتصلب المتعدد,4,EXACT_NORMALIZED,1.0,0.6,1.0,1.0,1.0,CROSSWALK_ONLY_NO_RECORD_MERGE,False
ORG-A06-07,جمعية أصول للمحتوى الدعوي,LEG-ORG-B4-007,جمعية أصول للمحتوى الدعوي,4,EXACT_NORMALIZED,1.0,0.6316,1.0,1.0,1.0,CROSSWALK_ONLY_NO_RECORD_MERGE,False
ORG-A07-01,جمعية سقيا الخيرية,LEG-ORG-B4-010,جمعية سقيا الخيرية,4,EXACT_NORMALIZED,1.0,0.8125,1.0,1.0,1.0,CROSSWALK_ONLY_NO_RECORD_MERGE,False
ORG-A07-02,هيئة تطوير محمية الإمام عبدالعزيز بن محمد الملكية,LEG-ORG-B4-014,هيئة تطوير محمية الإمام عبدالعزيز بن محمد الملكية,4,EXACT_NORMALIZED,1.0,0.5429,1.0,1.0,1.0,CROSSWALK_ONLY_NO_RECORD_MERGE,False
ORG-A07-03,جمعية التنمية الأهلية ببداء,LEG-ORG-B4-011,جمعية التنمية الأهلية ببداء,4,EXACT_NORMALIZED,1.0,0.898,1.0,1.0,1.0,CROSSWALK_ONLY_NO_RECORD_MERGE,False
ORG-A07-04,جمعية البر الخيرية بمركز حقال,LEG-ORG-B4-012,جمعية البر الخيرية بمركز حقال,4,EXACT_NORMALIZED,1.0,0.7755,1.0,1.0,1.0,CROSSWALK_ONLY_NO_RECORD_MERGE,False
ORG-A07-05,جمعية حرف التعليمية,LEG-ORG-B4-013,جمعية حرف التعليمية,4,EXACT_NORMALIZED,1.0,0.8571,1.0,1.0,1.0,CROSSWALK_ONLY_NO_RECORD_MERGE,False
ORG-A07-06,هيئة تطويرمنطقة المدينة المنورة,LEG-ORG-B4-008,هيئة تطويرمنطقة المدينة المنورة,4,EXACT_NORMALIZED,1.0,0.5429,1.0,1.0,1.0,CROSSWALK_ONLY_NO_RECORD_MERGE,False
ORG-A07-07,جمعية مجلس حي اجيال الاجتماعي,LEG-ORG-B4-009,جمعية مجلس حي اجيال الاجتماعي,4,EXACT_NORMALIZED,1.0,0.6538,1.0,1.0,1.0,CROSSWALK_ONLY_NO_RECORD_MERGE,False
ORG-A08-01,جمعية البر الخيرية بالقنفذة,LEG-ORG-B4-018,جمعية البر الخيرية بالقنفذة,4,EXACT_NORMALIZED,1.0,0.7755,1.0,1.0,1.0,CROSSWALK_ONLY_NO_RECORD_MERGE,False
ORG-A08-02,صندوق الشهداء والمصابين والأسرى والمفقودين,LEG-ORG-B4-035,صندوق الشهداء,4,PROBABLE_NAME_VARIANT,0.9064,0.4375,0.48,0.4,1.0,CROSSWALK_ONLY_NO_RECORD_MERGE,True
ORG-A08-03,جمعية مسارات الشبابية,LEG-ORG-B4-020,جمعية مسارات الشبابية,4,EXACT_NORMALIZED,1.0,0.8333,1.0,1.0,1.0,CROSSWALK_ONLY_NO_RECORD_MERGE,False
ORG-A08-04,جمعية كفاءات الأهلية لبناء قدرات الشباب,LEG-ORG-B4-030,جمعية كفاءات الأهلية لبناء قدرات الشباب,4,EXACT_NORMALIZED,1.0,0.6441,1.0,1.0,1.0,CROSSWALK_ONLY_NO_RECORD_MERGE,False
ORG-A08-05,جمعية مُعان الاهلية بمكة,LEG-ORG-B4-032,جمعية مُعان الاهلية بمكة,4,EXACT_NORMALIZED,1.0,0.8,1.0,1.0,1.0,CROSSWALK_ONLY_NO_RECORD_MERGE,False
ORG-A08-06,أمانة المنطقة الشرقية,LEG-ORG-B4-021,أمانة المنطقة الشرقية,4,EXACT_NORMALIZED,1.0,0.5652,1.0,1.0,1.0,CROSSWALK_ONLY_NO_RECORD_MERGE,False
ORG-A08-07,جمعية بلسم الاهلية لمساندة مرضى السرطان,LEG-ORG-B4-031,جمعية بلسم الاهلية لمساندة مرضى السرطان,4,EXACT_NORMALIZED,1.0,0.5902,1.0,1.0,1.0,CROSSWALK_ONLY_NO_RECORD_MERGE,False
ORG-A08-08,وزارة النقل والخدمات اللوجستية,LEG-ORG-B4-028,وزارة النقل والخدمات اللوجستية,4,EXACT_NORMALIZED,1.0,0.56,1.0,1.0,1.0,CROSSWALK_ONLY_NO_RECORD_MERGE,False
ORG-A08-09,جمعية ميراث العلمية,LEG-ORG-B4-017,جمعية ميراث العلمية,4,EXACT_NORMALIZED,1.0,0.8,1.0,1.0,1.0,CROSSWALK_ONLY_NO_RECORD_MERGE,False
ORG-A08-10,التأمينات الاجتماعية,LEG-ORG-B4-015,التأمينات الاجتماعية,4,EXACT_NORMALIZED,1.0,0.6522,1.0,1.0,1.0,CROSSWALK_ONLY_NO_RECORD_MERGE,False
ORG-A08-11,جمعية صدارة,LEG-ORG-B4-029,جمعية صدارة,4,EXACT_NORMALIZED,1.0,0.6667,1.0,1.0,1.0,CROSSWALK_ONLY_NO_RECORD_MERGE,False
ORG-A08-12,إمارة الجوف,LEG-ORG-B4-034,إمارة الجوف,4,EXACT_NORMALIZED,1.0,0.5217,1.0,1.0,1.0,CROSSWALK_ONLY_NO_RECORD_MERGE,False
ORG-A08-13,جمعية مسكن للإسكان التنموي,LEG-ORG-B4-016,جمعية مسكن للإسكان التنموي,4,EXACT_NORMALIZED,1.0,0.8444,1.0,1.0,1.0,CROSSWALK_ONLY_NO_RECORD_MERGE,False
ORG-A08-14,وزارة الخارجية,LEG-ORG-B4-033,وزارة الخارجية,4,EXACT_NORMALIZED,1.0,0.6452,1.0,1.0,1.0,CROSSWALK_ONLY_NO_RECORD_MERGE,False
ORG-A08-15,جمعية رواء للتنمية الأسرية,LEG-ORG-B4-019,جمعية رواء للتنمية الأسرية,4,EXACT_NORMALIZED,1.0,0.7727,1.0,1.0,1.0,CROSSWALK_ONLY_NO_RECORD_MERGE,False
,,LEG-ORG-B1-001,جمعية بنيان للخدمات الاجتماعية,1,LEGACY_ONLY,,,,,,PRESERVE_AS_HISTORICAL,False
,,LEG-ORG-B1-002,جمعية البرهان لخدمة السنة والقرآن,1,LEGACY_ONLY,,,,,,PRESERVE_AS_HISTORICAL,False
,,LEG-ORG-B1-003,جمعية الصم وضعاف السمع وذويهم,1,LEGACY_ONLY,,,,,,PRESERVE_AS_HISTORICAL,False
,,LEG-ORG-B1-004,جمعية أفق للاسكان التنموي,1,LEGACY_ONLY,,,,,,PRESERVE_AS_HISTORICAL,False
,,LEG-ORG-B1-005,الجمعية الخيرية لتيسير الزواج ورعاية الأسرة,1,LEGACY_ONLY,,,,,,PRESERVE_AS_HISTORICAL,False
,,LEG-ORG-B1-006,جمعية التنمية الأهلية بالحزام الذهبي,1,LEGACY_ONLY,,,,,,PRESERVE_AS_HISTORICAL,False
,,LEG-ORG-B1-007,جمعية الجبيل الأهلية,1,LEGACY_ONLY,,,,,,PRESERVE_AS_HISTORICAL,False
,,LEG-ORG-B1-008,جمعية تواصل للتنمية الأهلية بأحياء الجامعيين والنزهة وهجر والفردوس,1,LEGACY_ONLY,,,,,,PRESERVE_AS_HISTORICAL,False
,,LEG-ORG-B1-009,جمعية المعمار,1,LEGACY_ONLY,,,,,,PRESERVE_AS_HISTORICAL,False
,,LEG-ORG-B1-010,الجمعية التكاملية لذوي الإعاقة,1,LEGACY_ONLY,,,,,,PRESERVE_AS_HISTORICAL,False
,,LEG-ORG-B1-011,الجمعية السعودية لاضطراب فرط الحركة (إشراق ),1,LEGACY_ONLY,,,,,,PRESERVE_AS_HISTORICAL,False
,,LEG-ORG-B1-012,جمعية دار السلام لإكرام الموتى,1,LEGACY_ONLY,,,,,,PRESERVE_AS_HISTORICAL,False
,,LEG-ORG-B1-013,المؤسسة الخيرية لرعاية الأيتام - إخاء,1,LEGACY_ONLY,,,,,,PRESERVE_AS_HISTORICAL,False
,,LEG-ORG-B1-014,جمعية المحترفون للبحث والإنقاذ,1,LEGACY_ONLY,,,,,,PRESERVE_AS_HISTORICAL,False
,,LEG-ORG-B1-015,جمعية مكث النسائية للريادة الشبابية,1,LEGACY_ONLY,,,,,,PRESERVE_AS_HISTORICAL,False
,,LEG-ORG-B1-016,جمعية وفاء للخدمات القانونية للمرأة,1,LEGACY_ONLY,,,,,,PRESERVE_AS_HISTORICAL,False
,,LEG-ORG-B1-017,مؤسسة عبدالمنعم الراشد الإنسانية,1,LEGACY_ONLY,,,,,,PRESERVE_AS_HISTORICAL,False
,,LEG-ORG-B1-018,جمعية واعد الشبابية,1,LEGACY_ONLY,,,,,,PRESERVE_AS_HISTORICAL,False
,,LEG-ORG-B1-019,جمعية التنمية الأهلية بالصالحية,1,LEGACY_ONLY,,,,,,PRESERVE_AS_HISTORICAL,False
,,LEG-ORG-B1-020,جمعية العناية بشؤون الموتى إحسان,1,LEGACY_ONLY,,,,,,PRESERVE_AS_HISTORICAL,False
,,LEG-ORG-B1-021,جمعية التنمية الأهلية بالملاحة,1,LEGACY_ONLY,,,,,,PRESERVE_AS_HISTORICAL,False
,,LEG-ORG-B1-022,جمعية سند للمسؤولية الاجتماعية بالأحساء,1,LEGACY_ONLY,,,,,,PRESERVE_AS_HISTORICAL,False
,,LEG-ORG-B1-023,جمعية العمل التطوعي,1,LEGACY_ONLY,,,,,,PRESERVE_AS_HISTORICAL,False
,,LEG-ORG-B1-024,بيت الثقافة بالدمام (مشروع هيئة المكتبات),1,LEGACY_ONLY,,,,,,PRESERVE_AS_HISTORICAL,False
,,LEG-ORG-B2-001,جمعية عروى الخيرية,2,LEGACY_ONLY,,,,,,PRESERVE_AS_HISTORICAL,False
,,LEG-ORG-B2-002,جمعية مكافحة السمنة بمنطقة حائل,2,LEGACY_ONLY,,,,,,PRESERVE_AS_HISTORICAL,False
,,LEG-ORG-B2-003,جمعية ابوة لرعاية الايتام بعنيزة,2,LEGACY_ONLY,,,,,,PRESERVE_AS_HISTORICAL,False
,,LEG-ORG-B2-004,جمعية حوائج لحفظ النعمة,2,LEGACY_ONLY,,,,,,PRESERVE_AS_HISTORICAL,False
,,LEG-ORG-B2-005,جمعية طب القدم والكاحل,2,LEGACY_ONLY,,,,,,PRESERVE_AS_HISTORICAL,False
,,LEG-ORG-B2-006,جمعية البيضاء لدعوة والإرشاد وتوعية الجاليات,2,LEGACY_ONLY,,,,,,PRESERVE_AS_HISTORICAL,False
,,LEG-ORG-B2-007,جمعية الزاد,2,LEGACY_ONLY,,,,,,PRESERVE_AS_HISTORICAL,False
,,LEG-ORG-B2-008,جمعية رؤية التنموية الاهلية النسائية,2,LEGACY_ONLY,,,,,,PRESERVE_AS_HISTORICAL,False
,,LEG-ORG-B2-009,جمعية المتقاعدين بمنطقة القصيم,2,LEGACY_ONLY,,,,,,PRESERVE_AS_HISTORICAL,False
,,LEG-ORG-B2-010,الجمعية السعودية الخيرية للوقاية من السموم,2,LEGACY_ONLY,,,,,,PRESERVE_AS_HISTORICAL,False
,,LEG-ORG-B2-011,أوقاف إثراء المعرفة,2,LEGACY_ONLY,,,,,,PRESERVE_AS_HISTORICAL,False
,,LEG-ORG-B2-012,جمعية اكتشاف وتطوير المواهب (رائد),2,LEGACY_ONLY,,,,,,PRESERVE_AS_HISTORICAL,False
,,LEG-ORG-B2-013,جمعية كبار السن,2,LEGACY_ONLY,,,,,,PRESERVE_AS_HISTORICAL,False
,,LEG-ORG-B2-014,الجمعية الخيرية لتحفيظ القرآن الكريم بمحافظة المذنب,2,LEGACY_ONLY,,,,,,PRESERVE_AS_HISTORICAL,False
,,LEG-ORG-B2-015,الجمعية الخيرية لتحفيظ القران الكريم بمحافظة رماح,2,LEGACY_ONLY,,,,,,PRESERVE_AS_HISTORICAL,False
,,LEG-ORG-B2-016,جمعية أجا النسائية الاهلية,2,LEGACY_ONLY,,,,,,PRESERVE_AS_HISTORICAL,False
,,LEG-ORG-B2-017,جمعية التمور للخدمات الإنسانية,2,LEGACY_ONLY,,,,,,PRESERVE_AS_HISTORICAL,False
,,LEG-ORG-B2-018,جمعية سدير الزراعية,2,LEGACY_ONLY,,,,,,PRESERVE_AS_HISTORICAL,False
,,LEG-ORG-B2-019,جمعية سلال الغذائية,2,LEGACY_ONLY,,,,,,PRESERVE_AS_HISTORICAL,False
,,LEG-ORG-B2-020,جمعية التنمية الأهلية بحرمة,2,LEGACY_ONLY,,,,,,PRESERVE_AS_HISTORICAL,False
,,LEG-ORG-B2-021,جمعية العناية بالمكتبات الخاصة,2,LEGACY_ONLY,,,,,,PRESERVE_AS_HISTORICAL,False
,,LEG-ORG-B2-022,تراحم الرياض,2,LEGACY_ONLY,,,,,,PRESERVE_AS_HISTORICAL,False
,,LEG-ORG-B2-023,جمعية صناعة القدرات الشبابية,2,LEGACY_ONLY,,,,,,PRESERVE_AS_HISTORICAL,False
,,LEG-ORG-B2-024,لجنة تراحم القصيم,2,LEGACY_ONLY,,,,,,PRESERVE_AS_HISTORICAL,False
,,LEG-ORG-B2-025,جمعية وطن طموح,2,LEGACY_ONLY,,,,,,PRESERVE_AS_HISTORICAL,False
,,LEG-ORG-B2-026,جمعية دعم التعليم تعلم,2,LEGACY_ONLY,,,,,,PRESERVE_AS_HISTORICAL,False
,,LEG-ORG-B2-027,جمعية عضيد للخدمات التطوعية,2,LEGACY_ONLY,,,,,,PRESERVE_AS_HISTORICAL,False
,,LEG-ORG-B2-028,جمعية النخب العلمية,2,LEGACY_ONLY,,,,,,PRESERVE_AS_HISTORICAL,False
,,LEG-ORG-B2-029,جمعية ذو النون للرعاية الصحية المنزلية,2,LEGACY_ONLY,,,,,,PRESERVE_AS_HISTORICAL,False
,,LEG-ORG-B2-030,جمعية أخلاقنا لتعزيز القيم,2,LEGACY_ONLY,,,,,,PRESERVE_AS_HISTORICAL,False
,,LEG-ORG-B3-001,مؤسسة منارات الهدى الوقفية,3,LEGACY_ONLY,,,,,,PRESERVE_AS_HISTORICAL,False
,,LEG-ORG-B3-009,جمعية نبتون للتاهيل الطبي,3,LEGACY_ONLY,,,,,,PRESERVE_AS_HISTORICAL,False
,,LEG-ORG-B3-015,جمعية خبرات التعليمة,3,LEGACY_ONLY,,,,,,PRESERVE_AS_HISTORICAL,False
,,LEG-ORG-B3-017,جمعية مرفأ للخدمات الاسرية,3,LEGACY_ONLY,,,,,,PRESERVE_AS_HISTORICAL,False
,,LEG-ORG-B3-022,تحفيظ تبوك,3,LEGACY_ONLY,,,,,,PRESERVE_AS_HISTORICAL,False
,,LEG-ORG-B3-026,جمعية حفظ النعمة,3,LEGACY_ONLY,,,,,,PRESERVE_AS_HISTORICAL,False
,,LEG-ORG-B4-025,جمعية اقرأ التعليمية,4,LEGACY_ONLY,,,,,,PRESERVE_AS_HISTORICAL,False
